project_id,record_id,esco_id,esco_label,rank,confidence,needs_manual_review,pad_occupation,pad_activity,pad_skills,pad_quote,pad_section_id,pad_section_name
P075941,000,7cdeb653-8f3d-4921-832b-b95f9d700a86,electrical transmission system operator,1,0.72,False,Transmission Line Engineer,"Build power system interconnections and the transmission backbone linking Burundi, Rwanda, and Tanzania.","['build power system interconnections', 'link transmission backbone']","The Project will also build important power system interconnections, which will help form the transmission backbone linking Burundi, Rwanda, and Tanzania.",0,
P075941,001,faed05c0-c1d1-4e34-b575-0dea96459e56,construction manager,4,0.86,False,Construction Project Manager (Power),Build important power system interconnections and associated transmission works.,['build power system interconnections'],"The Project will also build important power system interconnections, which will help form the transmission backbone linking Burundi, Rwanda, and Tanzania.",0,
P075941,002,d7d986e1-7333-431b-9719-0c5c6939e360,civil engineer,7,0.86,False,Hydroelectric Plant Civil Engineer,Implement the Power Plant Complex (Component A).,['implement the Power Plant Complex'],The Project includes the Power Plant Complex (Component A) and the associated Transmission lines (Component B).,0,
P075941,003,579254cf-6d69-4889-9000-9c79dc568644,mechanical engineer,9,0.82,False,Hydroelectric Plant Mechanical Engineer,Implement the Power Plant Complex (Component A).,['implement the Power Plant Complex'],The Project includes the Power Plant Complex (Component A) and the associated Transmission lines (Component B).,0,
P075941,004,1ff61522-8947-4c95-b589-cb0e0539a62b,energy systems engineer,4,0.78,False,Power System Planning Engineer,Conduct collaborative planning to promote power interchanges among the Nile Equatorial Lakes countries.,['collaborative planning to promote power interchanges'],Collaborative planning will help promote power interchanges among the NEL countries.,0,
P075941,005,12938d1a-eeb2-4b1e-a22b-f0bebeadfb73,hydroelectric plant operator,1,0.9,False,Hydropower Plant Operator (jointly-managed system),Demonstrate and operate a jointly-managed hydropower generation and transmission system.,"['demonstrate jointly-managed hydropower generation and transmission system', 'operate a jointly-managed hydropower generation and transmission system']",The project is expected to contribute to regional stability and integration by demonstrating the benefits of a jointly-managed hydropower generation and transmission system.,0,
P075941,006,5e5b1b61-1351-4d3b-a293-deb3661715dd,financial controller,2,0.78,False,Project Financial Management Specialist,Manage financing related to Component A: Power Plant Complex (component financed by the Bank).,"['manage financing for the Power Plant Complex', 'implement financing for the component financed by the Bank']","The word ""Project"" in the PAD, where applicable, should also be interpreted to refer to the component financed by the Bank which is component A: ""Power Plant Complex"".",0,
P075941,007,0561328b-875b-4ae2-9ba1-9af9049aef01,procurement category specialist,4,0.62,False,Power Purchase Agreement specialist,Design Power Purchase Agreements (PPAs) to ensure Rusumo Power Company Limited (RPCL) can meet the financial obligations reflected in the planned tariff structure.,"['design Power Purchase Agreements to ensure RPCL meets financial obligations', 'structure tariff-related contractual provisions']",Power purchase agreements (PPAs). The PPA's will be designed to ensure that RPCL will be able to meet the financial obligations reflected in the planned tariff structure.,10,
P075941,008,114e1eff-215e-47df-8e10-45a5b72f8197,renewable energy consultant,1,0.8,False,Carbon credits consultant,Conduct required studies to enable the Project to benefit from a future carbon market and enhance the Project's financial outlook.,"['conduct required studies to qualify for carbon market participation', 'assess emission reduction credentials']","Nevertheless, in order to benefit from a future carbon market, the project developers will conduct the required studies to enhance the Project's financial outlook.",10,
P075941,009,30f3ea93-882a-4525-841c-1d5b4b64076f,financial manager,2,0.78,False,"Financial manager, Rusumo Power Company Limited",Build up a reserve for major rehabilitation costs over five years through the company's capacity charge starting in Year 21 of operations.,"['build-up reserve for major rehabilitation through capacity charges', 'manage timing of reserve accumulation aligned with operations']","Under the Base Case, a reserve for the major rehabilitation costs will be built-up over five years prior to start of the rehabilitation through the company's capacity charge.",10,
P075941,010,5e4d156a-1f05-4b2c-b0f0-5abb82d52ed6,bank account manager,1,0.75,False,Escrow agent / bank custodian,"Operate and supervise a bank escrow account holding banker's guarantees or security deposits equivalent to six months of capacity charges, under supervision of an independent third party.","['operate a bank escrow account for capacity charge guarantees', ""manage banker's guarantees or security deposits""]",Therefore it is recommended that each of the three utilities provide RPCL with a banker's guarantee or a security deposit in a bank escrow account equivalent to six months of capacity charges. The value of the guarantee/deposit will be reviewed annually to account for any expected variations in the capacity charges during the subsequent year. The escrow account would be operated under the supervision of an independent third party.,10,
P075941,011,78db356f-a96a-4456-ab29-2de62e52f830,public finance accountant,10,0.7,False,"Utility finance manager (Regie de Production et de Distribution d'eau et d'elelectricite; Energy, Water and Sanitation Authority; Tanzania Electric Supply Company Limited)","Deposit and maintain an amount equal to six months' capacity charges in an escrow account and provide one-third of the required amount six months prior to the Commercial Operation Date, with periodic replenishments thereafter.","[""deposit and maintain six months' capacity charges in escrow"", 'provide one-third of required escrow amount prior to Commercial Operation Date and replenish periodically']","- (a) The utilities under the Power Purchase Agreement shall each deposit and maintain an amount equal to six months' capacity charges, pursuant to the Power Purchase Agreement in an escrow account with a depository satisfactory to RPCL. Each of the Utilities hall provide one-third of the required amount six (6) months prior the Commercial Operations Date of the Project, and thereafter, provide periodic replenishments for the duration of Power Purchase Agreement;",10,
P075941,012,fdfce14e-992d-4ff4-9f9d-7a353c75654e,corporate lawyer,7,0.86,False,"Corporate legal counsel, Rusumo Power Company Limited",Enforce Power Purchase Agreement remedies including suspension of debt service payments under the Subsidiary Agreement and drawdown from the escrow account to meet operational costs when off-takers default.,"['suspend payments under Subsidiary Agreement when off-takers default', 'execute drawdown from escrow to meet operational costs']","- (b) If at any time the Utilities shall have failed to make a required payment under the Power Purchase Agreement, RPCL shall be entitled to suspend payment(s) of debt service under the Subsidiary Agreement until the Utility(ies) shall have satisfied in full all payments under the Power Purchase Agreement and replenished the escrow account, during which period the RPCL may drawdown the equivalent amounts from the escrow account in order to meet its operational costs.",10,
P075941,013,12938d1a-eeb2-4b1e-a22b-f0bebeadfb73,hydroelectric plant operator,1,0.85,False,Operations and Maintenance engineer (hydroelectric plant),Monitor and demonstrate hydro plant availability and report availability metrics to support monthly capacity charges; support adjustments to capacity charges if availability targets are not achieved.,"['demonstrate hydro plant availability (monitoring and reporting)', 'support adjustment of capacity charges if availability targets not achieved']","Under this arrangement, the tariff will have a monthly capacity charge (in US$) per MW of plant availability. The off-takers will pay this charge as long as RPCL can demonstrate that the hydro plant has an availability factor 97%, or any other level of availability o be agreed upon by the contracting parties, even if the power is not dispatched. The capacity charge will be adjusted if the availability target is not achieved.",10,
P075941,014,86ca306c-ab99-420a-9e2a-aa73c5c4de22,electrical engineer,1,0.72,False,Mechanical and Electrical engineer,Plan and carry out the major rehabilitation of the mechanical and electrical works over an 18-month period starting in Year 26 after Commercial Operation Date to ensure a useful technical life of 50 years.,"['plan major rehabilitation of mechanical and electrical works', 'execute 18-month mechanical and electrical rehabilitation']","The financial and economic analyses presented in this report also consider the need for a major rehabilitation of the mechanical and electrical works over 18 months, starting in Year 26 after the commercial operation date (COD) of the power plant.",10,
P075941,015,7ef064b1-aab8-4818-a468-8f17acbfd995,hydropower technician,6,0.8,False,Operations and Maintenance technician (hydroelectric plant),"Provide ongoing operations and maintenance services and staffing for the Rusumo Power Company Limited to meet operational costs, including staff salaries.","['perform operations and maintenance activities', 'support ongoing staffing and operational cost requirements']","If they do not, RPCL still will have to meet its operations and maintenance costs (including staff salaries), debt service, returns or dividends to shareholders, and all other cash flow requirements.",10,
P075941,016,e12f08fb-4748-4388-9489-b647df60332a,hydropower engineer,1,0.9,False,Hydropower Development Engineer,Develop hydropower resource potential,['develop hydropower resource potential'],The countries in the NEL Region also will need to develop hydropower resource potential.,11,
P075941,017,7cdeb653-8f3d-4921-832b-b95f9d700a86,electrical transmission system operator,4,0.7,False,Transmission Line Engineer,Develop interconnections with support from Africa Development Bank (AfDB) in the Nile Equatorial Lakes sub-region,['develop interconnections with support from Africa Development Bank (AfDB)'],"Through the multiple interconnections being developed with support from the Africa Development Bank (AfDB) in the Nile Equatorial Lakes sub-region, Burundi, Uganda, Rwanda, the Democratic Republic of Congo and Kenya will soon be able to regularly exchange power in response to changing conditions.",11,
P075941,018,58db3ac6-5217-4d46-8a4c-126598be1d13,electric power generation engineer,1,0.82,False,Power Generation Project Developer,Jointly develop low-cost power generation,['develop low-cost power generation'],"In the context of the NBI and the Nile Equatorial Lakes Subsidiary Action Program (NELSAP), the riparian countries have agreed to jointly develop low-cost power generation and regional system interconnections in order to improve productivity and promote economic growth.",11,
P075941,019,7cdeb653-8f3d-4921-832b-b95f9d700a86,electrical transmission system operator,1,0.75,False,Transmission System Planner,Jointly develop regional system interconnections,['develop regional system interconnections'],"In the context of the NBI and the Nile Equatorial Lakes Subsidiary Action Program (NELSAP), the riparian countries have agreed to jointly develop low-cost power generation and regional system interconnections in order to improve productivity and promote economic growth.",11,
P075941,020,7cdeb653-8f3d-4921-832b-b95f9d700a86,electrical transmission system operator,1,0.7,False,Transmission Planning Analyst,Conduct analytical work for a transmission interconnection between Tanzania and Zambia to connect the Eastern Africa Power Pool to the Southern Africa Power Pool,['conduct analytical work for a transmission interconnection between Tanzania and Zambia'],"In addition, NELSAP is conducting the necessary analytical work for a transmission interconnection between Tanzania and Zambia, to connect the Eastern Africa Power Pool to the Southern Africa Power Pool.",11,
P075941,021,b2cede50-82bb-4684-9f11-1930e12ad672,energy engineer,3,0.78,False,Power Sector Planner,Expand energy resources for power generation and increase regional interconnectivity,"['expand energy resources for power generation', 'increase regional interconnectivity']","The challenge that remains is for the NEL countries realize the potential identified in the various studies, expanding energy resources for power generation and increasing regional interconnectivity.",11,
P075941,022,ac37627c-a999-4779-997e-9795cc4f9a3d,power distribution engineer,1,0.86,False,Transmission and Distribution Network Engineer,"Regie de Production et de Distribution d'eau et d'elelectricite's investment requirements for extending, reinforcing and rehabilitating the transmission and distribution networks over the medium term.","['extending transmission and distribution networks', 'reinforcing transmission and distribution networks', 'rehabilitating transmission and distribution networks']","REGIDESO's investment requirements for extending, reinforcing and rehabilitating the transmission and distribution networks over the medium term are considerable.",12,
P075941,023,fddb7bd8-f176-4dc8-9d12-32b6072452c9,electric meter technician,1,0.9,False,Electric Meter Installation Technician,Acquisition and installation of prepayment meters financed by the World Bank under the Projet Multisectoriel Eau et Electricit6 Project and the Projet d'Urgence pour l'Assistance au Secteur Energ6tique Project.,"['acquisition of prepayment meters', 'installation of prepayment meters']","The World Bank is financing the acquisition and installation of 15,000 prepayment meters under the on-going Projet Multisectoriel Eau et Electricit6 Project  (PMIEE)  and another 15,000 prepayment meters  under the  Projet d'Urgence  pour  l'Assistance au  Secteur Energ6tique (PURSE) Project.",12,
P075941,024,cb4f98c8-6b8d-41d8-87eb-a2a2033a3a25,public procurement specialist,2,0.86,False,Procurement Specialist (Metering Equipment),Acquisition of prepayment meters financed by the World Bank under the Projet Multisectoriel Eau et Electricit6 Project and the Projet d'Urgence pour l'Assistance au Secteur Energ6tique Project.,['acquisition of prepayment meters'],"The World Bank is financing the acquisition and installation of 15,000 prepayment meters under the on-going Projet Multisectoriel Eau et Electricit6 Project  (PMIEE)  and another 15,000 prepayment meters  under the  Projet d'Urgence  pour  l'Assistance au  Secteur Energ6tique (PURSE) Project.",12,
P075941,025,4f49df98-98b8-4a9e-98ad-9c5557817eba,strategic planning manager,10,0.7,False,Power Sector Planner,Government of Tanzania is preparing an update of the 2009 Power Sector Master Plan which is expected to be finalized in 2013.,"['preparing update of Power Sector Master Plan', 'finalizing Power Sector Master Plan']","The GoT is currently preparing an update of the 2009 PSMP, which is expected to be finalized in 2013.",12,
P075941,026,7052fd94-f563-46a9-8e2d-cba6c20f3e71,overhead line worker,1,0.65,False,High Voltage Transmission Line Engineer,"Construction of 220 kilovolt transmission interconnections between Kenya, Uganda, Rwanda, Democratic Republic of Congo, Burundi and Tanzania under the Nile Equatorial Lakes Subsidiary Action Program.","['constructing transmission interconnections', 'constructing 220 kilovolt transmission lines']","The Kenya-Tanzania interconnector will allow the country to be linked to the future interconnection between Kenya and Ethiopia, and various interconnections between Kenya, Uganda, Rwanda, Burundi, and Eastern DRC which are expected to be constructed in 2014 under NELSAP program. The study identifies the proposed 220KV transmission interconnections between Kenya, Uganda, Rwanda, DRC, Burundi and Tanzania lines as critical to the region's power trade in the medium term.",12,
P075941,027,7cdeb653-8f3d-4921-832b-b95f9d700a86,electrical transmission system operator,1,0.7,False,Transmission Line Upgrade Engineer,Tanzania Electric Supply Company Limited's enhancement of transmission capacity of the existing north-south Backbone transmission line between Iringa and Shinyanga under the ongoing Backbone Transmission Interconnection Project.,"['enhancing transmission capacity of existing backbone transmission line', 'upgrading backbone transmission line between Iringa and Shinyanga']","Under the ongoing ""Backbone Transmission Interconnection Project"" (funded by IDA, AfDB, JICA, EIB & EDCF Korea), TANESCO's transmission capacity of the existing north-south Backbone transmission line between Iringa and Shinyanga will be significantly enhanced.",12,
P075941,028,,,,,True,Task Team Leader,Be a member of the core implementation-support team.,['be part of the implementation-support team'],"The core implementation-support team will consist of a task team leader (TTL), a power engineer, an environmental safeguard specialist, a social-safeguards specialist, a procurement specialist, and a financial-management specialist.",13,
P075941,029,ac37627c-a999-4779-997e-9795cc4f9a3d,power distribution engineer,1,0.8,False,Power Engineer,Be a member of the core implementation-support team.,['be part of the implementation-support team'],"The core implementation-support team will consist of a task team leader (TTL), a power engineer, an environmental safeguard specialist, a social-safeguards specialist, a procurement specialist, and a financial-management specialist.",13,
P075941,030,4b214899-ed00-4156-b269-a23df0fb1093,environmental protection manager,1,0.88,False,Environmental Safeguard Specialist,Be a member of the core implementation-support team.,['be part of the implementation-support team'],"The core implementation-support team will consist of a task team leader (TTL), a power engineer, an environmental safeguard specialist, a social-safeguards specialist, a procurement specialist, and a financial-management specialist.",13,
P075941,031,d6ef013f-57e9-4100-bbe5-3e4930664dee,social services policy officer,1,0.82,False,Social Safeguards Specialist,Be a member of the core implementation-support team.,['be part of the implementation-support team'],"The core implementation-support team will consist of a task team leader (TTL), a power engineer, an environmental safeguard specialist, a social-safeguards specialist, a procurement specialist, and a financial-management specialist.",13,
P075941,032,0561328b-875b-4ae2-9ba1-9af9049aef01,procurement category specialist,1,0.87,False,Procurement Specialist,Be a member of the core implementation-support team.,['be part of the implementation-support team'],"The core implementation-support team will consist of a task team leader (TTL), a power engineer, an environmental safeguard specialist, a social-safeguards specialist, a procurement specialist, and a financial-management specialist.",13,
P075941,033,30f3ea93-882a-4525-841c-1d5b4b64076f,financial manager,4,0.82,False,Financial Management Specialist,Be a member of the core implementation-support team.,['be part of the implementation-support team'],"The core implementation-support team will consist of a task team leader (TTL), a power engineer, an environmental safeguard specialist, a social-safeguards specialist, a procurement specialist, and a financial-management specialist.",13,
P075941,034,ac37627c-a999-4779-997e-9795cc4f9a3d,power distribution engineer,1,0.8,False,Institutional Specialist in the Electricity Sector,Provide support to the implementation-support team as an institutional specialist in the electricity sector.,['provide support to the implementation-support team'],"This team will receive support from an institutional specialist in the electricity sector, an electromechanical engineer, a civil engineer, a resettlement specialist, a hydropower specialist, a legal advisor, a water resources specialist, a communications specialist, and a monitoring and evaluation (M&E) specialist.",13,
P075941,035,77abfaec-a250-4765-95fa-6091e8da1bba,electromechanical engineer,2,0.9,False,Electromechanical Engineer,Provide support to the implementation-support team as an electromechanical engineer.,['provide support to the implementation-support team'],"This team will receive support from an institutional specialist in the electricity sector, an electromechanical engineer, a civil engineer, a resettlement specialist, a hydropower specialist, a legal advisor, a water resources specialist, a communications specialist, and a monitoring and evaluation (M&E) specialist.",13,
P075941,036,d7d986e1-7333-431b-9719-0c5c6939e360,civil engineer,1,0.9,False,Civil Engineer,Provide support to the implementation-support team as a civil engineer.,['provide support to the implementation-support team'],"This team will receive support from an institutional specialist in the electricity sector, an electromechanical engineer, a civil engineer, a resettlement specialist, a hydropower specialist, a legal advisor, a water resources specialist, a communications specialist, and a monitoring and evaluation (M&E) specialist.",13,
P075941,037,186ef31e-f26f-4320-a307-c5f95d6cb284,consultant social worker,5,0.65,False,Resettlement Specialist,Provide support to the implementation-support team as a resettlement specialist.,['provide support to the implementation-support team'],"This team will receive support from an institutional specialist in the electricity sector, an electromechanical engineer, a civil engineer, a resettlement specialist, a hydropower specialist, a legal advisor, a water resources specialist, a communications specialist, and a monitoring and evaluation (M&E) specialist.",13,
P075941,038,e12f08fb-4748-4388-9489-b647df60332a,hydropower engineer,2,0.88,False,Hydropower Specialist,Provide support to the implementation-support team as a hydropower specialist.,['provide support to the implementation-support team'],"This team will receive support from an institutional specialist in the electricity sector, an electromechanical engineer, a civil engineer, a resettlement specialist, a hydropower specialist, a legal advisor, a water resources specialist, a communications specialist, and a monitoring and evaluation (M&E) specialist.",13,
P075941,039,31854d78-3615-43a4-aa3a-c597ecb20ceb,legal consultant,1,0.9,False,Legal Advisor,Provide support to the implementation-support team as a legal advisor.,['provide support to the implementation-support team'],"This team will receive support from an institutional specialist in the electricity sector, an electromechanical engineer, a civil engineer, a resettlement specialist, a hydropower specialist, a legal advisor, a water resources specialist, a communications specialist, and a monitoring and evaluation (M&E) specialist.",13,
P075941,040,fcf9024e-277c-43c7-8ec8-8903e5c9c576,water engineer,1,0.9,False,Water Resources Specialist,Provide support to the implementation-support team as a water resources specialist.,['provide support to the implementation-support team'],"This team will receive support from an institutional specialist in the electricity sector, an electromechanical engineer, a civil engineer, a resettlement specialist, a hydropower specialist, a legal advisor, a water resources specialist, a communications specialist, and a monitoring and evaluation (M&E) specialist.",13,
P075941,041,cd7b838c-51f6-41ec-9067-bb974c0f991b,communication manager,3,0.82,False,Communications Specialist,Provide support to the implementation-support team as a communications specialist.,['provide support to the implementation-support team'],"This team will receive support from an institutional specialist in the electricity sector, an electromechanical engineer, a civil engineer, a resettlement specialist, a hydropower specialist, a legal advisor, a water resources specialist, a communications specialist, and a monitoring and evaluation (M&E) specialist.",13,
P075941,042,8213b4bc-60ce-4ffc-9e00-9758fb2003c6,monitoring and evaluation officer,1,0.9,False,Monitoring and Evaluation Specialist,Provide support to the implementation-support team as a monitoring and evaluation specialist.,['provide support to the implementation-support team'],"This team will receive support from an institutional specialist in the electricity sector, an electromechanical engineer, a civil engineer, a resettlement specialist, a hydropower specialist, a legal advisor, a water resources specialist, a communications specialist, and a monitoring and evaluation (M&E) specialist.",13,
P075941,043,9e285322-2cfa-430f-9b66-41be57d698e2,public affairs consultant,1,0.82,False,Communications Specialist,"Implement the Project's comprehensive program of communications and consultations to enhance public understanding of the Regional Rusumo Falls Hydroelectric Project's strategic importance to achieving national development objectives in Burundi, Rwanda and Tanzania.","['implement communications and consultations', 'enhance public understanding of project strategic importance']","The Project's comprehensive program of communications and consultations will enhance public understanding of the Project's strategic importance to achieving national development objectives in the beneficiary countries of Burundi, Rwanda and Tanzania.",14,
P075941,044,3d999108-f37a-4087-a936-b2911240b8c2,volunteer manager,1,0.6,False,Stakeholder Engagement Specialist,Capture continuous feedback during project implementation and harness the capacity of Civil Society Organization in monitoring activities.,"['capture feedback during project implementation', 'harness capacity of Civil Society Organization for monitoring activities']","Therefore the Project's communications strategy emphasizes the continuous capturing of feedback during project implementation, harnessing the capacity of civil society in monitoring activities.",14,
P075941,045,c0489e22-6a1b-4e52-974a-eb71bbb42134,public relations officer,1,0.9,False,Public Information Officer,Provide information to the public in formats and languages that can easily be understood and maintain a dialogue with stakeholders.,"['provide information in accessible format and language', 'maintain a dialogue with stakeholders']",The strategy will provide information to the public in a format and language that can easily be understood and maintain a dialogue with stakeholders.,14,
P075941,046,3765a20d-5160-4e8f-82f1-ad7872b9db24,information manager,2,0.82,False,Knowledge Management Specialist,Develop and manage a knowledge-management component to document best practices and share them with stakeholders involved in similar ventures.,"['document best practices', 'share documented best practices with stakeholders']",The strategy will also include a knowledge-management component to document best practices and share them with stakeholders involved in similar ventures.,14,
P075941,047,9e285322-2cfa-430f-9b66-41be57d698e2,public affairs consultant,1,0.86,False,Communications Consultant,Develop a strategic communications component that is adequately funded to support project implementation.,"['develop strategic communications component', 'develop strategic communications component that is adequately funded to support project implementation']","A strategic communications component, adequately funded will be developed to support project implementation.",14,
P075941,048,a74f6c51-37e5-423e-aa5b-044e98663027,web content manager,2,0.88,False,Web Content Manager,"Post all public documents involving the project, including environmental and social impact reports, on a dedicated website in adherence to the Bank's Access to Information Policy.","['post public documents online on a dedicated website', ""adhere to the Bank's Access to Information Policy when disclosing documents""]","The RRFHP will adhere to the Bank's Access to Information Policy, and all public documents involving the project, including environmental and social impact reports, will be posted online on a dedicated website -www.worldbank.org/Rusomo.",14,
P075941,049,cd7b838c-51f6-41ec-9067-bb974c0f991b,communication manager,6,0.8,False,Country-level Communications Officer,"Enforce a strict communication protocol throughout project preparation and ensure country teams in Burundi, Rwanda and Tanzania communicate effectively in real time and adhere to the Bank's guidelines for interacting with media.","['enforce communication protocol throughout project preparation', ""communicate effectively in real time and adhere to the Bank's guidelines for interacting with media""]","The RRFHP task team will enforce a strict communication protocol throughout the project preparation phase leading up to the Board discussion. The high-risk aspects of this project and the immediacy of the news cycle require that country teams in Burundi, Rwanda and Tanzania and Washington based teams communicate effectively in real time and strictly adhere to the Bank's guidelines for interacting with media.",14,
P075941,050,cd7b838c-51f6-41ec-9067-bb974c0f991b,communication manager,4,0.78,False,Crisis Communications Coordinator,Engage key focal points in external offices for crisis communications relating to the project.,"['engage key focal points for crisis communications', 'coordinate crisis communications engagement with external offices']","Crisis communications will engage key focal points in the Bank's offices in London, Paris, and Tokyo.",14,
P075941,051,8213b4bc-60ce-4ffc-9e00-9758fb2003c6,monitoring and evaluation officer,3,0.85,False,Communications Monitoring and Evaluation Specialist,Conduct an annual candid assessment of communications strategy implementation and use the results to inform remedial actions as appropriate.,"['conduct annual assessment of strategy implementation', 'inform remedial actions based on assessment results']","Given the high-profile, high-risk nature of RRFHP, a candid assessment of strategy implementation will be conducted annually, and the results will help to inform remedial actions as appropriate.",14,
P075941,052,9e285322-2cfa-430f-9b66-41be57d698e2,public affairs consultant,1,0.84,False,Public Consultation Specialist,Conduct extensive public consultations as an integral part of the project's assessment.,"['conduct public consultations', 'support project assessment']",The project includes extensive public consultations as an integral part of the assessment.,1,
P075941,053,58db3ac6-5217-4d46-8a4c-126598be1d13,electric power generation engineer,1,0.86,False,Power Systems Planning Engineer,Support national utilities to reduce generation capacity shortages and to alleviate or eliminate reliance on expensive thermal generation.,"['reduce generation capacity shortages', 'alleviate or eliminate reliance on expensive thermal generation', 'support national utilities']",The project will also support the national utilities of the three countries to reduce the generation capacity shortages and ease financial imbalances by alleviating or eliminating reliance on expensive thermal generation.,1,
P075941,054,30f3ea93-882a-4525-841c-1d5b4b64076f,financial manager,3,0.82,False,Utility Financial Management Specialist,Support national utilities to ease financial imbalances.,"['ease financial imbalances', 'support national utilities']",The project will also support the national utilities of the three countries to reduce the generation capacity shortages and ease financial imbalances by alleviating or eliminating reliance on expensive thermal generation.,1,
P075941,055,fb7e2f4f-1545-42f1-972e-94082e49c6dc,building construction worker,1,0.9,False,Construction Worker,Work during the construction phase of project infrastructure.,"['work during the construction phase', 'be employed during construction activities']",The project will directly benefit the population in the project area by providing employment opportunities both during the construction phase and during plant operations over the long term.,1,
P075941,056,72381086-cb6e-455e-a40b-ccb26550aab6,power production plant operator,1,0.9,False,Power Plant Operator,Perform long-term plant operations as part of the project.,"['work during plant operations', 'be employed during plant operations']",The project will directly benefit the population in the project area by providing employment opportunities both during the construction phase and during plant operations over the long term.,1,
P075941,057,d7d986e1-7333-431b-9719-0c5c6939e360,civil engineer,7,0.62,False,Transmission Line Engineer,Implement the construction of transmission lines in the beneficiary countries (specified kilometer lengths).,"['construct transmission lines', 'implement construction of 161 km in Burundi, 119 km in Rwanda and 98.20 km in Tanzania']","(c) The construction of transmission lines in the beneficiary countries as follows: 161 km in Burundi, 119 km in Rwanda and 98.20 km in Tanzania.",1,
P075941,058,7052fd94-f563-46a9-8e2d-cba6c20f3e71,overhead line worker,1,0.9,False,Electric Power Line Installer and Repairer,Install and construct high-voltage transmission lines specified by the project.,"['install transmission lines', 'construct transmission lines']","(c) The construction of transmission lines in the beneficiary countries as follows: 161 km in Burundi, 119 km in Rwanda and 98.20 km in Tanzania.",1,
P075941,059,d7d986e1-7333-431b-9719-0c5c6939e360,civil engineer,2,0.88,False,Civil Engineer,"Construction of the power plant complex civil works including excavation, earth works, tunneling, concrete structures, barrage and gated spillway, intake works and diversion/power canal, surface powerhouse, access roads and construction site facilities.","['perform excavation and earth works', 'design and supervise tunneling and concrete works', 'construct barrage, spillway and intake/diversion canal']","This component comprises all excavation/earth works, tunneling and concrete for the power plant complex structures, including a barrage and gated spillway, intake works and diversion/power canal, surface powerhouse, access roads and construction site facilities such as offices and housing.",2,
P075941,060,7a0afb5e-f118-449a-82bd-d8b9230fd49f,tunnel boring machine operator,1,0.86,False,Tunneling Engineer,Carry out tunneling works for the power plant complex structures.,['perform tunneling for the power plant complex structures'],"This component comprises all excavation/earth works, tunneling and concrete for the power plant complex structures, including a barrage and gated spillway, intake works and diversion/power canal, surface powerhouse, access roads and construction site facilities such as offices and housing.",2,
P075941,061,eedbf8b1-9432-4f42-ab7f-db5cd3eb2a05,excavator operator,5,0.88,False,Excavation Equipment Operator,Perform excavation and earth works for the power plant complex.,['perform excavation and earth works'],"This component comprises all excavation/earth works, tunneling and concrete for the power plant complex structures, including a barrage and gated spillway, intake works and diversion/power canal, surface powerhouse, access roads and construction site facilities such as offices and housing.",2,
P075941,062,20db07fc-cc02-46aa-a4fc-b3c73ba8fa8f,concrete finisher supervisor,1,0.9,False,Concrete Works Supervisor,Supervise and execute concrete works for the power plant complex structures.,['perform concrete works for the power plant complex structures'],"This component comprises all excavation/earth works, tunneling and concrete for the power plant complex structures, including a barrage and gated spillway, intake works and diversion/power canal, surface powerhouse, access roads and construction site facilities such as offices and housing.",2,
P075941,063,7ef064b1-aab8-4818-a468-8f17acbfd995,hydropower technician,1,0.9,False,Hydro-mechanical Installation Technician,"Supply, install, test and commission hydro-mechanical equipment.","['supply hydro-mechanical equipment', 'install hydro-mechanical equipment', 'test and commission hydro-mechanical equipment']","This component will include supply, installation, testing and commissioning of: (i) hydro-mechanical equipment; (ii) turbine-generator sets and auxiliaries; (iii) generation substation; and (iv) power complex control and communications equipment.",2,
P075941,064,7ef064b1-aab8-4818-a468-8f17acbfd995,hydropower technician,2,0.85,False,Turbine Installation Technician,"Supply, install, test and commission turbine-generator sets and auxiliaries.","['supply turbine-generator sets and auxiliaries', 'install turbine-generator sets and auxiliaries', 'test and commission turbine-generator sets and auxiliaries']","This component will include supply, installation, testing and commissioning of: (i) hydro-mechanical equipment; (ii) turbine-generator sets and auxiliaries; (iii) generation substation; and (iv) power complex control and communications equipment.",2,
P075941,065,76abbb82-c103-4d7a-a4c0-14dba4d6199a,commissioning engineer,1,0.9,False,Commissioning Engineer,Test and commission mechanical and electrical systems of the power plant complex.,"['test mechanical and electrical systems', 'commission mechanical and electrical systems']","This component will include supply, installation, testing and commissioning of: (i) hydro-mechanical equipment; (ii) turbine-generator sets and auxiliaries; (iii) generation substation; and (iv) power complex control and communications equipment.",2,
P075941,066,f1b89616-5dfe-40d4-8b02-58a6982b1a01,substation engineer,1,0.9,False,Generation Substation Electrical Engineer,"Supply, install, test and commission the generation substation.","['supply generation substation equipment', 'install generation substation equipment', 'test and commission generation substation']","This component will include supply, installation, testing and commissioning of: (i) hydro-mechanical equipment; (ii) turbine-generator sets and auxiliaries; (iii) generation substation; and (iv) power complex control and communications equipment.",2,
P075941,067,76abbb82-c103-4d7a-a4c0-14dba4d6199a,commissioning engineer,1,0.82,False,Control and Communications Engineer,"Supply, install, test and commission power complex control and communications equipment.","['supply control and communications equipment', 'install control and communications equipment', 'test and commission control and communications equipment']","This component will include supply, installation, testing and commissioning of: (i) hydro-mechanical equipment; (ii) turbine-generator sets and auxiliaries; (iii) generation substation; and (iv) power complex control and communications equipment.",2,
P075941,068,4b214899-ed00-4156-b269-a23df0fb1093,environmental protection manager,1,0.88,False,Environmental and Social Safeguards Specialist,Implement the Environmental and Social Management Plan and coordinate environmental and social mitigation measures.,"['implement the Environmental and Social Management Plan', 'coordinate environmental and social mitigation measures']",This component will finance the Environmental and Social Management Plan (ESMP) and the Resettlement Action Plan (RAP) including cash compensation to approximately Six Hundred Sixty Four (664) project affected households and implementation of the associated Livelihood Restoration Program and the Local Area Development Plan (LADP).,2,
P075941,069,d6ef013f-57e9-4100-bbe5-3e4930664dee,social services policy officer,5,0.65,False,Resettlement Specialist,Implement the Resettlement Action Plan and manage compensation payments to project affected households.,"['implement the Resettlement Action Plan', 'manage cash compensation payments to project affected households']",This component will finance the Environmental and Social Management Plan (ESMP) and the Resettlement Action Plan (RAP) including cash compensation to approximately Six Hundred Sixty Four (664) project affected households and implementation of the associated Livelihood Restoration Program and the Local Area Development Plan (LADP).,2,
P075941,070,35fbb8cd-c044-49a1-850c-010481c99b4a,financial markets back office administrator,1,0.7,False,Cash Compensation Administrator,Administer cash compensation payments to approximately 664 project affected households under the Resettlement Action Plan.,['administer cash compensation payments to project affected households'],This component will finance the Environmental and Social Management Plan (ESMP) and the Resettlement Action Plan (RAP) including cash compensation to approximately Six Hundred Sixty Four (664) project affected households and implementation of the associated Livelihood Restoration Program and the Local Area Development Plan (LADP).,2,
P075941,071,39e9fc8f-02bd-4577-b603-2dc96204ce74,community development officer,1,0.86,False,Livelihood Restoration Program Implementer,Implement the Livelihood Restoration Program and the Local Area Development Plan for affected communities.,"['implement the Livelihood Restoration Program', 'implement the Local Area Development Plan']",This component will finance the Environmental and Social Management Plan (ESMP) and the Resettlement Action Plan (RAP) including cash compensation to approximately Six Hundred Sixty Four (664) project affected households and implementation of the associated Livelihood Restoration Program and the Local Area Development Plan (LADP).,2,
P075941,072,2a914d26-42aa-46b5-acf3-097d51ba4617,construction engineer,3,0.78,False,Owner's Engineer,"Assist the Project entity with overall project management and supervision of procurement, design, construction, interface management and preparation for operation and maintenance and coordinate implementation of the Environmental and Social Management Plan and the Resettlement Action Plan.","['assist with overall project management and supervision of procurement, design and construction', 'manage interface and prepare for operation and maintenance of the power plant complex', 'coordinate implementation of the Environmental and Social Management Plan and the Resettlement Action Plan']","This component will finance an Owner's Engineer to assist the Project entity with: (i) overall project management and supervision of the procurement, design, construction, interface management and preparation for operation and maintenance of the power plant complex; and (ii) coordination of the implementation of the ESMP RAP.",2,
P075941,073,bea99fea-0383-4c63-b944-70d4799de2c5,project manager,2,0.88,False,Project Manager,Support the set-up operations of the Rusumo Power Company Limited and NELSAP Rusumo Project Implementation Unit.,"['support the set-up operations of the Rusumo Power Company Limited', 'support the set-up operations of the NELSAP Rusumo Project Implementation Unit']","This component will also finance staff costs to support the set-up operations of the Rusumo Power Company Limited (RPCL) and NELSAP Rusumo Project Implementation Unit (RPIU) including a project manager, senior engineers (civil, electrical and mechanical), a quantity surveyor, a safeguards team, a procurement specialist, a financial management specialist, accounts and logistics assistant, a communications specialist and other technical staff.",2,
P075941,074,d7d986e1-7333-431b-9719-0c5c6939e360,civil engineer,2,0.86,False,Senior Civil Engineer,Provide senior civil engineering support to the set-up operations of the Rusumo Power Company Limited and the NELSAP Rusumo Project Implementation Unit.,"['support the set-up operations of the Rusumo Power Company Limited', 'support the set-up operations of the NELSAP Rusumo Project Implementation Unit']","This component will also finance staff costs to support the set-up operations of the Rusumo Power Company Limited (RPCL) and NELSAP Rusumo Project Implementation Unit (RPIU) including a project manager, senior engineers (civil, electrical and mechanical), a quantity surveyor, a safeguards team, a procurement specialist, a financial management specialist, accounts and logistics assistant, a communications specialist and other technical staff.",2,
P075941,075,86ca306c-ab99-420a-9e2a-aa73c5c4de22,electrical engineer,2,0.85,False,Senior Electrical Engineer,Provide senior electrical engineering support to the set-up operations of the Rusumo Power Company Limited and the NELSAP Rusumo Project Implementation Unit.,"['support the set-up operations of the Rusumo Power Company Limited', 'support the set-up operations of the NELSAP Rusumo Project Implementation Unit']","This component will also finance staff costs to support the set-up operations of the Rusumo Power Company Limited (RPCL) and NELSAP Rusumo Project Implementation Unit (RPIU) including a project manager, senior engineers (civil, electrical and mechanical), a quantity surveyor, a safeguards team, a procurement specialist, a financial management specialist, accounts and logistics assistant, a communications specialist and other technical staff.",2,
P075941,076,579254cf-6d69-4889-9000-9c79dc568644,mechanical engineer,3,0.85,False,Senior Mechanical Engineer,Provide senior mechanical engineering support to the set-up operations of the Rusumo Power Company Limited and the NELSAP Rusumo Project Implementation Unit.,"['support the set-up operations of the Rusumo Power Company Limited', 'support the set-up operations of the NELSAP Rusumo Project Implementation Unit']","This component will also finance staff costs to support the set-up operations of the Rusumo Power Company Limited (RPCL) and NELSAP Rusumo Project Implementation Unit (RPIU) including a project manager, senior engineers (civil, electrical and mechanical), a quantity surveyor, a safeguards team, a procurement specialist, a financial management specialist, accounts and logistics assistant, a communications specialist and other technical staff.",2,
P075941,077,0cca32c2-9308-4927-adb2-14771ab787f0,quantity surveyor,1,0.9,False,Quantity Surveyor,Provide quantity surveying support to the set-up operations of the Rusumo Power Company Limited and the NELSAP Rusumo Project Implementation Unit.,"['support the set-up operations of the Rusumo Power Company Limited', 'support the set-up operations of the NELSAP Rusumo Project Implementation Unit']","This component will also finance staff costs to support the set-up operations of the Rusumo Power Company Limited (RPCL) and NELSAP Rusumo Project Implementation Unit (RPIU) including a project manager, senior engineers (civil, electrical and mechanical), a quantity surveyor, a safeguards team, a procurement specialist, a financial management specialist, accounts and logistics assistant, a communications specialist and other technical staff.",2,
P075941,078,cb4f98c8-6b8d-41d8-87eb-a2a2033a3a25,public procurement specialist,2,0.88,False,Procurement Specialist,"Support and supervise procurement activities for project design, construction and other contracts.","['support procurement activities', 'supervise procurement for design and construction']","This component will also finance staff costs to support the set-up operations of the Rusumo Power Company Limited (RPCL) and NELSAP Rusumo Project Implementation Unit (RPIU) including a project manager, senior engineers (civil, electrical and mechanical), a quantity surveyor, a safeguards team, a procurement specialist, a financial management specialist, accounts and logistics assistant, a communications specialist and other technical staff.",2,
P075941,079,30f3ea93-882a-4525-841c-1d5b4b64076f,financial manager,2,0.85,False,Financial Management Specialist,Provide financial management support to the set-up operations of the Rusumo Power Company Limited and the NELSAP Rusumo Project Implementation Unit.,['provide financial management support for project set-up operations'],"This component will also finance staff costs to support the set-up operations of the Rusumo Power Company Limited (RPCL) and NELSAP Rusumo Project Implementation Unit (RPIU) including a project manager, senior engineers (civil, electrical and mechanical), a quantity surveyor, a safeguards team, a procurement specialist, a financial management specialist, accounts and logistics assistant, a communications specialist and other technical staff.",2,
P075941,080,c8b296be-54ae-48cf-be21-031fa8457937,supply chain assistant,1,0.75,False,Accounts and Logistics Assistant,Provide accounts and logistics support for the set-up operations of the Rusumo Power Company Limited and the NELSAP Rusumo Project Implementation Unit.,"['provide accounts support', 'provide logistics support']","This component will also finance staff costs to support the set-up operations of the Rusumo Power Company Limited (RPCL) and NELSAP Rusumo Project Implementation Unit (RPIU) including a project manager, senior engineers (civil, electrical and mechanical), a quantity surveyor, a safeguards team, a procurement specialist, a financial management specialist, accounts and logistics assistant, a communications specialist and other technical staff.",2,
P075941,081,cd7b838c-51f6-41ec-9067-bb974c0f991b,communication manager,3,0.82,False,Communications Specialist,Provide communications support for the set-up operations of the Rusumo Power Company Limited and the NELSAP Rusumo Project Implementation Unit and contribute to stakeholder engagement.,"['provide communications support', 'engage with stakeholders and support disclosure']","This component will also finance staff costs to support the set-up operations of the Rusumo Power Company Limited (RPCL) and NELSAP Rusumo Project Implementation Unit (RPIU) including a project manager, senior engineers (civil, electrical and mechanical), a quantity surveyor, a safeguards team, a procurement specialist, a financial management specialist, accounts and logistics assistant, a communications specialist and other technical staff.",2,
P075941,082,1e55f5e3-2f02-434b-997b-9a9f3eb745e8,power lines supervisor,3,0.8,False,Transmission Line Construction Engineer,"Design and supervise construction of transmission lines connecting Rusumo to Gitega, Kigali and Nyakanazi.","['construct transmission lines', 'supervise transmission line construction']","This component will consist of construction of three transmission lines from Rusumo to: (i) Gitega, Burundi (161 km); (ii) Kigali, Rwanda (119 km); and (iii) Nyakanazi, Tanzania (98.2 km).",2,
P075941,083,7052fd94-f563-46a9-8e2d-cba6c20f3e71,overhead line worker,1,0.9,False,Transmission Line Erection Technician,"Erect and install transmission line towers, conductors and associated hardware for the three lines.","['erect transmission line towers and install conductors', 'perform transmission line installation works']","This component will consist of construction of three transmission lines from Rusumo to: (i) Gitega, Burundi (161 km); (ii) Kigali, Rwanda (119 km); and (iii) Nyakanazi, Tanzania (98.2 km).",2,
P075941,084,d8e502b4-1be6-4d10-a224-151688f8f0c8,land surveyor,2,0.9,False,Surveyor,Carry out surveying and routing for transmission lines and power plant civil works.,"['survey routes for transmission lines', 'survey power plant civil works layouts']","This component will consist of construction of three transmission lines from Rusumo to: (i) Gitega, Burundi (161 km); (ii) Kigali, Rwanda (119 km); and (iii) Nyakanazi, Tanzania (98.2 km).",2,
P075941,085,6fc8f605-98b9-4218-b5e2-91c4c9c55c4d,design engineer,1,0.9,False,Design Engineer,Prepare final designs during the 12 months of final designs and related activities at project start-up.,['prepare final designs'],"The project period will be about seven (7) years, from approval and will include: (i) 12 months of final designs, contractor selection, site acquisition and related activities, (ii) 45 months construction period and (iii) 24 months covering the initial defects liability period.",2,
P075941,086,72381086-cb6e-455e-a40b-ccb26550aab6,power production plant operator,1,0.9,False,Operation and Maintenance Specialist,Perform operation and maintenance of the power plant once subcontracted by the Rusumo Power Company Limited to a private sector entity.,"['operate the power plant', 'perform maintenance of the power plant']","The RPCL will own the power plant, and its operation and maintenance will be subcontracted by the RPCL to a competent private sector entity.",2,
P075941,087,bea99fea-0383-4c63-b944-70d4799de2c5,project manager,2,0.9,False,Project Manager (Rusumo Project Implementation Unit),Serve as head of the Rusumo Project Implementation Unit and manage the Unit's day-to-day implementation functions.,"['serve as head of the Rusumo Project Implementation Unit', 'manage day-to-day implementation of project activities']",The RPIU will be staffed with a project manager as head of the Unit.,3,
P075941,088,cb446db8-e8b3-418c-a21c-2d10faea42a5,power plant manager,1,0.8,False,Owner's Engineer,"Provide overall project management and supervision of procurement, design, construction, interface with management, preparation for operation and maintenance of the power plant complex, and coordinate implementation of the Environment and Social Management Plan and Resettlement Action Plan including grievance handling.","['overall project management', 'supervision of the procurement', 'supervision of design', 'supervision of construction', 'interfacing with management', 'preparation for the operation and maintenance of the power plant complex', 'coordination of the implementation of the Environment and Social Management Plan', 'coordinate follow-up activities related to livelihood restoration and community development under the Resettlement Action Plan', 'handling of grievance mechanisms']","The RPIU will be supported by the Owner's Engineer who will be responsible for: (i) overall project management and supervision of the procurement, design, construction, interfacing with management and preparation for the operation and maintenance of the power plant complex; and (ii) coordination of the implementation of the Environmental and Social Management Plan (ESMP) and the follow-up activities related to livelihood restoration, and community development programs under the Resettlement Action Plan (RAP), including handling of grievance mechanisms.",3,
P075941,089,cb446db8-e8b3-418c-a21c-2d10faea42a5,power plant manager,7,0.75,False,Operations and Management contractor,Be appointed to provide operations and maintenance and management services for the power plant complex after construction.,"['provide operations and maintenance of the power plant complex', 'act as a competent private entity delegated by the Rusumo Power Company Limited']","Following the power plant construction period, the RPCL will be responsible for the operations and maintenance of the power plant complex (delegating to a competent private entity).",3,
P075941,090,fcf9024e-277c-43c7-8ec8-8903e5c9c576,water engineer,1,0.9,False,"Water Resources Specialist (member, Water Resources Technical Sub-committee)","Participate in the Water Resources Technical Sub-committee to ensure coordinated water resources management of the Kagera River Basin, ensure compliance with water use rights, provide oversight on water levels and report on water use, quality and quantity.","['ensure coordinated management of water use during post-construction and operation', 'ensure compliance with water use rights', 'provide oversight in maintaining water levels', 'facilitate governmental and inter-governmental actions', 'report water use including water quality and quantity to the Kagera River Basin Management Team']","To ensure coordinated management of the water use during the post-construction a d operation of the Power Plant Complex, a Water Resources Technical Sub-committee will be established to ensure adequate water resources management of the Kagera River Basin. The Water Resources Technical Sub-committee shall be responsible for: (i) ensuring compliance with the water use rights and related aspects; (ii) providing oversight in maintaining water levels to ensure that the natural life, water quality and quantity and the Kagera River Basin-wide surroundings, are not adversely affected by the Project; and (iii) facilitating governmental and inter-governmental actions that may be required, including consistent periodic and accurate reporting to the Kagera River Basin Management Team of the water use, including the water quality and quantity.",3,
P075941,091,4b214899-ed00-4156-b269-a23df0fb1093,environmental protection manager,1,0.85,False,Environmental and Social Safeguards Specialist (Panel member),Provide technical guidance on environmental and social safeguards to the Nile Equatorial Lakes Subsidiary Action Program Coordination Unit during project implementation.,"['provide technical guidance on environmental and social safeguards', 'support the NELSAP Coordination Unit during project implementation']",Two independent panels -one for environmental and social safeguards and another for dam safety -are in place and have provided technical guidance to the NELSAP Coordination Unit during project preparation. This guidance will continue during project implementation.,3,
P075941,092,a1273779-d2d4-4708-a406-62f7cdd26aab,health and safety engineer,1,0.8,False,Dam Safety Specialist (Panel member),Provide technical guidance on dam safety to the Nile Equatorial Lakes Subsidiary Action Program Coordination Unit during project implementation.,"['provide technical guidance on dam safety', 'support the NELSAP Coordination Unit during project implementation']",Two independent panels -one for environmental and social safeguards and another for dam safety -are in place and have provided technical guidance to the NELSAP Coordination Unit during project preparation. This guidance will continue during project implementation.,3,
P075941,093,8213b4bc-60ce-4ffc-9e00-9758fb2003c6,monitoring and evaluation officer,1,0.9,False,Monitoring and Evaluation Specialist (Rusumo Project Implementation Unit),"Carry out results monitoring and evaluation, including monitoring construction and commissioning progress, transmission line works, implementation of the Environment and Social Management Plan and Resettlement Action Plan, and data collection.","['results monitoring and evaluation', 'monitor timely and efficient construction and commissioning of the power plant complex and transmission lines', 'monitor effective implementation of the Environment and Social Management Plan', 'monitor implementation of the Resettlement Action Plan', 'data collection']","The RPIU will be responsible for results monitoring and evaluation. Activities to be monitored include the timely and efficient construction and commissioning of the power plant complex, the transmission lines, and effective implementation of the ESMP and RAP. Data collection will also be the responsibility of the RPIU.",3,
P075941,094,9581c837-fee7-4068-9618-1116fd93d723,engineering assistant,1,0.85,False,Technical Staff (Rusumo Project Implementation Unit),Provide technical support within the Rusumo Project Implementation Unit drawing on experience in the implementation of similar projects.,"['experience in the implementation of similar projects', 'provide technical support for project implementation arrangements']",The implementation arrangements will utilize NELSAP's well-established fiduciary capacity and the RPIU will be staffed with adequate technical staff with experience in the implementation of similar projects.,3,
P075941,095,a005f8a2-2d8a-433e-8d89-13575f822fd4,energy manager,3,0.65,False,Commissioner for Energy (Ministry of Energy) [Project Steering Committee member],Serve on the Project Steering Committee to provide oversight of the Rusumo Project Implementation Unit and ensure timely and quality project implementation.,"['provide an oversight function over the Rusumo Project Implementation Unit', 'ensure timely and quality project implementation']","To continue with this oversight role, there will be a Project Steering Committee (PSC) to oversee the functions of the RPIU, charged with the responsibility of ensuring timely and quality project implementation. The PSC will report to the owners of the power plant complex. The PSC will provide an oversight function and shall be comprised of an official from the Ministry of Energy (at the level of Commissioner for energy) and the utility (at least at the level of head of the generation department) from each of the respective beneficiary countries.",3,
P075941,096,cb446db8-e8b3-418c-a21c-2d10faea42a5,power plant manager,3,0.65,False,Head of Generation Department (National Utility) [Project Steering Committee member],"Serve on the Project Steering Committee representing the national utility to provide oversight, and cross-coordination support to the Rusumo Project Implementation Unit, and be regularly informed of project progress.","['provide an oversight function over the Rusumo Project Implementation Unit', 'provide cross coordination support', 'be regularly informed of project progress through periodic reporting']","To continue with this oversight role, there will be a Project Steering Committee (PSC) to oversee the functions of the RPIU, charged with the responsibility of ensuring timely and quality project implementation. The PSC will report to the owners of the power plant complex. The PSC will provide an oversight function and shall be comprised of an official from the Ministry of Energy (at the level of Commissioner for energy) and the utility (at least at the level of head of the generation department) from each of the respective beneficiary countries.",3,
P075941,097,f33a70bd-c5b6-495d-8e0c-5e2c6e56d93e,power plant control room operator,1,0.88,False,Power Plant Operator,"Operate the power plant under contract, enforce the Power Purchase Agreement (PPA) obligations, and provide expertise to ensure safe and reliable dam operations.","['operate the power plant', 'enforce the Power Purchase Agreement (PPA) obligations', 'ensure safe and reliable dam operations']","The Power Plant operations will be contracted out to a competitivelyselected private operator, and this operator will receive the delegated authority to enforce the PPA obligations. The operator will also provide the necessary expertise to ensure safe and reliable dam operations.",4,
P075941,098,bea99fea-0383-4c63-b944-70d4799de2c5,project manager,1,0.9,False,Project Manager (Rusumo Project Implementation Unit),Manage and coordinate all project activities on behalf of the Rusumo Power Company Limited.,"['manage all activities', 'coordinate all activities']","To mitigate these risks, the Rusumo RPIU at NELSAP will manage and coordinate all the activities on behalf of the RPCL.",4,
P075941,099,cb446db8-e8b3-418c-a21c-2d10faea42a5,power plant manager,3,0.8,False,Owner's Engineer,"Support the Rusumo Project Implementation Unit and be responsible for overall project management and supervision of procurement, design, construction and preparation for operation and maintenance of the power plant complex and transmission lines; and coordinate implementation of the Environmental and Social Management Plan and the Resettlement Action Plan.","['overall project management', 'supervision of procurement', 'supervision of design', 'supervision of construction', 'preparation for operation and maintenance', 'coordinate implementation of the Environmental and Social Management Plan (ESMP) and the Resettlement Action Plan (RAP)']","The RPIU will be supported by the Owner's Engineer and will be responsible for: (i) overall project management and supervision of the procurement, design, construction and preparation for operation and maintenance of the power plant complex and transmission lines; and (ii) coordination of the implementation of the Environmental and Social Management Plan (ESMP) and the Resettlement Action Plan (RAP).",4,
P075941,100,cb4f98c8-6b8d-41d8-87eb-a2a2033a3a25,public procurement specialist,1,0.88,False,Procurement Specialist,Supervise procurement for the power plant complex and transmission lines.,['supervision of procurement'],"The RPIU will be supported by the Owner's Engineer and will be responsible for: (i) overall project management and supervision of the procurement, design, construction and preparation for operation and maintenance of the power plant complex and transmission lines; and (ii) coordination of the implementation of the Environmental and Social Management Plan (ESMP) and the Resettlement Action Plan (RAP).",4,
P075941,101,58db3ac6-5217-4d46-8a4c-126598be1d13,electric power generation engineer,2,0.85,False,Design Engineer,Supervise design of the power plant complex and transmission lines.,['supervision of design'],"The RPIU will be supported by the Owner's Engineer and will be responsible for: (i) overall project management and supervision of the procurement, design, construction and preparation for operation and maintenance of the power plant complex and transmission lines; and (ii) coordination of the implementation of the Environmental and Social Management Plan (ESMP) and the Resettlement Action Plan (RAP).",4,
P075941,102,faed05c0-c1d1-4e34-b575-0dea96459e56,construction manager,9,0.88,False,Construction Manager,Supervise construction of the power plant complex and transmission lines.,['supervision of construction'],"The RPIU will be supported by the Owner's Engineer and will be responsible for: (i) overall project management and supervision of the procurement, design, construction and preparation for operation and maintenance of the power plant complex and transmission lines; and (ii) coordination of the implementation of the Environmental and Social Management Plan (ESMP) and the Resettlement Action Plan (RAP).",4,
P075941,103,f33a70bd-c5b6-495d-8e0c-5e2c6e56d93e,power plant control room operator,1,0.85,False,Operation and Maintenance Specialist,Prepare for operation and maintenance of the power plant complex and transmission lines.,['preparation for operation and maintenance'],"The RPIU will be supported by the Owner's Engineer and will be responsible for: (i) overall project management and supervision of the procurement, design, construction and preparation for operation and maintenance of the power plant complex and transmission lines; and (ii) coordination of the implementation of the Environmental and Social Management Plan (ESMP) and the Resettlement Action Plan (RAP).",4,
P075941,104,4b214899-ed00-4156-b269-a23df0fb1093,environmental protection manager,1,0.88,False,Environmental Specialist,Coordinate implementation of the Environmental and Social Management Plan (ESMP).,['coordinate implementation of the Environmental and Social Management Plan (ESMP)'],"The RPIU will be supported by the Owner's Engineer and will be responsible for: (i) overall project management and supervision of the procurement, design, construction and preparation for operation and maintenance of the power plant complex and transmission lines; and (ii) coordination of the implementation of the Environmental and Social Management Plan (ESMP) and the Resettlement Action Plan (RAP).",4,
P075941,105,186ef31e-f26f-4320-a307-c5f95d6cb284,consultant social worker,8,0.65,False,Resettlement Specialist,Coordinate implementation of the Resettlement Action Plan (RAP).,['coordinate implementation of the Resettlement Action Plan (RAP)'],"The RPIU will be supported by the Owner's Engineer and will be responsible for: (i) overall project management and supervision of the procurement, design, construction and preparation for operation and maintenance of the power plant complex and transmission lines; and (ii) coordination of the implementation of the Environmental and Social Management Plan (ESMP) and the Resettlement Action Plan (RAP).",4,
P075941,106,57e87533-e523-4ee5-bf21-94a39fcc279b,health safety and environmental manager,3,0.85,False,Environmental and Social Safeguards Auditor,Conduct regular third party technical audits of safeguards measures to ensure compliance with safeguard policies.,"['conduct third party technical audits of safeguards measures', 'ensure compliance with safeguard policies']",A regular third party technical audit of safeguards measures will also ensure compliance with safeguard policies.,4,
P075941,107,1bdb7d70-1769-4338-aa90-d25a90fe8a6d,geological engineer,1,0.9,False,Geotechnical Engineer,Prepare a Geotechnical Baseline Report (GBR) to take into account additional costs relating to unforeseen ground conditions.,"['prepare Geotechnical Baseline Report (GBR)', 'assess unforeseen ground conditions']","In order to manage this risk, a Geotechnical Baseline Report (GBR) will be prepared to adequately take into account any additional costs relating to unforeseen ground conditions.",4,
P075941,108,cd7b838c-51f6-41ec-9067-bb974c0f991b,communication manager,6,0.8,False,Communication Specialist,Provide capacity support to the Rusumo Project Implementation Unit on communication aspects to increase implementation capacity and improve coordination.,"['provide communication capacity support', 'improve coordination']","Planned additional capacity support to the RPIU on technical, environmental, social and communication aspects will also help to increase capacity to implement the project and improve coordination.",4,
P075941,109,9581c837-fee7-4068-9618-1116fd93d723,engineering assistant,1,0.82,False,Technical Specialist,Provide technical capacity support to the Rusumo Project Implementation Unit to increase capacity to implement the project and improve coordination.,"['provide technical capacity support', 'improve coordination']","Planned additional capacity support to the RPIU on technical, environmental, social and communication aspects will also help to increase capacity to implement the project and improve coordination.",4,
P075941,110,1bdb7d70-1769-4338-aa90-d25a90fe8a6d,geological engineer,2,0.85,False,Geotechnical Engineer,Conduct additional geotechnical investigation during tendering for design.,['conduct geotechnical investigation during tendering for design'],"To further enhance the assessments and reduce risks associated with price escalations during construction, an additional geotechnical investigation will take place in tendering for design.",5,
P075941,111,c6196b21-20f9-4608-83fb-6f143afc740d,geologist,1,0.9,False,Geologist,Prepare geological baseline reports and provide them to the prospective bidder's contractor.,['prepare geological baseline reports'],"Also, geological baseline reports will be prepared and provided to the prospective bidder's contractor.",5,
P075941,112,326027fc-5408-47cd-9b32-fbe770dbbe80,construction quality manager,1,0.9,False,Construction Supervision and Quality Assurance Engineer,Prepare and implement a detailed plan for Construction Supervision and Quality Assurance.,['prepare detailed plan for Construction Supervision and Quality Assurance'],"There will be a detailed plan for the Construction Supervision and Quality Assurance, in addition to detailed instrumentation and monitoring system.",5,
P075941,113,e6800524-eec2-4c33-af0e-6f36d1d679bc,instrumentation engineer,1,0.9,False,Instrumentation and Monitoring Specialist,Provide and manage detailed instrumentation and monitoring system for construction works.,['implement detailed instrumentation and monitoring system'],"There will be a detailed plan for the Construction Supervision and Quality Assurance, in addition to detailed instrumentation and monitoring system.",5,
P075941,114,,,,,True,Sediment Transport Specialist,Conduct additional bed load measurements during detailed design to assess potential larger particles that might damage turbines.,['conduct bed load measurements during detailed design'],Additional bed load measurements are proposed to be conducted during the detailed design to determine the potential presence of larger particles that might damage the turbines by means of abrasion or impact.,5,
P075941,115,4b214899-ed00-4156-b269-a23df0fb1093,environmental protection manager,1,0.9,False,Environmental and Social Management Specialist,Prepare and implement the Environment and Social Management Plan (ESMP).,"['prepare Environment and Social Management Plan (ESMP)', 'implement Environment and Social Management Plan (ESMP)']","In addition, the contractor will be required to prepare and implement a detailed environmental and social management plan (ESMP).",5,
P075941,116,4b214899-ed00-4156-b269-a23df0fb1093,environmental protection manager,1,0.88,False,Environmental and Social Safeguards Specialist at the Rusumo Project Implementation Unit,"Establish an Environmental and Social Management Unit (ESMU) within the Rusumo Project Implementation Unit (RPIU) and ensure implementation of the Environment and Social Management Plan (ESMP), Resettlement Action Plan (RAP) and Local Area Development Plan (LADP).","['ensure Environment and Social Management Plan (ESMP) implementation', 'implement Resettlement Action Plan (RAP)', 'implement Local Area Development Plan (LADP)']",The overall responsibility for ESMP implementation will be with the RPIU which will establish an Environmental and Social Management Unit (ESMU) reporting to the RPIU Manager and ensuring ESMP implementation as well as implementation of RAP and LADP.,5,
P075941,117,91f93dc4-1b71-4053-b6fb-c579ec19303a,procurement department manager,2,0.8,False,Procurement Specialist at the Nile Equatorial Lakes Subsidiary Action Program Coordination Unit,Prepare the Procurement Manual defining procurement processing and oversight structures for the project.,"['prepare Procurement Manual', 'define procurement processing and oversight structures']","The Procurement processing and structures to provide oversight for the procurement function will be defined in the Procurement Manual, to be prepared by NELSAP CU.",5,
P075941,118,c9b2b0a7-0adc-4ca7-bf7c-dc95e18aeac7,procurement support officer,1,0.9,False,Procurement Officer at the Rusumo Project,Support procurement functions for the Rusumo Project through new local hires.,['support procurement functions'],New staff will be hired for the Rusumo Project to support procurement functions.,5,
P075941,119,7052fd94-f563-46a9-8e2d-cba6c20f3e71,overhead line worker,1,0.9,False,Transmission Line Tower Erection Technician,Erect steel lattice towers along the transmission line right-of-way on concrete foundations.,['erect steel lattice towers on concrete foundations'],"The T-lines' 30 meter  wide right of  way  corridor will  occupy an area  of 1115.7 ha,  on which 1,041 steel lattice towers  will be  erected (293 in  Burundi, 334 in  Rwanda, and  414 in  Tanzania) with  height 2 of 37.5 -49.5  meters, on  concrete foundations typically 2.5 x 2.5 meters (6.25 m  area).",5,
P075941,120,f1b89616-5dfe-40d4-8b02-58a6982b1a01,substation engineer,1,0.9,False,Substation Construction Engineer,Erect a new 220 kilovolt Rusumo Falls substation and build or expand substations of about 2.3 hectares where the transmission lines will end.,"['erect 220 kilovolt substations', 'build or expand substations requiring about 2.3 hectares']","In  addition, a  new 220 kV Rusumo  Falls substation will be  erected in  Rwanda  from  which  the  T-lines will originate, and  sub-stations will be  built or  expanded  requiring area  of  about 2.3 ha  each  where the  T-lines will end (at Gitega  in Burundi,  Bugesera  in  Rwanda, and  Nyakanazi  in  Tanzania)",5,
P075941,121,aad7819e-d62e-41de-a594-9f2be186a6c2,transport engineer,2,0.85,False,Access Roads Construction Engineer,Build access roads and tracks for construction and maintenance of the transmission lines.,['build access roads and tracks for construction and maintenance of the transmission lines'],"In addition, access  roads  and tracks of  yet  to be determined  length will  be built for construction and  maintenance  of the  T-lines.",5,
P075941,122,0ba06640-e0ac-4911-9e43-289a8e41651e,corporate trainer,1,0.85,False,Financial Literacy Trainer,Provide financial training as part of the livelihood restoration program for sustainable utilization of cash compensation.,['provide financial training for the sustainable utilization of cash compensation'],"In addition all affected households will be entitled to participate in a livelihood restoration program which will include financial training for the sustainable utilization of cash compensation, agricultural training for intensification of production and business skill training.",5,
P075941,123,91ba2935-f5c9-426d-8573-997b8b91e5ed,"agriculture, forestry and fishery vocational teacher",3,0.88,False,Agricultural Extension Trainer,Provide agricultural training aimed at intensification of production as part of the livelihood restoration program.,['provide agricultural training for intensification of production'],"In addition all affected households will be entitled to participate in a livelihood restoration program which will include financial training for the sustainable utilization of cash compensation, agricultural training for intensification of production and business skill training.",5,
P075941,124,0ba06640-e0ac-4911-9e43-289a8e41651e,corporate trainer,1,0.88,False,Business Skills Trainer,Provide business skills training as part of the livelihood restoration program.,['provide business skill training'],"In addition all affected households will be entitled to participate in a livelihood restoration program which will include financial training for the sustainable utilization of cash compensation, agricultural training for intensification of production and business skill training.",5,
P075941,125,203ea2ee-bbee-4aaf-83d7-2f2225f916e3,archaeologist,1,0.9,False,Archaeologist,"Include and implement procedures for chance finds during earthworks and civil works (handling of sacred and burial sites, archaeological artifacts).",['handle chance finds including sacred and burial sites and archeological artifacts'],"However, the contract  for earthworks  and  civil  works  for  the  project  will  include  procedures  for  chance  finds  (e.g. handling  of  sacred  and  burial  sites,  archeological  artifacts,  etc).",5,
P075941,126,9e285322-2cfa-430f-9b66-41be57d698e2,public affairs consultant,1,0.88,False,Public Consultation and Disclosure Specialist,Prepare a Public Consultation and Disclosure Plan (PCDP) to guide consultations during implementation.,['prepare Public Consultation and Disclosure Plan (PCDP)'],"For consultations during implementation, a Public  Consultation Disclosure Plan  (PCDP)  will be  prepared.",5,
P075941,127,e12f08fb-4748-4388-9489-b647df60332a,hydropower engineer,1,0.9,False,Hydropower Construction Engineer,"construct a run-of-river hydropower facility including power generation facilities, intake, headrace tunnel, surge shaft/chamber, powerhouse and tailrace channel","['construct run-of-river hydropower facility', 'install power generation facilities, intake, headrace tunnel, surge shaft/chamber, powerhouse and tailrace channel']","The project will construct : (i)  a run-of-river hydropower  facility with  envisaged installed capacity of 80 MW consisting of the  power station and  hydraulic infrastructure (power  generation facilities, intake, headrace  tunnel, surge  shaft/chamber, powerhouse and tailrace channel) and (ii) transmission facilities connecting the  hydroelectric power plant  of  Rusumo Falls  to the national grids  of  Rwanda and Burundi,  and supply electricity to  the  western  provinces of Tanzania, which are  currently not  connected to  the country's national grid.",7,
P075941,128,c89afd9a-7dad-4bae-9315-5fcadd9ad8b6,electricity distribution technician,1,0.9,False,Transmission Line Installation Technician,connect transmission lines from the transformers to the substation and link the powerhouse to the national grids,"['connect transmission lines from transformers to substation', 'install and string transmission conductors to link powerhouse to national grids']",The transmission lines from  the transformers will  connect the  powerhouse  to  the substation.,7,
P075941,129,1f2b8092-1787-4ef4-9282-cf81ce4b4d76,mobile crane operator,1,0.92,False,Mobile Crane Operator,operate a mobile crane to install and remove stoplogs and assist with intake gate handling,"['extend crane outriggers', 'install and remove stoplogs from the deck using a mobile crane']","A mobile crane  will be  able to extend its outriggers to  install and remove the  stoplogs, as  required, from  the  deck.",7,
P075941,130,b05f53db-b6b0-49bc-aa0c-1790c8c7012b,rigger,1,0.9,False,Rigger,rig and handle stoplogs and other heavy components for installation/removal by mobile crane to service intake gates,"['install and remove stop logs using a mobile crane', 'rig stop logs to service intake gates']","The stop logs, of the downstream-seal type, will  be used  to service the  intake gates. The stop logs  will  be  installed and removed by a mobile  crane and  will be stored nearby  for  easy  access.",7,
P075941,131,d7d986e1-7333-431b-9719-0c5c6939e360,civil engineer,8,0.8,False,Rusumo Project Implementation Unit Engineer,"conduct a detailed assessment and design modifications, including river diversion arrangements, in close coordination with Government of Tanzania, Government of Rwanda and Japanese International Cooperation Agency to ensure project implementation","['conduct detailed assessment', 'design modifications including river diversion arrangements', 'coordinate with Government of Tanzania, Government of Rwanda and Japanese International Cooperation Agency']","The Rusumo PIU and  Owner's  Engineer will conduct  a  detailed assessment and  design  modifications, such as  river diversion arrangements, as  required, in  close  coordination with  GoT, GoR  and JICA to  ensure smooth implementation of the  Rusumo  Falls hydropower  project.",7,
P075941,132,d7d986e1-7333-431b-9719-0c5c6939e360,civil engineer,7,0.8,False,Owner's Engineer,"conduct a detailed assessment and design modifications, including river diversion arrangements, in close coordination with Government of Tanzania, Government of Rwanda and Japanese International Cooperation Agency to ensure project implementation","['conduct detailed assessment', 'design modifications including river diversion arrangements', 'coordinate with Government of Tanzania, Government of Rwanda and Japanese International Cooperation Agency']","The Rusumo PIU and  Owner's  Engineer will conduct  a  detailed assessment and  design  modifications, such as  river diversion arrangements, as  required, in  close  coordination with  GoT, GoR  and JICA to  ensure smooth implementation of the  Rusumo  Falls hydropower  project.",7,
P075941,133,d7d986e1-7333-431b-9719-0c5c6939e360,civil engineer,1,0.88,False,Civil Design Engineer (Diversion Works),finalize the design of the temporary river diversion works (open-cut canal) required during construction,['finalize design of diversion works'],The contractor will  finalize the  design  of diversion works.,7,
P075941,134,4cdfac8c-b000-4279-985e-31bc1fbe2447,underground miner,1,0.7,False,Tunnel Excavation Specialist,excavate the headrace tunnel by top heading followed by benching through sound-to-slightly-weathered quartzophyllite,['excavate headrace tunnel by top heading followed by benching'],"The headrace tunnel will be of an ""inverted D shape"" to allow  excavation of  the  sound-to-slightly-weathered quartzophyllites by top heading  followed by benching.",7,
P075941,135,a9068f84-cecd-4cbb-9acb-e20c714435ec,concrete finisher,1,0.9,False,Concrete Finisher (Tunnel Works),perform concreting of the tunnel invert in areas where larger faults are encountered,['concreting of the invert in areas of larger faults'],It  is  anticipated that concreting of  the  invert will also be  required in  areas of  larger faults.,7,
P075941,136,364e61ab-1631-4fe1-a170-e88797aad6f9,driller,3,0.85,False,Geotechnical Drilling Technician,excavate several inclined boreholes in the rock mass at the top of the powerhouse to characterize fault location and nature during detailed design,"['excavate inclined boreholes', 'characterize location and nature of faults from borehole data']","During the detailed design  of the  powerhouse,  several inclined boreholes will be excavated  in  the rock mass at  the top of  the powerhouse in  order  to characterize the location and nature  of  the fault.",7,
P075941,137,7ef064b1-aab8-4818-a468-8f17acbfd995,hydropower technician,1,0.9,False,Hydropower Mechanical Installation Technician,"install turbines, generators and fit butterfly valves ahead of the spiral cases in each turbine unit","['install turbines and generators', 'fit butterfly valves ahead of spiral cases']","The powerhouse will  contain three  turbines (Kaplan  units) and three generators with  a  total maximum  capacity of  80MW. The rated flow  of each  turbine will be 119m 3 s-' for  a  total of 357m 3 S-. Ahead of  the  spiral cases, each  unit will be  fitted with  a  butterfly valve.",7,
P075941,138,f1b89616-5dfe-40d4-8b02-58a6982b1a01,substation engineer,1,0.9,False,Substation Construction Engineer,construct a 220-kilovolt outdoor substation to enable the power station to relay power to the national grids of beneficiary countries,"['construct 220-kilovolt outdoor substation', 'install substation equipment to relay power to national grids']",A 220-KV  outdoor substation will provide  the  means by which the power station will relay its power to  the national grids of  the beneficiary countries.,7,
P075941,139,eedbf8b1-9432-4f42-ab7f-db5cd3eb2a05,excavator operator,1,0.9,False,Excavator Operator,excavate material required for rockfill at the diversion channel for use in road construction and embankments,"['excavate material for rockfill at diversion channel', 'handle excavation spoil for use in road construction or disposal']",The  material required  for  rockfill will  be excavated  at  the diversion channel.,7,
P075941,140,1de948c1-192a-4810-afb7-48548217a912,production plant crane operator,4,0.7,False,Hoist Operator,"operate the hoist located at deck level to raise and lower intake gates during dewatering, filling and inspections","['raise and lower the intake gates using the deck-level hoist', 'operate hoist during dewatering, filling and inspections']","A hoist located at the deck level, inside a protective housing, will raise and lower  the  intake gates.",7,
P075941,141,aad7819e-d62e-41de-a594-9f2be186a6c2,transport engineer,1,0.85,False,Road Construction Engineer,implement major changes to road configuration on both sides of the river associated with the project,['reconfigure road alignment and construct new roadway segments'],The project will involve major  changes  to the  road  configuration on  both  sides of the  river and  construction of  new customs  and immigration facilities.,7,
P075941,142,2a914d26-42aa-46b5-acf3-097d51ba4617,construction engineer,1,0.88,False,Building Construction Engineer,construct new customs and immigration facilities as part of project works,['construct customs and immigration facilities'],The project will involve major  changes  to the  road  configuration on  both  sides of the  river and  construction of  new customs  and immigration facilities.,7,
P075941,143,bea99fea-0383-4c63-b944-70d4799de2c5,project manager,1,0.9,False,Project Manager,The Rusumo Project Implementation Unit's oversight capability will be reinforced with a Project Manager as head of the Unit.,"['reinforce oversight capability', 'head the Unit']","The Unit's oversight capability will be reinforced with a Project Manager as head of the Unit, senior project engineers (civil, electrical and mechanical), a quantity surveyor, environment and social specialists, a procurement specialist, a financial-management specialist, an accounts-and-logistics assistant, a communications specialist and other technical staff.",8,
P075941,144,d7d986e1-7333-431b-9719-0c5c6939e360,civil engineer,1,0.85,False,Senior Project Civil Engineer,The Rusumo Project Implementation Unit's oversight capability will be reinforced with senior project engineers (civil).,"['provide senior project engineering (civil) expertise', 'support Unit oversight']","The Unit's oversight capability will be reinforced with a Project Manager as head of the Unit, senior project engineers (civil, electrical and mechanical), a quantity surveyor, environment and social specialists, a procurement specialist, a financial-management specialist, an accounts-and-logistics assistant, a communications specialist and other technical staff.",8,
P075941,145,86ca306c-ab99-420a-9e2a-aa73c5c4de22,electrical engineer,4,0.85,False,Senior Project Electrical Engineer,The Rusumo Project Implementation Unit's oversight capability will be reinforced with senior project engineers (electrical).,"['provide senior project engineering (electrical) expertise', 'support Unit oversight']","The Unit's oversight capability will be reinforced with a Project Manager as head of the Unit, senior project engineers (civil, electrical and mechanical), a quantity surveyor, environment and social specialists, a procurement specialist, a financial-management specialist, an accounts-and-logistics assistant, a communications specialist and other technical staff.",8,
P075941,146,579254cf-6d69-4889-9000-9c79dc568644,mechanical engineer,2,0.85,False,Senior Project Mechanical Engineer,The Rusumo Project Implementation Unit's oversight capability will be reinforced with senior project engineers (mechanical).,"['provide senior project engineering (mechanical) expertise', 'support Unit oversight']","The Unit's oversight capability will be reinforced with a Project Manager as head of the Unit, senior project engineers (civil, electrical and mechanical), a quantity surveyor, environment and social specialists, a procurement specialist, a financial-management specialist, an accounts-and-logistics assistant, a communications specialist and other technical staff.",8,
P075941,147,0cca32c2-9308-4927-adb2-14771ab787f0,quantity surveyor,1,0.9,False,Quantity Surveyor,The Rusumo Project Implementation Unit's oversight capability will be reinforced with a quantity surveyor.,"['provide quantity surveying services', 'support Unit oversight']","The Unit's oversight capability will be reinforced with a Project Manager as head of the Unit, senior project engineers (civil, electrical and mechanical), a quantity surveyor, environment and social specialists, a procurement specialist, a financial-management specialist, an accounts-and-logistics assistant, a communications specialist and other technical staff.",8,
P075941,148,4b214899-ed00-4156-b269-a23df0fb1093,environmental protection manager,1,0.85,False,Environment and Social Specialist,The Rusumo Project Implementation Unit's oversight capability will be reinforced with environment and social specialists.,"['provide environmental and social specialist expertise', 'support Unit oversight']","The Unit's oversight capability will be reinforced with a Project Manager as head of the Unit, senior project engineers (civil, electrical and mechanical), a quantity surveyor, environment and social specialists, a procurement specialist, a financial-management specialist, an accounts-and-logistics assistant, a communications specialist and other technical staff.",8,
P075941,149,0561328b-875b-4ae2-9ba1-9af9049aef01,procurement category specialist,1,0.85,False,Procurement Specialist,The Rusumo Project Implementation Unit's oversight capability will be reinforced with a procurement specialist.,"['provide procurement specialist expertise', 'support Unit oversight']","The Unit's oversight capability will be reinforced with a Project Manager as head of the Unit, senior project engineers (civil, electrical and mechanical), a quantity surveyor, environment and social specialists, a procurement specialist, a financial-management specialist, an accounts-and-logistics assistant, a communications specialist and other technical staff.",8,
P075941,150,4b214899-ed00-4156-b269-a23df0fb1093,environmental protection manager,2,0.75,False,Financial Management Specialist,The Rusumo Project Implementation Unit's oversight capability will be reinforced with a financial-management specialist.,"['provide financial-management specialist expertise', 'support Unit oversight']","The Unit's oversight capability will be reinforced with a Project Manager as head of the Unit, senior project engineers (civil, electrical and mechanical), a quantity surveyor, environment and social specialists, a procurement specialist, a financial-management specialist, an accounts-and-logistics assistant, a communications specialist and other technical staff.",8,
P075941,151,72381086-cb6e-455e-a40b-ccb26550aab6,power production plant operator,1,0.9,False,Accounts and Logistics Assistant,The Rusumo Project Implementation Unit's oversight capability will be reinforced with an accounts-and-logistics assistant.,"['manage accounts and logistics', 'support Unit oversight']","The Unit's oversight capability will be reinforced with a Project Manager as head of the Unit, senior project engineers (civil, electrical and mechanical), a quantity surveyor, environment and social specialists, a procurement specialist, a financial-management specialist, an accounts-and-logistics assistant, a communications specialist and other technical staff.",8,
P075941,152,8213b4bc-60ce-4ffc-9e00-9758fb2003c6,monitoring and evaluation officer,1,0.9,False,Communications Specialist,The Rusumo Project Implementation Unit's oversight capability will be reinforced with a communications specialist.,"['provide communications specialist services', 'support Unit oversight']","The Unit's oversight capability will be reinforced with a Project Manager as head of the Unit, senior project engineers (civil, electrical and mechanical), a quantity surveyor, environment and social specialists, a procurement specialist, a financial-management specialist, an accounts-and-logistics assistant, a communications specialist and other technical staff.",8,
P075941,153,cd4f41a5-87a6-4b3c-8ee3-14e6f457c365,audit supervisor,5,0.62,False,Owner's Engineer (consulting engineer),"The Rusumo Project Implementation Unit will be supported by the Owner's Engineer who will be responsible for overall project management and supervision of procurement, design, construction and preparation of operation and maintenance plan of the power plant complex and dam safety plans, and coordination of the implementation of the Environmental and Social Management Plan and the Resettlement Action Plan.","['overall project management', 'supervision of procurement, design and construction', 'prepare operation and maintenance plan', 'coordinate Environmental and Social Management Plan and Resettlement Action Plan implementation']","The RPIU will be supported by the Owner's Engineer who will be responsible for: (i) overall project management and supervision of the procurement, design, construction and preparation of operation and maintenance plan of the power plant complex and dam safety plans; and (ii) coordination of the implementation of the Environmental and Social Management Plan (ESMP) and the Resettlement Action Plan (RAP).",8,
P075941,154,3e7bf729-4442-4b9f-ad5e-83111963795c,ICT technician,2,0.9,False,Environmental and Social Management Consultant,"A separate consultancy will be responsible for the management and supervision of the implementation of the Environmental and Social Management Plan and the Resettlement Action Plan, supervised by the Safeguards Unit at the Rusumo Project Implementation Unit.","['manage implementation of Environmental and Social Management Plan', 'supervise implementation of Resettlement Action Plan']",There will be a separate consultancy responsible for the management and supervision of the implementation of the ESMP and the Resettlement Action Plan (RAP) and supervised by the Safeguards Unit at the RPIU.,8,
P075941,155,0dd7e6cd-2e5a-4fae-9ce0-6a3622d4019f,construction general supervisor,1,0.78,False,Financial Management Specialist (provided by Nile Equatorial Lakes Subsidiary Action Program - Coordination Unit),The Nile Equatorial Lakes Subsidiary Action Program - Coordination Unit will provide fiduciary support to the Rusumo Project Implementation Unit in financial management and procurement.,"['provide fiduciary support in financial management', 'provide fiduciary support in procurement']",The NELSAP-CU will provide fiduciary support to the RPIU in financial management and procurement.,8,
P075941,156,0ee67d5e-8de9-48f0-97c5-ba23d486b1e9,secretary of state,7,0.88,False,Capacity Development Specialist,The Project Implementation Manual will cover capacity-building activities for sustained achievement of the Project's objectives.,['implement capacity-building activities'],"The PIM will cover: (i) capacity-building activities for sustained achievement of the Project's objectives; (ii) disbursement, financial management and procurement procedures; (iii) institutional administration, coordination and day-to-day execution of activities of the Project; (iv) monitoring, evaluation, reporting, information, education and communication; (v) project impact and implementation indicators, including the procedures for monitoring and evaluation of the Project activities; (vi) the pertinent environmental and social safeguard documents; and (vii) the format the unaudited interim financial reports and the Financial Statements; and (viii) any such other administrative, financial, technical and organizational arrangements and procedures that the Project will require.",8,
P075941,157,cb4f98c8-6b8d-41d8-87eb-a2a2033a3a25,public procurement specialist,2,0.9,False,Operations and Maintenance Contractor,The Rusumo Power Company Limited shall procure through an International Competitive Bidding process the services of an operations and maintenance contractor prior to commissioning of the Power Plant.,['provide operations and maintenance services'],"The Rusumo Power Company shall, not later than six months prior to the commissioning of the Power Plant, procure through an International Competitive Bidding process the services of an operations and maintenance contractor.",8,
P075941,158,c9b2b0a7-0adc-4ca7-bf7c-dc95e18aeac7,procurement support officer,2,0.8,False,Power Plant Operator (private operator),"The Power Plant operations, including obligations under the Power Purchase Agreements, will be contracted out to a competitively-selected private operator who will receive delegated authority to enforce the Power Purchase Agreement obligations and provide expertise to ensure safe and reliable dam operations.","['enforce Power Purchase Agreement obligations', 'ensure safe and reliable dam operations']","The Power Plant operations will be contracted out to a competitively-selected private operator, and this operator will receive the delegated authority to enforce the PPA obligations. The operator will also provide the necessary expertise to ensure safe and reliable dam operations.",8,
P075941,159,836f0a96-7546-4003-9fc8-714fc79199d4,contract engineer,1,0.9,False,Independent Resettlement Expert,"One year after commissioning, the Rusumo Power Company Limited shall cause an audit to be conducted by an independent qualified resettlement expert to monitor the outcomes of the Resettlement Action Plan, including a survey and consultation with Displaced Persons.","['conduct resettlement audit', 'carry out survey and consultation with Displaced Persons', 'define necessary remedial actions']","One year after the commissioning of the power plant, the RPCL shall cause an audit to be conducted by an independent qualified resettlement expert to monitor the outcomes of the RAP, including a survey and consultation with Displaced Persons, and which audit shall also define any necessary action to address any shortcomings in the implementation of said RAP.",8,
P075941,160,0dd7e6cd-2e5a-4fae-9ce0-6a3622d4019f,construction general supervisor,6,0.75,False,Independent Environmental Auditor,The Rusumo Power Company Limited shall cause an environmental audit to be undertaken by a qualified independent entity in accordance with the environmental regulations of Rwanda and Tanzania.,['conduct environmental audit in accordance with national regulations'],"In addition, RPCL shall cause an environmental audit to be undertaken by a qualified independent entity in accordance with the environmental regulations of Rwanda and Tanzania.",8,
P075941,161,d7d986e1-7333-431b-9719-0c5c6939e360,civil engineer,2,0.88,False,Dam Safety Consultant,"Three months prior to plant commissioning, the Rusumo Power Company Limited shall prepare and adopt Dam Safety Plans covering organizational, structural, staffing, technical expertise, training, equipment, and operation and maintenance procedures.","['prepare and adopt Dam Safety Plans', 'define staffing, technical expertise and O&M procedures']","Three months prior plant commissioning, the RPCL shall prepare and adopt Dam Safety Plans. The detail plans shall cover organizational, structural, staffing, technical expertise, and training required; equipment facilities needed to operate and maintain the dam; O&M procedures; and arrangements for funding O&M, including long-term maintenance & safety inspections.",8,
P075941,162,579254cf-6d69-4889-9000-9c79dc568644,mechanical engineer,1,0.8,False,Dam Safety Monitoring Specialist,The Rusumo Water Resources Management Plan will focus on monitoring dam safety through the analysis of instrument records and reports on the behavior of the dam structure and related tasks including regular dam inspections and development of downstream discharge warning procedures.,"['conduct regular dam inspections', 'analyze instrument records and dam behavior reports', 'develop downstream discharge warning procedures']","The RWRMP will focus on ensuring adequate, safe, water-resource system operations, including: regular dam inspections; the development of downstreamdischarge warning procedures; and the monitoring of dam safety through the analysis of instrument records and reports on the behavior of the dam structure, river-flow management (monitoring water release patterns, water quality and quantity, environmental flow requirements), water rights, and management of floods and low water flows.",8,
P075941,163,fcf9024e-277c-43c7-8ec8-8903e5c9c576,water engineer,1,0.9,False,Hydrologist (Water Resources Specialist),"The Rusumo Water Resources Management Plan will include river-flow management activities such as monitoring water release patterns, water quality and quantity, environmental flow requirements, and management of floods and low water flows.","['monitor water release patterns', 'monitor water quality and quantity', 'manage environmental flow requirements and flood/low flow events']","The RWRMP will focus on ensuring adequate, safe, water-resource system operations, including: regular dam inspections; the development of downstreamdischarge warning procedures; and the monitoring of dam safety through the analysis of instrument records and reports on the behavior of the dam structure, river-flow management (monitoring water release patterns, water quality and quantity, environmental flow requirements), water rights, and management of floods and low water flows.",8,
P075941,150,5e5b1b61-1351-4d3b-a293-deb3661715dd,financial controller,3,0.8,False,Financial Management Specialist,The Rusumo Project Implementation Unit's oversight capability will be reinforced with a financial-management specialist.,"['provide financial-management specialist expertise', 'support Unit oversight']","The Unit's oversight capability will be reinforced with a Project Manager as head of the Unit, senior project engineers (civil, electrical and mechanical), a quantity surveyor, environment and social specialists, a procurement specialist, a financial-management specialist, an accounts-and-logistics assistant, a communications specialist and other technical staff.",8,
P075941,151,c8b296be-54ae-48cf-be21-031fa8457937,supply chain assistant,1,0.9,False,Accounts and Logistics Assistant,The Rusumo Project Implementation Unit's oversight capability will be reinforced with an accounts-and-logistics assistant.,"['manage accounts and logistics', 'support Unit oversight']","The Unit's oversight capability will be reinforced with a Project Manager as head of the Unit, senior project engineers (civil, electrical and mechanical), a quantity surveyor, environment and social specialists, a procurement specialist, a financial-management specialist, an accounts-and-logistics assistant, a communications specialist and other technical staff.",8,
P075941,152,,,,,True,Communications Specialist,The Rusumo Project Implementation Unit's oversight capability will be reinforced with a communications specialist.,"['provide communications specialist services', 'support Unit oversight']","The Unit's oversight capability will be reinforced with a Project Manager as head of the Unit, senior project engineers (civil, electrical and mechanical), a quantity surveyor, environment and social specialists, a procurement specialist, a financial-management specialist, an accounts-and-logistics assistant, a communications specialist and other technical staff.",8,
P075941,153,2a914d26-42aa-46b5-acf3-097d51ba4617,construction engineer,2,0.75,False,Owner's Engineer (consulting engineer),"The Rusumo Project Implementation Unit will be supported by the Owner's Engineer who will be responsible for overall project management and supervision of procurement, design, construction and preparation of operation and maintenance plan of the power plant complex and dam safety plans, and coordination of the implementation of the Environmental and Social Management Plan and the Resettlement Action Plan.","['overall project management', 'supervision of procurement, design and construction', 'prepare operation and maintenance plan', 'coordinate Environmental and Social Management Plan and Resettlement Action Plan implementation']","The RPIU will be supported by the Owner's Engineer who will be responsible for: (i) overall project management and supervision of the procurement, design, construction and preparation of operation and maintenance plan of the power plant complex and dam safety plans; and (ii) coordination of the implementation of the Environmental and Social Management Plan (ESMP) and the Resettlement Action Plan (RAP).",8,
P075941,154,59883630-45f9-40e7-9732-9e5ff9758d2b,environmental programme coordinator,3,0.8,False,Environmental and Social Management Consultant,"A separate consultancy will be responsible for the management and supervision of the implementation of the Environmental and Social Management Plan and the Resettlement Action Plan, supervised by the Safeguards Unit at the Rusumo Project Implementation Unit.","['manage implementation of Environmental and Social Management Plan', 'supervise implementation of Resettlement Action Plan']",There will be a separate consultancy responsible for the management and supervision of the implementation of the ESMP and the Resettlement Action Plan (RAP) and supervised by the Safeguards Unit at the RPIU.,8,
P075941,155,30f3ea93-882a-4525-841c-1d5b4b64076f,financial manager,6,0.75,False,Financial Management Specialist (provided by Nile Equatorial Lakes Subsidiary Action Program - Coordination Unit),The Nile Equatorial Lakes Subsidiary Action Program - Coordination Unit will provide fiduciary support to the Rusumo Project Implementation Unit in financial management and procurement.,"['provide fiduciary support in financial management', 'provide fiduciary support in procurement']",The NELSAP-CU will provide fiduciary support to the RPIU in financial management and procurement.,8,
P075941,156,bea99fea-0383-4c63-b944-70d4799de2c5,project manager,2,0.75,False,Capacity Development Specialist,The Project Implementation Manual will cover capacity-building activities for sustained achievement of the Project's objectives.,['implement capacity-building activities'],"The PIM will cover: (i) capacity-building activities for sustained achievement of the Project's objectives; (ii) disbursement, financial management and procurement procedures; (iii) institutional administration, coordination and day-to-day execution of activities of the Project; (iv) monitoring, evaluation, reporting, information, education and communication; (v) project impact and implementation indicators, including the procedures for monitoring and evaluation of the Project activities; (vi) the pertinent environmental and social safeguard documents; and (vii) the format the unaudited interim financial reports and the Financial Statements; and (viii) any such other administrative, financial, technical and organizational arrangements and procedures that the Project will require.",8,
P075941,157,72381086-cb6e-455e-a40b-ccb26550aab6,power production plant operator,1,0.8,False,Operations and Maintenance Contractor,The Rusumo Power Company Limited shall procure through an International Competitive Bidding process the services of an operations and maintenance contractor prior to commissioning of the Power Plant.,['provide operations and maintenance services'],"The Rusumo Power Company shall, not later than six months prior to the commissioning of the Power Plant, procure through an International Competitive Bidding process the services of an operations and maintenance contractor.",8,
P075941,158,72381086-cb6e-455e-a40b-ccb26550aab6,power production plant operator,2,0.8,False,Power Plant Operator (private operator),"The Power Plant operations, including obligations under the Power Purchase Agreements, will be contracted out to a competitively-selected private operator who will receive delegated authority to enforce the Power Purchase Agreement obligations and provide expertise to ensure safe and reliable dam operations.","['enforce Power Purchase Agreement obligations', 'ensure safe and reliable dam operations']","The Power Plant operations will be contracted out to a competitively-selected private operator, and this operator will receive the delegated authority to enforce the PPA obligations. The operator will also provide the necessary expertise to ensure safe and reliable dam operations.",8,
P075941,159,,,,,True,Independent Resettlement Expert,"One year after commissioning, the Rusumo Power Company Limited shall cause an audit to be conducted by an independent qualified resettlement expert to monitor the outcomes of the Resettlement Action Plan, including a survey and consultation with Displaced Persons.","['conduct resettlement audit', 'carry out survey and consultation with Displaced Persons', 'define necessary remedial actions']","One year after the commissioning of the power plant, the RPCL shall cause an audit to be conducted by an independent qualified resettlement expert to monitor the outcomes of the RAP, including a survey and consultation with Displaced Persons, and which audit shall also define any necessary action to address any shortcomings in the implementation of said RAP.",8,
P075941,160,59883630-45f9-40e7-9732-9e5ff9758d2b,environmental programme coordinator,1,0.75,False,Independent Environmental Auditor,The Rusumo Power Company Limited shall cause an environmental audit to be undertaken by a qualified independent entity in accordance with the environmental regulations of Rwanda and Tanzania.,['conduct environmental audit in accordance with national regulations'],"In addition, RPCL shall cause an environmental audit to be undertaken by a qualified independent entity in accordance with the environmental regulations of Rwanda and Tanzania.",8,
P075941,161,a1273779-d2d4-4708-a406-62f7cdd26aab,health and safety engineer,7,0.75,False,Dam Safety Consultant,"Three months prior to plant commissioning, the Rusumo Power Company Limited shall prepare and adopt Dam Safety Plans covering organizational, structural, staffing, technical expertise, training, equipment, and operation and maintenance procedures.","['prepare and adopt Dam Safety Plans', 'define staffing, technical expertise and O&M procedures']","Three months prior plant commissioning, the RPCL shall prepare and adopt Dam Safety Plans. The detail plans shall cover organizational, structural, staffing, technical expertise, and training required; equipment facilities needed to operate and maintain the dam; O&M procedures; and arrangements for funding O&M, including long-term maintenance & safety inspections.",8,
P075941,162,fcf9024e-277c-43c7-8ec8-8903e5c9c576,water engineer,2,0.8,False,Dam Safety Monitoring Specialist,The Rusumo Water Resources Management Plan will focus on monitoring dam safety through the analysis of instrument records and reports on the behavior of the dam structure and related tasks including regular dam inspections and development of downstream discharge warning procedures.,"['conduct regular dam inspections', 'analyze instrument records and dam behavior reports', 'develop downstream discharge warning procedures']","The RWRMP will focus on ensuring adequate, safe, water-resource system operations, including: regular dam inspections; the development of downstreamdischarge warning procedures; and the monitoring of dam safety through the analysis of instrument records and reports on the behavior of the dam structure, river-flow management (monitoring water release patterns, water quality and quantity, environmental flow requirements), water rights, and management of floods and low water flows.",8,
P075941,163,55167849-82cf-484e-b818-fa702a4e69e9,hydrologist,2,0.8,False,Hydrologist (Water Resources Specialist),"The Rusumo Water Resources Management Plan will include river-flow management activities such as monitoring water release patterns, water quality and quantity, environmental flow requirements, and management of floods and low water flows.","['monitor water release patterns', 'monitor water quality and quantity', 'manage environmental flow requirements and flood/low flow events']","The RWRMP will focus on ensuring adequate, safe, water-resource system operations, including: regular dam inspections; the development of downstreamdischarge warning procedures; and the monitoring of dam safety through the analysis of instrument records and reports on the behavior of the dam structure, river-flow management (monitoring water release patterns, water quality and quantity, environmental flow requirements), water rights, and management of floods and low water flows.",8,
P075941,164,4b214899-ed00-4156-b269-a23df0fb1093,environmental protection manager,6,0.75,False,Lead Environmental and Social Specialist,Consulting services to be procured will include a Lead Environmental and Social Specialist to support project preparation and implementation.,['provide lead environmental and social specialist services'],"These services will include: the Owner's Engineer, a consultant to conduct an exit survey of Project Affected Persons (PAPs), an nongovernmental organization (NGO) to the compensation process for the PAPs, the Project Manager, the Lead Environmental and Social Specialist, two social development and resettlement officer, the Environmental Management Officer, the Communication Officer, the Finance Officer, the Procurement Specialist, the Procurement Officer, the Civil Engineer, the Electrical Engineer, the Mechanical Engineer and the Accountant.",8,
P075941,165,1a46d0f0-93d7-44d1-bff9-58e3f21bd4c4,social service consultant,1,0.9,False,Social Development and Resettlement Officer,Consulting services to be procured will include social development and resettlement officers to support RAP and related social activities.,['implement social development and resettlement activities'],"These services will include: the Owner's Engineer, a consultant to conduct an exit survey of Project Affected Persons (PAPs), an nongovernmental organization (NGO) to the compensation process for the PAPs, the Project Manager, the Lead Environmental and Social Specialist, two social development and resettlement officer, the Environmental Management Officer, the Communication Officer, the Finance Officer, the Procurement Specialist, the Procurement Officer, the Civil Engineer, the Electrical Engineer, the Mechanical Engineer and the Accountant.",8,
P075941,166,59883630-45f9-40e7-9732-9e5ff9758d2b,environmental programme coordinator,2,0.9,False,Environmental Management Officer,Consulting services to be procured will include an Environmental Management Officer to support environmental management tasks.,['implement environmental management tasks'],"These services will include: the Owner's Engineer, a consultant to conduct an exit survey of Project Affected Persons (PAPs), an nongovernmental organization (NGO) to the compensation process for the PAPs, the Project Manager, the Lead Environmental and Social Specialist, two social development and resettlement officer, the Environmental Management Officer, the Communication Officer, the Finance Officer, the Procurement Specialist, the Procurement Officer, the Civil Engineer, the Electrical Engineer, the Mechanical Engineer and the Accountant.",8,
P075941,167,c0489e22-6a1b-4e52-974a-eb71bbb42134,public relations officer,1,0.9,False,Communications Officer,"Consulting services to be procured will include a Communication Officer to handle communications, information, education and disclosure tasks.","['manage communications, information and disclosure']","These services will include: the Owner's Engineer, a consultant to conduct an exit survey of Project Affected Persons (PAPs), an nongovernmental organization (NGO) to the compensation process for the PAPs, the Project Manager, the Lead Environmental and Social Specialist, two social development and resettlement officer, the Environmental Management Officer, the Communication Officer, the Finance Officer, the Procurement Specialist, the Procurement Officer, the Civil Engineer, the Electrical Engineer, the Mechanical Engineer and the Accountant.",8,
P075941,168,c3aae59e-1441-4b3e-bdd1-6da50dc7cf42,bookkeeper,5,0.8,False,Finance Officer (Project Finance Officer),Consulting services to be procured will include a Finance Officer responsible for the daily maintenance of project books of accounts and records.,"['maintain project books of accounts and records', 'perform daily financial transactions']","These services will include: the Owner's Engineer, a consultant to conduct an exit survey of Project Affected Persons (PAPs), an nongovernmental organization (NGO) to the compensation process for the PAPs, the Project Manager, the Lead Environmental and Social Specialist, two social development and resettlement officer, the Environmental Management Officer, the Communication Officer, the Finance Officer, the Procurement Specialist, the Procurement Officer, the Civil Engineer, the Electrical Engineer, the Mechanical Engineer and the Accountant.",8,
P075941,169,c9b2b0a7-0adc-4ca7-bf7c-dc95e18aeac7,procurement support officer,1,0.9,False,Procurement Officer,"The Procurement Specialist will be assisted by the Procurement Officer expected to be on board by September 01, 2014.","['assist procurement specialist', 'support procurement activities']","The Procurement Specialist will be assisted by the Procurement Officer, expected to be on board by September 01, 2014.",8,
P075941,170,d7d986e1-7333-431b-9719-0c5c6939e360,civil engineer,1,0.9,False,Civil Engineer (consultant),Consulting services to be procured will include a Civil Engineer to support design and construction oversight.,['provide civil engineering design and oversight'],"These services will include: the Owner's Engineer, a consultant to conduct an exit survey of Project Affected Persons (PAPs), an nongovernmental organization (NGO) to the compensation process for the PAPs, the Project Manager, the Lead Environmental and Social Specialist, two social development and resettlement officer, the Environmental Management Officer, the Communication Officer, the Finance Officer, the Procurement Specialist, the Procurement Officer, the Civil Engineer, the Electrical Engineer, the Mechanical Engineer and the Accountant.",8,
P075941,171,86ca306c-ab99-420a-9e2a-aa73c5c4de22,electrical engineer,1,0.9,False,Electrical Engineer (consultant),Consulting services to be procured will include an Electrical Engineer to support electro-mechanical and substation works.,['provide electrical engineering design and oversight'],"These services will include: the Owner's Engineer, a consultant to conduct an exit survey of Project Affected Persons (PAPs), an nongovernmental organization (NGO) to the compensation process for the PAPs, the Project Manager, the Lead Environmental and Social Specialist, two social development and resettlement officer, the Environmental Management Officer, the Communication Officer, the Finance Officer, the Procurement Specialist, the Procurement Officer, the Civil Engineer, the Electrical Engineer, the Mechanical Engineer and the Accountant.",8,
P075941,172,579254cf-6d69-4889-9000-9c79dc568644,mechanical engineer,1,0.9,False,Mechanical Engineer (consultant),Consulting services to be procured will include a Mechanical Engineer to support hydro-mechanical equipment and related works.,['provide mechanical engineering design and oversight'],"These services will include: the Owner's Engineer, a consultant to conduct an exit survey of Project Affected Persons (PAPs), an nongovernmental organization (NGO) to the compensation process for the PAPs, the Project Manager, the Lead Environmental and Social Specialist, two social development and resettlement officer, the Environmental Management Officer, the Communication Officer, the Finance Officer, the Procurement Specialist, the Procurement Officer, the Civil Engineer, the Electrical Engineer, the Mechanical Engineer and the Accountant.",8,
P075941,173,eda0d957-3c3c-4139-b89a-a18bc9e18897,accountant,1,0.9,False,Accountant,Consulting services to be procured will include an Accountant to manage accounting activities and financial statements preparation.,['prepare accounting records and financial statements'],"These services will include: the Owner's Engineer, a consultant to conduct an exit survey of Project Affected Persons (PAPs), an nongovernmental organization (NGO) to the compensation process for the PAPs, the Project Manager, the Lead Environmental and Social Specialist, two social development and resettlement officer, the Environmental Management Officer, the Communication Officer, the Finance Officer, the Procurement Specialist, the Procurement Officer, the Civil Engineer, the Electrical Engineer, the Mechanical Engineer and the Accountant.",8,
P075941,174,186ef31e-f26f-4320-a307-c5f95d6cb284,consultant social worker,2,0.8,False,Exit Survey Consultant,A consultant will be engaged to conduct an exit survey of Project Affected Persons (PAPs).,"['conduct exit survey of Project Affected Persons', 'perform survey and consultation']","These services will include: the Owner's Engineer, a consultant to conduct an exit survey of Project Affected Persons (PAPs), an nongovernmental organization (NGO) to the compensation process for the PAPs, the Project Manager, the Lead Environmental and Social Specialist, two social development and resettlement officer, the Environmental Management Officer, the Communication Officer, the Finance Officer, the Procurement Specialist, the Procurement Officer, the Civil Engineer, the Electrical Engineer, the Mechanical Engineer and the Accountant.",8,
P075941,175,8801ef16-92a4-4889-8f80-9b78206c7ec0,human rights officer,1,0.75,False,Compensation Monitoring Non-Governmental Organization,An Non-Governmental Organization will be contracted to witness the compensation process for Project Affected Persons.,"['witness compensation process', 'participate in resettlement compensation activities']","These services will include: the Owner's Engineer, a consultant to conduct an exit survey of Project Affected Persons (PAPs), an nongovernmental organization (NGO) to the compensation process for the PAPs, the Project Manager, the Lead Environmental and Social Specialist, two social development and resettlement officer, the Environmental Management Officer, the Communication Officer, the Finance Officer, the Procurement Specialist, the Procurement Officer, the Civil Engineer, the Electrical Engineer, the Mechanical Engineer and the Accountant.",8,
P075941,176,ba3bacd4-73e9-4861-a9c0-f89f1f28055a,construction general contractor,3,0.8,False,"Engineering, Procurement and Construction Contractor","Electro-mechanical works and 220 KV Substation including switchyard, turbines, generators and power house cranes will be procured on design, supply and installation basis similar to an Engineering, Procurement and Construction arrangement; civil works will be procured on sliced package basis.","['design, supply and install electro-mechanical and substation systems', 'execute civil works packages']","For  each  contract to  be financed by IDA, the client and the Bank will  agree  upon,  and  record in  the  Procurement  Plan, the  various procurement  and selection methods, the need  for pre-qualification, estimated  costs,  prior  review requirements and the  time  frame.  The Procurement Plan  will be updated  annually, or  as otherwise required, to  reflect he  actual project implementation needs  and  improvements in  the institutional capacity.

Procurement of  Works.  This category  will  basically consist  of  packages as follows: (i)  Civil works package  to  be procured  under  this project include: the  power house;  hydro  mechanical equipment  of the  dam; and  penstock -will be  procured on  ""slice and package""  basis; (ii) Electro-mechanical works and 220 KV  Substation at  Rusumo side  including the switchyard, turbines, generators and power house cranes-  will  be procured  on design, supply  and installation (similar to  Engineer, Procure  and Construct (EPC) basis.",8,
P075941,177,691ec040-f5ad-47ef-8698-03212d66dbbf,structural ironworker,1,0.75,False,Tower Erection Contractor (Transmission Line),"Transmission line right-of-way will accommodate 1,041 steel lattice towers which will be erected on concrete foundations and require associated access roads and tracks to be built.","['erect steel lattice towers on concrete foundations', 'construct access roads and tracks for transmission lines']","The T-lines' 30 meter wide right of way corridor will occupy an area of 1115.7 ha, on which 1,041 steel lattice towers will be erected (293 in Burundi, 334 in Rwanda, and 414 in Tanzania) with height of 37.5 -49.5 meters, on concrete foundations typically 2.5 x 2.5 meters (6.25 m 2  area). In  addition, access  roads  and tracks of  yet  to  be determined length will be  built for construction and  maintenance  of the  T-lines.",8,
P075941,178,351a0eb0-a1d0-49bd-a2f8-6dc447ddf316,pipeline environmental project manager,1,0.8,False,Transmission Line Contractor (required to prepare and implement ESMP),The transmission line contractor will be required to prepare and implement a detailed Environmental and Social Management Plan for the T-lines construction.,['prepare and implement detailed Environmental and Social Management Plan'],"In  addition, the  contractor will  be required to  prepare  and implement  a  detailed environmental and  social management plan (ESMP).",8,
P075941,179,4b214899-ed00-4156-b269-a23df0fb1093,environmental protection manager,3,0.8,False,Environmental and Social Professional (including site supervisors),"The Environmental and Social Management Unit staffing will include multidisciplinary expertise in environmental assessment and management, social assessment and management, as well as health and safety; construction phase staffing will include 12 environmental and social professionals including site supervisors.","['perform environmental assessment and management', 'perform social assessment and management', 'conduct health and safety tasks', 'supervise site environmental and social activities']","ESMU staffing will be flexible but will include multidisciplinary expertise in environmental assessment and management, social assessment and management, as well as health and safety. The construction phase staffing will include 12 environmental and social professionals including site supervisors, plus additional specialists a needed.",8,
P075941,180,0dd7e6cd-2e5a-4fae-9ce0-6a3622d4019f,construction general supervisor,3,0.9,False,Site Supervisor (Environmental and Social),"During construction, site supervisors will be part of the Environmental and Social Management Unit to supervise implementation of ESMP measures on site.","['supervise on-site environmental and social mitigation measures', 'coordinate with Environmental and Social Management Unit']","ESMU staffing will be flexible but will include multidisciplinary expertise in environmental assessment and management, social assessment and management, as well as health and safety. The construction phase staffing will include 12 environmental and social professionals including site supervisors, plus additional specialists a needed.",8,
P075941,181,8213b4bc-60ce-4ffc-9e00-9758fb2003c6,monitoring and evaluation officer,1,0.84,False,Monitoring and Evaluation Specialist,The Rusumo Project Implementation Unit will be responsible for overall management and implementation of the project's monitoring and evaluation framework and additional support will be hired to strengthen the Unit's monitoring and evaluation capacity.,"['manage and implement M&E framework', ""strengthen Unit's M&E capacity""]",The RPIU will be responsible for the overall management and implementation of the project's M&E framework and additional support will be hired to strengthen the Unit's M&E capacity.,8,
P075941,182,cd4f41a5-87a6-4b3c-8ee3-14e6f457c365,audit supervisor,6,0.75,False,Independent Technical Auditor,"Annual technical audits will be conducted by an independent, technical auditor to review compliance with the Environmental and Social Management Plan and the Rusumo Water Resources Management Plan.","['conduct annual technical audits', 'review compliance with ESMP and Rusumo Water Resources Management Plan']","Annual technical audits will be conducted by an independent, technical auditor, who will review compliance with the ESMP and RWMP.",8,
P075941,183,78db356f-a96a-4456-ab29-2de62e52f830,public finance accountant,1,0.8,False,Finance and Administration Manager,Nile Equatorial Lakes Subsidiary Action Program - Coordination Unit has an accounting unit headed by the Finance and Administration Manager who will oversee the work of a finance officer under the Rusumo Project Implementation Unit.,"['oversee accounting unit', 'supervise project finance officer']",NELSAP-CU has an accounting unit that is headed by the Finance and Administration Manager. This manager will be assisted by a Project Finance Officer who will be in charge of the daily maintenance of the project books of accounts and records.,8,
P075941,184,5e5b1b61-1351-4d3b-a293-deb3661715dd,financial controller,3,0.85,False,Project Finance Officer,A Project Finance Officer will be in charge of the daily maintenance of the project books of accounts and records and will report to the Manager of Finance and Administration.,"['daily maintenance of project books of accounts and records', 'handle daily project financial transactions']",This manager will be assisted by a Project Finance Officer who will be in charge of the daily maintenance of the project books of accounts and records.,8,
P075941,185,1ad59946-d13e-441e-9b36-56e1df055e21,financial auditor,4,0.75,False,Internal Auditor (regional),"The three NBI centres are in the process of recruiting a new, regional, internal auditor who will be responsible for the internal auditing of all three centres.","['perform internal auditing of regional centres', 'strengthen internal control systems']","The three NBI centres are in the process of recruiting a new, regional, internal auditor who will be responsible for the internal auditing of all three centres.",8,
P075941,186,1ad59946-d13e-441e-9b36-56e1df055e21,financial auditor,1,0.75,False,External Auditor (audit firm),"External auditing for Nile Equatorial Lakes Subsidiary Action Program - Coordination Unit's accounts will be handled by private, reputable, independent audit firms in accordance with International Standards on Auditing.","['conduct external audits in accordance with International Standards on Auditing', 'prepare audited financial statements']","The external auditing for NELSAP-CU's accounts is handled by private, reputable, independent audit firms. IDA funding may be used to pay the cost of the audit. The audits are conducted in accordance with the International Standards on Auditing and the accounts are prepared using the IFRs.",8,
P075941,187,c8b296be-54ae-48cf-be21-031fa8457937,supply chain assistant,1,0.9,False,Logistics Assistant (procurement record-keeping),The Logistics Assistant will be responsible for improving the efficiency of record-keeping and maintaining the procurement filing system.,"['improve procurement record-keeping efficiency', 'maintain filing system for procurement documents']","Procurement record-keeping will be the responsibility of the Procurement Unit. NELSAP-CU has recruited the Logistics Assistant, who will be responsible for improving the efficiency of record-keeping and maintaining the filing system.",8,
P075941,188,666846b2-01ce-43f6-8cb7-f3be09fac4a2,ombudsman,8,0.75,False,Independent Observer (for RAP implementation),The Rusumo Project Implementation Unit will supervise the work of the independent observer as part of synchronizing RAP outcome monitoring and evaluation and preparing consolidated RAP implementation reports.,"['monitor and observe RAP implementation', 'report on RAP outcomes']","Specifically, the RPIU will: (i) synchronize the RAP outcome monitoring and evaluation; (ii) provide communications across countries and among key stakeholders; (iii) supervise the work of the independent observer; (iv) maintain oversight of the grievance mechanism; and (v) prepare consolidated RAP implementation reports.",8,
P075941,189,8c57af09-719c-42b3-be40-6ed4946236cc,database administrator,5,0.8,False,Project Database Manager,"The Rusumo Project Implementation Unit will be responsible for maintaining a project database, managing the flow of information, and producing periodic monitoring reports.","['maintain project database', 'manage flow of project information', 'produce periodic monitoring reports']","The RPIU will be responsible for maintaining a project database, managing the flow of information, and producing periodic monitoring reports.",8,
P075941,190,0561328b-875b-4ae2-9ba1-9af9049aef01,procurement category specialist,1,0.8,False,Procurement Specialist,Nile Equatorial Lakes Subsidiary Action Program Coordination Unit will recruit a Procurement Specialist proficient in International Development Association project financing to support procurement of works for the project.,"['proficient in International Development Association project financing', 'experience in procurement of works to support the project']",NELSAP CU will recruit a  Procurement  Specialist proficient in IDA project financing and  experience in  procurement of  works  to  support the project; Additional technical staff will be recruited to  support procurement  processing as  well  as  to  supervise the  Contractors and Consultants.,9,
P075941,191,c9b2b0a7-0adc-4ca7-bf7c-dc95e18aeac7,procurement support officer,1,0.9,False,Procurement Officer,Additional technical staff will be recruited to support procurement processing for the project.,['support procurement processing'],NELSAP CU will recruit a  Procurement  Specialist proficient in IDA project financing and  experience in  procurement of  works  to  support the project; Additional technical staff will be recruited to  support procurement  processing as  well  as  to  supervise the  Contractors and Consultants.,9,
P075941,192,0dd7e6cd-2e5a-4fae-9ce0-6a3622d4019f,construction general supervisor,6,0.75,False,Supervision Engineer,Rusumo Project Implementation Unit is recruiting a Supervision Engineer with international experience to supervise preparatory and project works according to Bank standards.,['supervising preparatory and project works according to Bank standards'],"to  implement and (i) The Rusumo  RPIU  is  recruiting  a supervision  engineer  with  international  experience which  helps  in  supervising  preparatory  and  project  works according  to  Bank standards, in  addition  to  having  adequate  staff  at  the  RPIU.",9,
P075941,193,bea99fea-0383-4c63-b944-70d4799de2c5,project manager,9,0.8,False,Project Implementation Specialist,Prepare and closely monitor a master project implementation schedule covering the power plant and transmission lines during project implementation.,"['prepare a master project implementation schedule covering the power plant and transmission lines', 'closely monitor project implementation']",A master project implementation schedule (covering the  power plant and  transmission lines) will be  prepared and  closely monitored during project implementation.,9,
P075941,194,ba3bacd4-73e9-4861-a9c0-f89f1f28055a,construction general contractor,7,0.75,False,Civil Works Contractor,Procurement of civil works on a re-measurable basis to cater for geological risk as part of a two-contract arrangement for project implementation.,"['implement civil works on a re-measurable basis to cater for geological risk', ""perform works procured under the project's separate civil works contract""]",Risk  Management: has  been  thoroughly  studied  in  advance  of  the  start  of  the  works.  The project will  be implemented  under  a  two contract  arrangement  with  a separate  procurement  of civil  works on a re-measurable  basis  to  cater  for  the geological  risk  and E&M  plant including  hydro-mechanical  equipment on  an  EPC  basis;  in addition  to adequate Appropriate  contingency  funds  are  foreseen  for  cost  overruns.,9,
P075941,195,cb446db8-e8b3-418c-a21c-2d10faea42a5,power plant manager,3,0.8,False,Power Plant Operations Manager,Rusumo Power Company Limited will own and operate the project and will be responsible for managing all technical and financial matters relating to the project.,"['own and operate the project', 'manage technical and financial matters relating to the project']","The RPCL will own and operate the  project  itself,  and will  ultimately be  responsible for  managing all technical and  financial matters relating  to  the  project.",9,
