extraction_id,evidence_role_type,identified_occupation,activity_description_in_pad,skills_needed_for_activity,source_material_quote,project_id,section_id,pad_id,combined_text
1,inferred,Civil Engineer,"Rehabilitate existing power plants, construct new power plants, and support rural electrification program activities described by the Government of Burundi.","['hydropower civil works', 'site supervision', 'contract administration', 'quality assurance', 'health and safety management']","Toward this objective, the CAS calls for the rehabilitation f existing power plants, the construction of new plants, the development of a rural electrification program to address the country's severe energy shortfall, and Burundi's participation i the EAPP.",P075941,0,000,"Civil Engineer Rehabilitate existing power plants, construct new power plants, and support rural electrification program activities described by the Government of Burundi. hydropower civil works, site supervision, contract administration, quality assurance, health and safety management"
2,inferred,Transmission Engineer,"Design, construct and oversee power system interconnections and the transmission backbone linking beneficiary countries.","['high-voltage transmission design', 'line routing and surveying', 'construction supervision', 'grid connection testing', 'right-of-way management']","The Project will also build important power system interconnections, which will help form the transmission backbone linking Burundi, Rwanda, and Tanzania.",P075941,0,001,"Transmission Engineer Design, construct and oversee power system interconnections and the transmission backbone linking beneficiary countries. high-voltage transmission design, line routing and surveying, construction supervision, grid connection testing, right-of-way management"
3,inferred,Hydropower Engineer,"Support design, construction and commissioning of regional hydropower generation facilities to increase reliability and lower electricity cost.","['hydraulic and turbine design', 'power plant commissioning', 'civil-hydraulic analysis', 'mechanical systems integration', 'operations troubleshooting']",Investments in power generation facilities using regional hydropower resources will increase the reliability and lower the cost of electricity.,P075941,0,002,"Hydropower Engineer Support design, construction and commissioning of regional hydropower generation facilities to increase reliability and lower electricity cost. hydraulic and turbine design, power plant commissioning, civil-hydraulic analysis, mechanical systems integration, operations troubleshooting"
4,inferred,Project Manager,Plan and implement infrastructure projects and coordinate assessment of direct benefits and externalities across beneficiary countries under the subsidiary action programs.,"['infrastructure project planning', 'stakeholder coordination', 'monitoring and evaluation', 'procurement oversight', 'financial management']","The second consists of sub-basin action programs (Subsidiary Action Programs) for collaborative physical investments in the Nile Equatorial Lakes and the Eastern Nile regions: the Nile Equatorial Lakes Subsidiary Action Program (NELSAP) and the Eastern Nile Subsidiary Action Program (ENSAP). The objective of these programs is to plan and implement infrastructure projects as well as assess the direct benefits and externalities, taking into account the interests of all beneficiary countries.",P075941,0,003,"Project Manager Plan and implement infrastructure projects and coordinate assessment of direct benefits and externalities across beneficiary countries under the subsidiary action programs. infrastructure project planning, stakeholder coordination, monitoring and evaluation, procurement oversight, financial management"
5,inferred,Technical Advisor,Provide technical advice and support to project decision-making through the Technical Advisory Committee and Secretariat structures of the regional initiative.,"['technical analysis of water and energy', 'policy advisory', 'intergovernmental coordination', 'technical report preparation']",The NBI is led by a Council of Ministers in charge of water affairs from the member states (Nile-COM) with the support of a Technical Advisory Committee (Nile-TAC) and a Secretariat (Nile-SEC).,P075941,0,004,"Technical Advisor Provide technical advice and support to project decision-making through the Technical Advisory Committee and Secretariat structures of the regional initiative. technical analysis of water and energy, policy advisory, intergovernmental coordination, technical report preparation"
1,inferred,Mechanical Engineer,Rehabilitate mechanical works during the planned major rehabilitation of the power plant.,"['mechanical systems rehabilitation', 'plant equipment inspection', 'maintenance planning', 'project supervision', 'contractor coordination']","The financial and economic analyses presented in this report also consider the need for a major rehabilitation of the mechanical and electrical works over 18 months, starting in Year 26 after the commercial operation date (COD) of the power plant.",P075941,10,005,"Mechanical Engineer Rehabilitate mechanical works during the planned major rehabilitation of the power plant. mechanical systems rehabilitation, plant equipment inspection, maintenance planning, project supervision, contractor coordination"
2,inferred,Electrical Engineer,Rehabilitate electrical works during the planned major rehabilitation of the power plant.,"['electrical systems rehabilitation', 'substation and transmission expertise', 'protection and control systems', 'equipment testing and commissioning', 'maintenance planning']","The financial and economic analyses presented in this report also consider the need for a major rehabilitation of the mechanical and electrical works over 18 months, starting in Year 26 after the commercial operation date (COD) of the power plant.",P075941,10,006,"Electrical Engineer Rehabilitate electrical works during the planned major rehabilitation of the power plant. electrical systems rehabilitation, substation and transmission expertise, protection and control systems, equipment testing and commissioning, maintenance planning"
3,inferred,Operations and Maintenance Technician,Perform operations and maintenance activities covered by the project's tariff across all project phases.,"['equipment maintenance', 'preventive maintenance procedures', 'operational monitoring', 'safety compliance', 'fault diagnosis and troubleshooting']","In all project phases, the tariff will cover operations and maintenance (O&M) costs.",P075941,10,007,"Operations and Maintenance Technician Perform operations and maintenance activities covered by the project's tariff across all project phases. equipment maintenance, preventive maintenance procedures, operational monitoring, safety compliance, fault diagnosis and troubleshooting"
4,inferred,Construction Worker,Carry out on-site construction activities during the project's construction phase.,"['civil construction work', 'site safety practices', 'concrete formwork and finishing', 'earthworks and excavation']","The Project will directly benefit the population in the project area by providing employment opportunities, both during the construction phase and during long-term plant operations.",P075941,10,008,"Construction Worker Carry out on-site construction activities during the project's construction phase. civil construction work, site safety practices, concrete formwork and finishing, earthworks and excavation"
5,inferred,Transmission Engineer,Implement transmission line and substation works linking the power station to the Rusumo Falls substation.,"['transmission line design', 'tower erection supervision', 'grid interconnection studies', 'right-of-way coordination', 'safety compliance']","The substation costs are embedded within the costs of the mechanical and electrical works for the power plant, which also include the transmission line leading from the power station to the Rusumo Falls substation.",P075941,10,009,"Transmission Engineer Implement transmission line and substation works linking the power station to the Rusumo Falls substation. transmission line design, tower erection supervision, grid interconnection studies, right-of-way coordination, safety compliance"
6,inferred,Carbon Market Specialist,Conduct studies required to access future carbon markets and to quantify emission reductions for potential carbon credits.,"['carbon accounting methodologies', 'emissions baseline studies', 'carbon credit project development', 'carbon market regulation knowledge', 'project economic appraisal']","Nevertheless, in order to benefit from a future carbon market, the project developers will conduct the required studies to enhance the Project's financial outlook.",P075941,10,010,"Carbon Market Specialist Conduct studies required to access future carbon markets and to quantify emission reductions for potential carbon credits. carbon accounting methodologies, emissions baseline studies, carbon credit project development, carbon market regulation knowledge, project economic appraisal"
7,inferred,Legal Advisor,Design and draft power purchase agreements to ensure the project company can meet its financial obligations under the tariff structure.,"['PPA drafting', 'contract negotiation', 'regulatory compliance', 'contract law expertise', 'dispute resolution']",The PPA's will be designed to ensure that RPCL will be able to meet the financial obligations reflected in the planned tariff structure.,P075941,10,011,"Legal Advisor Design and draft power purchase agreements to ensure the project company can meet its financial obligations under the tariff structure. PPA drafting, contract negotiation, regulatory compliance, contract law expertise, dispute resolution"
8,inferred,Treasury Manager,"Manage escrow deposits, bank guarantees and related escrow account arrangements required under the power purchase agreements.","['escrow account management', 'cash flow forecasting', 'bank guarantee arrangements', 'financial reporting', 'funds reconciliation']","The utilities under the Power Purchase Agreement shall each deposit and maintain an amount equal to six months' capacity charges, pursuant to the Power Purchase Agreement in an escrow account with a depository satisfactory to RPCL.",P075941,10,012,"Treasury Manager Manage escrow deposits, bank guarantees and related escrow account arrangements required under the power purchase agreements. escrow account management, cash flow forecasting, bank guarantee arrangements, financial reporting, funds reconciliation"
9,inferred,Community Development Officer,Implement the Local Area Development Plan to deliver livelihood and basic service improvements to project-affected people.,"['community engagement', 'local development planning', 'livelihood restoration programs', 'stakeholder consultation', 'social safeguards implementation']",The Local Area Development Plan (LADP) will help ensure that the projectaffected people will reap tangible benefits from the RRFHP in terms of improved living standards and access to basic services.,P075941,10,013,"Community Development Officer Implement the Local Area Development Plan to deliver livelihood and basic service improvements to project-affected people. community engagement, local development planning, livelihood restoration programs, stakeholder consultation, social safeguards implementation"
1,inferred,Power systems analyst,Conduct the analytical work for a transmission interconnection between Tanzania and Zambia to support regional grid integration.,"['power system modeling', 'transmission planning studies', 'grid integration analysis', 'data analysis and interpretation', 'stakeholder coordination']","NELSAP is conducting the necessary analytical work for a transmission interconnection between Tanzania and Zambia, to connect the Eastern Africa Power Pool to the Southern Africa Power Pool.",P075941,11,014,"Power systems analyst Conduct the analytical work for a transmission interconnection between Tanzania and Zambia to support regional grid integration. power system modeling, transmission planning studies, grid integration analysis, data analysis and interpretation, stakeholder coordination"
2,inferred,Transmission line engineer,Design and develop interconnecting high-voltage transmission links required to realize regional power trade.,"['high-voltage transmission design', 'route survey and siting', 'electrical power engineering', 'construction supervision', 'environmental compliance']","The establishment of power development options also included the development of a regional transmission network, since for realization of the trade opportunities, interconnecting transmission links will be required.",P075941,11,015,"Transmission line engineer Design and develop interconnecting high-voltage transmission links required to realize regional power trade. high-voltage transmission design, route survey and siting, electrical power engineering, construction supervision, environmental compliance"
3,inferred,Hydropower project developer,"Develop hydropower resource potential in the Nile Equatorial Lakes region, including project identification and development activities.","['feasibility assessment', 'resource and hydrology assessment', 'project financing structuring', 'environmental and social appraisal', 'stakeholder engagement']",The countries in the NEL Region also will need to develop hydropower resource potential.,P075941,11,016,"Hydropower project developer Develop hydropower resource potential in the Nile Equatorial Lakes region, including project identification and development activities. feasibility assessment, resource and hydrology assessment, project financing structuring, environmental and social appraisal, stakeholder engagement"
4,inferred,Hydropower engineer,Provide technical design and development support for the Rusumo Falls hydropower dam as a jointly developed regional investment.,"['dam design', 'hydraulic engineering', 'structural analysis', 'construction oversight', 'environmental mitigation design']",The development of the Rusumo Falls hydropower dam has been of great interest to the NBI countries because it is a flagship regional investment -the first o be jointly developed by the direct beneficiary countries but with the support of the other riparian countries in the Nile Basin.,P075941,11,017,"Hydropower engineer Provide technical design and development support for the Rusumo Falls hydropower dam as a jointly developed regional investment. dam design, hydraulic engineering, structural analysis, construction oversight, environmental mitigation design"
1,inferred,Metering Technician,Install and replace prepayment electricity meters financed under the World Bank projects.,"['meter installation', 'electrical safety practices', 'meter testing and commissioning', 'customer metering configuration', 'site troubleshooting']","The World Bank is  financing the  acquisition and installation of 15,000 prepayment  meters  under  the  on-going Projet Multisectoriel Eau et Electricit6 Project  (PMIEE)  and another 15,000 prepayment meters  under the  Projet d'Urgence  pour  l'Assistance au  Secteur Energ6tique (PURSE) Project. All new household connections have  prepayment  meters. The credit meters  at  existing household  and  public institution are gradually being  replaced  with prepayment meters.",P075941,12,018,"Metering Technician Install and replace prepayment electricity meters financed under the World Bank projects. meter installation, electrical safety practices, meter testing and commissioning, customer metering configuration, site troubleshooting"
2,inferred,Power Systems Engineer,"Analyze and assess generation, transmission and distribution systems to identify technical and nontechnical losses and propose mitigation measures and loss-reduction targets.","['power system analysis', 'transmission and distribution engineering', 'loss diagnostics', 'data modeling and interpretation', 'technical reporting and recommendations']","EWSA has recently engaged Manitoba Hydro of Canada to (a)  analyse  and assess the  power generation, transmission and distribution systems (110kV down  to  0.4kV) all over  the country  in  view to  reduce  power losses of  the  grid, (b) identify both  technical and nontechnical losses with  a focus  on identifying the  source  of  the losses, and (c) propose immediate and long term measures for  mitigating losses and realistic loss  reduction targets over  the  period from  2012 -2017, including associated costs.",P075941,12,019,"Power Systems Engineer Analyze and assess generation, transmission and distribution systems to identify technical and nontechnical losses and propose mitigation measures and loss-reduction targets. power system analysis, transmission and distribution engineering, loss diagnostics, data modeling and interpretation, technical reporting and recommendations"
3,inferred,Procurement Officer,Manage contracting and procurement of short-term emergency thermal power supply for the utility.,"['public procurement procedures', 'contract negotiation', 'supplier assessment', 'contract management', 'energy procurement planning']","In addition, beginning  in May  2012, EWSA began contracting for  20 MW of, short-term emergency  thermal power from  Aggreko Company.",P075941,12,020,"Procurement Officer Manage contracting and procurement of short-term emergency thermal power supply for the utility. public procurement procedures, contract negotiation, supplier assessment, contract management, energy procurement planning"
4,inferred,Electrical Lineworker,Carry out new household electricity service connections under the Electricity Access Roll-out Program.,"['low-voltage network installation', 'service connection wiring', 'pole and line work', 'site safety and fall protection', 'customer site commissioning']","The numbers of new customer connections are  estimated at  around 80,000 per annum  as per the on-going Electricity Roll-out  Program (EARP)  funded by  IDA, BADEA/Saudi  Fund,  OFID, AFD and GoR.",P075941,12,021,"Electrical Lineworker Carry out new household electricity service connections under the Electricity Access Roll-out Program. low-voltage network installation, service connection wiring, pole and line work, site safety and fall protection, customer site commissioning"
1,explicit,Power Engineer,Serve as a member of the field-based implementation-support team providing technical support for the project's power aspects.,"['power systems analysis', 'electrical grid integration', 'technical oversight', 'field supervision']","The core implementation-support team will consist of a task team leader (TTL), a power engineer, an environmental safeguard specialist, a social-safeguards specialist, a procurement specialist, and a financial-management specialist.",P075941,13,022,"Power Engineer Serve as a member of the field-based implementation-support team providing technical support for the project's power aspects. power systems analysis, electrical grid integration, technical oversight, field supervision"
2,explicit,Environmental Safeguard Specialist,Provide environmental safeguard expertise as part of the implementation-support team to address critical safeguard issues.,"['environmental impact assessment', 'mitigation planning', 'environmental monitoring', 'regulatory compliance']","The core implementation-support team will consist of a task team leader (TTL), a power engineer, an environmental safeguard specialist, a social-safeguards specialist, a procurement specialist, and a financial-management specialist.",P075941,13,023,"Environmental Safeguard Specialist Provide environmental safeguard expertise as part of the implementation-support team to address critical safeguard issues. environmental impact assessment, mitigation planning, environmental monitoring, regulatory compliance"
3,explicit,Social Safeguards Specialist,Provide social safeguard expertise as part of the implementation-support team to manage resettlement and social impacts.,"['resettlement planning', 'stakeholder engagement', 'social impact assessment', 'grievance mechanisms']","The core implementation-support team will consist of a task team leader (TTL), a power engineer, an environmental safeguard specialist, a social-safeguards specialist, a procurement specialist, and a financial-management specialist.",P075941,13,024,"Social Safeguards Specialist Provide social safeguard expertise as part of the implementation-support team to manage resettlement and social impacts. resettlement planning, stakeholder engagement, social impact assessment, grievance mechanisms"
4,explicit,Procurement Specialist,Monitor and support procurement activities as a member of the implementation-support team.,"['public procurement rules', 'bid evaluation', 'contract management', 'procurement monitoring']","The core implementation-support team will consist of a task team leader (TTL), a power engineer, an environmental safeguard specialist, a social-safeguards specialist, a procurement specialist, and a financial-management specialist.",P075941,13,025,"Procurement Specialist Monitor and support procurement activities as a member of the implementation-support team. public procurement rules, bid evaluation, contract management, procurement monitoring"
5,explicit,Financial Management Specialist,Provide financial management support as part of the implementation-support team.,"['project financial reporting', 'budget monitoring', 'funds management', 'financial controls']","The core implementation-support team will consist of a task team leader (TTL), a power engineer, an environmental safeguard specialist, a social-safeguards specialist, a procurement specialist, and a financial-management specialist.",P075941,13,026,"Financial Management Specialist Provide financial management support as part of the implementation-support team. project financial reporting, budget monitoring, funds management, financial controls"
6,explicit,Institutional Specialist,Support the core team with institutional expertise in the electricity sector.,"['institutional analysis', 'energy sector knowledge', 'policy advisory', 'stakeholder coordination']","This team will receive support from an institutional specialist in the electricity sector, an electromechanical engineer, a civil engineer, a resettlement specialist, a hydropower specialist, a legal advisor, a water resources specialist, a communications specialist, and a monitoring and evaluation (M&amp;E) specialist.",P075941,13,027,"Institutional Specialist Support the core team with institutional expertise in the electricity sector. institutional analysis, energy sector knowledge, policy advisory, stakeholder coordination"
7,explicit,Electromechanical Engineer,Provide electromechanical technical support to the implementation-support team.,"['electromechanical systems', 'equipment commissioning', 'technical inspection', 'maintenance planning']","This team will receive support from an institutional specialist in the electricity sector, an electromechanical engineer, a civil engineer, a resettlement specialist, a hydropower specialist, a legal advisor, a water resources specialist, a communications specialist, and a monitoring and evaluation (M&amp;E) specialist.",P075941,13,028,"Electromechanical Engineer Provide electromechanical technical support to the implementation-support team. electromechanical systems, equipment commissioning, technical inspection, maintenance planning"
8,explicit,Civil Engineer,Provide civil engineering support to the implementation-support team for project construction and related works.,"['civil engineering design', 'site supervision', 'construction oversight', 'geotechnical assessment']","This team will receive support from an institutional specialist in the electricity sector, an electromechanical engineer, a civil engineer, a resettlement specialist, a hydropower specialist, a legal advisor, a water resources specialist, a communications specialist, and a monitoring and evaluation (M&amp;E) specialist.",P075941,13,029,"Civil Engineer Provide civil engineering support to the implementation-support team for project construction and related works. civil engineering design, site supervision, construction oversight, geotechnical assessment"
9,explicit,Resettlement Specialist,Support implementation of resettlement activities and the Resettlement Action Plan as part of the support team.,"['resettlement implementation', 'land acquisition procedures', 'livelihood restoration', 'community consultation']","This team will receive support from an institutional specialist in the electricity sector, an electromechanical engineer, a civil engineer, a resettlement specialist, a hydropower specialist, a legal advisor, a water resources specialist, a communications specialist, and a monitoring and evaluation (M&amp;E) specialist.",P075941,13,030,"Resettlement Specialist Support implementation of resettlement activities and the Resettlement Action Plan as part of the support team. resettlement implementation, land acquisition procedures, livelihood restoration, community consultation"
10,explicit,Hydropower Specialist,Provide hydropower technical support to the implementation-support team.,"['hydropower engineering', 'hydrological analysis', 'plant design review', 'operation planning']","This team will receive support from an institutional specialist in the electricity sector, an electromechanical engineer, a civil engineer, a resettlement specialist, a hydropower specialist, a legal advisor, a water resources specialist, a communications specialist, and a monitoring and evaluation (M&amp;E) specialist.",P075941,13,031,"Hydropower Specialist Provide hydropower technical support to the implementation-support team. hydropower engineering, hydrological analysis, plant design review, operation planning"
11,explicit,Legal Advisor,Provide legal advice and support to the implementation-support team.,"['contract law', 'project legal advisory', 'regulatory review', 'drafting agreements']","This team will receive support from an institutional specialist in the electricity sector, an electromechanical engineer, a civil engineer, a resettlement specialist, a hydropower specialist, a legal advisor, a water resources specialist, a communications specialist, and a monitoring and evaluation (M&amp;E) specialist.",P075941,13,032,"Legal Advisor Provide legal advice and support to the implementation-support team. contract law, project legal advisory, regulatory review, drafting agreements"
12,explicit,Water Resources Specialist,Provide water resources expertise to the support team for project water management issues.,"['hydrology analysis', 'water resource management', 'flow modeling', 'environmental water assessment']","This team will receive support from an institutional specialist in the electricity sector, an electromechanical engineer, a civil engineer, a resettlement specialist, a hydropower specialist, a legal advisor, a water resources specialist, a communications specialist, and a monitoring and evaluation (M&amp;E) specialist.",P075941,13,033,"Water Resources Specialist Provide water resources expertise to the support team for project water management issues. hydrology analysis, water resource management, flow modeling, environmental water assessment"
13,explicit,Communications Specialist,Support communications and stakeholder consultation activities as part of the implementation-support team.,"['stakeholder communication', 'public consultation', 'media engagement', 'information dissemination']","This team will receive support from an institutional specialist in the electricity sector, an electromechanical engineer, a civil engineer, a resettlement specialist, a hydropower specialist, a legal advisor, a water resources specialist, a communications specialist, and a monitoring and evaluation (M&amp;E) specialist.",P075941,13,034,"Communications Specialist Support communications and stakeholder consultation activities as part of the implementation-support team. stakeholder communication, public consultation, media engagement, information dissemination"
14,explicit,Monitoring and Evaluation Specialist,Provide monitoring and evaluation support as part of the implementation-support team to review project progress and safeguards implementation.,"['monitoring and evaluation', 'indicator tracking', 'data analysis', 'reporting and evaluation']","This team will receive support from an institutional specialist in the electricity sector, an electromechanical engineer, a civil engineer, a resettlement specialist, a hydropower specialist, a legal advisor, a water resources specialist, a communications specialist, and a monitoring and evaluation (M&amp;E) specialist.",P075941,13,035,"Monitoring and Evaluation Specialist Provide monitoring and evaluation support as part of the implementation-support team to review project progress and safeguards implementation. monitoring and evaluation, indicator tracking, data analysis, reporting and evaluation"
1,inferred,Communications Officer,Provide information to the public in accessible formats and maintain dialogue with stakeholders as part of the project's stakeholder dialogue and communications strategy.,"['public messaging', 'stakeholder engagement', 'media relations', 'information materials production', 'local language communication']","The stakeholder dialogue will focus on the role of the RRFHP in the promotion of the Africa Region's abundant, clean energy in support of economic development and poverty reduction. The strategy will provide information to the public in a format and language that can easily be understood and maintain a dialogue with stakeholders.",P075941,14,036,"Communications Officer Provide information to the public in accessible formats and maintain dialogue with stakeholders as part of the project's stakeholder dialogue and communications strategy. public messaging, stakeholder engagement, media relations, information materials production, local language communication"
2,inferred,Knowledge Management Specialist,Develop and manage a knowledge-management component to document best practices and share them with stakeholders involved in similar ventures.,"['documenting best practices', 'knowledge sharing', 'stakeholder capacity building', 'report writing', 'information dissemination']",The strategy will also include a knowledge-management component to document best practices and share them with stakeholders involved in similar ventures.,P075941,14,037,"Knowledge Management Specialist Develop and manage a knowledge-management component to document best practices and share them with stakeholders involved in similar ventures. documenting best practices, knowledge sharing, stakeholder capacity building, report writing, information dissemination"
3,inferred,Web Content Manager,Post all public project documents online on a dedicated project website and create hyperlinks to donor partner websites.,"['website content management', 'online document publishing', 'hyperlink management', 'web accessibility', 'content localization']","The RRFHP will adhere to the Bank's Access to Information Policy, and all public documents involving the project, including environmental and social impact reports, will be posted online on a dedicated website -www.worldbank.org/Rusomo. Hyperlinks to websites of all donor partners supporting RRFHP will be created.",P075941,14,038,"Web Content Manager Post all public project documents online on a dedicated project website and create hyperlinks to donor partner websites. website content management, online document publishing, hyperlink management, web accessibility, content localization"
4,inferred,Monitoring and Evaluation Specialist,Design and implement continuous feedback capture during project implementation and coordinate harnessing the capacity of civil society in monitoring activities.,"['data collection and analysis', 'feedback mechanism design', 'community monitoring coordination', 'evaluation reporting', 'indicator development']","Therefore the Project's communications strategy emphasizes the continuous capturing of feedback during project implementation, harnessing the capacity of civil society in monitoring activities.",P075941,14,039,"Monitoring and Evaluation Specialist Design and implement continuous feedback capture during project implementation and coordinate harnessing the capacity of civil society in monitoring activities. data collection and analysis, feedback mechanism design, community monitoring coordination, evaluation reporting, indicator development"
5,inferred,Community Liaison Officer,Conduct communications and consultations with affected communities to enhance public understanding of the project's strategic importance and to manage stakeholder issues.,"['community consultations', 'stakeholder engagement', 'grievance handling', 'social mobilization', 'local stakeholder mapping']","The Project's comprehensive program of communications and consultations will enhance public understanding of the Project's strategic importance to achieving national development objectives in the beneficiary countries of Burundi, Rwanda and Tanzania.",P075941,14,040,"Community Liaison Officer Conduct communications and consultations with affected communities to enhance public understanding of the project's strategic importance and to manage stakeholder issues. community consultations, stakeholder engagement, grievance handling, social mobilization, local stakeholder mapping"
1,inferred,Construction Worker,Provide labor and execute works during the construction phase of the project.,"['construction site safety', 'heavy equipment operation', 'earthworks and concrete works', 'reading engineering drawings', 'work at heights safety']",The project will directly benefit the population in the project area by providing employment opportunities both during the construction phase and during plant operations over the long term.,P075941,1,041,"Construction Worker Provide labor and execute works during the construction phase of the project. construction site safety, heavy equipment operation, earthworks and concrete works, reading engineering drawings, work at heights safety"
2,inferred,Plant Operator,Operate and manage plant equipment during long-term plant operations.,"['hydroelectric equipment operation', 'routine maintenance procedures', 'monitoring and control systems operation', 'safety and emergency response', 'operational record keeping']",The project will directly benefit the population in the project area by providing employment opportunities both during the construction phase and during plant operations over the long term.,P075941,1,042,"Plant Operator Operate and manage plant equipment during long-term plant operations. hydroelectric equipment operation, routine maintenance procedures, monitoring and control systems operation, safety and emergency response, operational record keeping"
3,inferred,Community Liaison Officer,Plan and conduct extensive public consultations as part of the assessment and engagement with affected communities.,"['stakeholder engagement', 'public consultation facilitation', 'grievance redress management', 'community outreach and mobilization', 'reporting and documentation']",The project includes extensive public consultations as an integral part of the assessment.,P075941,1,043,"Community Liaison Officer Plan and conduct extensive public consultations as part of the assessment and engagement with affected communities. stakeholder engagement, public consultation facilitation, grievance redress management, community outreach and mobilization, reporting and documentation"
4,inferred,Transmission Line Engineer,"Design, supervise and manage the construction of transmission lines across beneficiary countries.","['overhead line design', 'structural analysis', 'site supervision', 'health and safety compliance', 'construction project management']","(c) The construction of transmission lines in the beneficiary countries as follows: 161 km in Burundi, 119 km in Rwanda and 98.20 km in Tanzania.",P075941,1,044,"Transmission Line Engineer Design, supervise and manage the construction of transmission lines across beneficiary countries. overhead line design, structural analysis, site supervision, health and safety compliance, construction project management"
1,explicit,Project Manager,Support set-up operations of the Rusumo Power Company Limited and the Rusumo Project Implementation Unit by providing project management staff.,"['project planning and scheduling', 'contract supervision', 'stakeholder coordination', 'reporting and monitoring']","This component will also finance staff costs to support the set-up operations of the Rusumo Power Company Limited  (RPCL) and NELSAP Rusumo Project Implementation  Unit (RPIU)  including a  project manager, senior  engineers  (civil, electrical and mechanical), a  quantity surveyor, a  safeguards  team, a procurement specialist, a  financial management  specialist, accounts and  logistics assistant, a communications  specialist and other  technical staff.",P075941,2,045,"Project Manager Support set-up operations of the Rusumo Power Company Limited and the Rusumo Project Implementation Unit by providing project management staff. project planning and scheduling, contract supervision, stakeholder coordination, reporting and monitoring"
2,explicit,Civil Engineer,"Provide senior civil engineering expertise for design, construction and supervision of the power plant complex and associated civil works.","['structural design and analysis', 'site supervision', 'earthworks and concrete technology', 'construction quality control']","This component will also finance staff costs to support the set-up operations of the Rusumo Power Company Limited  (RPCL) and NELSAP Rusumo Project Implementation  Unit (RPIU)  including a  project manager, senior  engineers  (civil, electrical and mechanical), a  quantity surveyor, a  safeguards  team, a procurement specialist, a  financial management  specialist, accounts and  logistics assistant, a communications  specialist and other  technical staff.",P075941,2,046,"Civil Engineer Provide senior civil engineering expertise for design, construction and supervision of the power plant complex and associated civil works. structural design and analysis, site supervision, earthworks and concrete technology, construction quality control"
3,explicit,Electrical Engineer,"Provide senior electrical engineering expertise for mechanical and electrical works, substations and power complex control systems.","['power systems design', 'substation and protection design', 'control systems integration', 'commissioning support']","This component will also finance staff costs to support the set-up operations of the Rusumo Power Company Limited  (RPCL) and NELSAP Rusumo Project Implementation  Unit (RPIU)  including a  project manager, senior  engineers  (civil, electrical and mechanical), a  quantity surveyor, a  safeguards  team, a procurement specialist, a  financial management  specialist, accounts and  logistics assistant, a communications  specialist and other  technical staff.",P075941,2,047,"Electrical Engineer Provide senior electrical engineering expertise for mechanical and electrical works, substations and power complex control systems. power systems design, substation and protection design, control systems integration, commissioning support"
4,explicit,Mechanical Engineer,"Provide senior mechanical engineering oversight for hydromechanical equipment, turbine-generator sets and auxiliaries.","['rotating equipment installation', 'hydromechanical systems', 'mechanical testing and commissioning', 'maintenance planning']","This component will also finance staff costs to support the set-up operations of the Rusumo Power Company Limited  (RPCL) and NELSAP Rusumo Project Implementation  Unit (RPIU)  including a  project manager, senior  engineers  (civil, electrical and mechanical), a  quantity surveyor, a  safeguards  team, a procurement specialist, a  financial management  specialist, accounts and  logistics assistant, a communications  specialist and other  technical staff.",P075941,2,048,"Mechanical Engineer Provide senior mechanical engineering oversight for hydromechanical equipment, turbine-generator sets and auxiliaries. rotating equipment installation, hydromechanical systems, mechanical testing and commissioning, maintenance planning"
5,explicit,Quantity Surveyor,"Provide cost estimation, measurement and contract cost control for the power plant complex civil and related works.","['bill of quantities preparation', 'cost estimation', 'contract measurement', 'cost control and reporting']","This component will also finance staff costs to support the set-up operations of the Rusumo Power Company Limited  (RPCL) and NELSAP Rusumo Project Implementation  Unit (RPIU)  including a  project manager, senior  engineers  (civil, electrical and mechanical), a  quantity surveyor, a  safeguards  team, a procurement specialist, a  financial management  specialist, accounts and  logistics assistant, a communications  specialist and other  technical staff.",P075941,2,049,"Quantity Surveyor Provide cost estimation, measurement and contract cost control for the power plant complex civil and related works. bill of quantities preparation, cost estimation, contract measurement, cost control and reporting"
6,explicit,Procurement Specialist,"Support procurement processes, contractor selection and procurement administration for project works and goods.","['public procurement procedures', 'bid evaluation', 'contract administration', 'procurement planning']","This component will also finance staff costs to support the set-up operations of the Rusumo Power Company Limited  (RPCL) and NELSAP Rusumo Project Implementation  Unit (RPIU)  including a  project manager, senior  engineers  (civil, electrical and mechanical), a  quantity surveyor, a  safeguards  team, a procurement specialist, a  financial management  specialist, accounts and  logistics assistant, a communications  specialist and other  technical staff.",P075941,2,050,"Procurement Specialist Support procurement processes, contractor selection and procurement administration for project works and goods. public procurement procedures, bid evaluation, contract administration, procurement planning"
7,explicit,Financial Management Specialist,"Provide financial management oversight including budgeting, financial reporting and coordination of audits during project setup and implementation.","['budget preparation', 'financial reporting', 'fund disbursement control', 'audit coordination']","This component will also finance staff costs to support the set-up operations of the Rusumo Power Company Limited  (RPCL) and NELSAP Rusumo Project Implementation  Unit (RPIU)  including a  project manager, senior  engineers  (civil, electrical and mechanical), a  quantity surveyor, a  safeguards  team, a procurement specialist, a  financial management  specialist, accounts and  logistics assistant, a communications  specialist and other  technical staff.",P075941,2,051,"Financial Management Specialist Provide financial management oversight including budgeting, financial reporting and coordination of audits during project setup and implementation. budget preparation, financial reporting, fund disbursement control, audit coordination"
8,inferred,Accounts Assistant,Handle accounts tasks to support project financial transactions and bookkeeping for the project implementation unit.,"['bookkeeping and ledgers', 'payment processing', 'invoice reconciliation', 'basic financial reporting']","This component will also finance staff costs to support the set-up operations of the Rusumo Power Company Limited  (RPCL) and NELSAP Rusumo Project Implementation  Unit (RPIU)  including a  project manager, senior  engineers  (civil, electrical and mechanical), a  quantity surveyor, a  safeguards  team, a procurement specialist, a  financial management  specialist, accounts and  logistics assistant, a communications  specialist and other  technical staff.",P075941,2,052,"Accounts Assistant Handle accounts tasks to support project financial transactions and bookkeeping for the project implementation unit. bookkeeping and ledgers, payment processing, invoice reconciliation, basic financial reporting"
9,inferred,Logistics Assistant,"Support logistics functions including procurement logistics, transport coordination and site supplies for project implementation.","['inventory management', 'transport coordination', 'supply chain planning', 'site logistics coordination']","This component will also finance staff costs to support the set-up operations of the Rusumo Power Company Limited  (RPCL) and NELSAP Rusumo Project Implementation  Unit (RPIU)  including a  project manager, senior  engineers  (civil, electrical and mechanical), a  quantity surveyor, a  safeguards  team, a procurement specialist, a  financial management  specialist, accounts and  logistics assistant, a communications  specialist and other  technical staff.",P075941,2,053,"Logistics Assistant Support logistics functions including procurement logistics, transport coordination and site supplies for project implementation. inventory management, transport coordination, supply chain planning, site logistics coordination"
10,explicit,Communications Specialist,"Provide communications support, stakeholder engagement and disclosure activities during project preparation and implementation.","['stakeholder communications', 'public consultation', 'media relations', 'information disclosure']","This component will also finance staff costs to support the set-up operations of the Rusumo Power Company Limited  (RPCL) and NELSAP Rusumo Project Implementation  Unit (RPIU)  including a  project manager, senior  engineers  (civil, electrical and mechanical), a  quantity surveyor, a  safeguards  team, a procurement specialist, a  financial management  specialist, accounts and  logistics assistant, a communications  specialist and other  technical staff.",P075941,2,054,"Communications Specialist Provide communications support, stakeholder engagement and disclosure activities during project preparation and implementation. stakeholder communications, public consultation, media relations, information disclosure"
11,inferred,Environmental and Social Specialist,Implement the Environmental and Social Management Plan and the Resettlement Action Plan including compensation and livelihood restoration activities.,"['resettlement planning', 'livelihood restoration', 'environmental mitigation design', 'stakeholder engagement']",This component will  finance the  Environmental and Social Management  Plan (ESMP) and the Resettlement Action Plan (RAP)  including cash compensation to approximately Six  Hundred  Sixty Four  (664) project  affected  households and implementation of  the  associated Livelihood Restoration Program and the  Local  Area Development  Plan  (LADP).,P075941,2,055,"Environmental and Social Specialist Implement the Environmental and Social Management Plan and the Resettlement Action Plan including compensation and livelihood restoration activities. resettlement planning, livelihood restoration, environmental mitigation design, stakeholder engagement"
12,explicit,Owner's Engineer,"Provide technical oversight and coordination of procurement, design, construction, interface management and preparation for operation and maintenance, and coordinate ESMP and RAP implementation.","['technical oversight', 'construction supervision', 'interface management', 'compliance coordination']","This component will finance an Owner's Engineer to assist the Project entity with: (i) overall project management  and supervision of the procurement,  design, construction, interface management and  preparation for operation and  maintenance of  the power plant complex; and (ii) coordination of  the implementation of  the ESMP RAP.",P075941,2,056,"Owner's Engineer Provide technical oversight and coordination of procurement, design, construction, interface management and preparation for operation and maintenance, and coordinate ESMP and RAP implementation. technical oversight, construction supervision, interface management, compliance coordination"
13,inferred,Construction Supervisor,"Supervise excavation, tunneling, concrete works, access road construction and on-site construction facilities for the power plant complex.","['site supervision', 'construction safety management', 'scheduling and sequencing', 'quality assurance']","This component comprises all  excavation/earth works, tunneling  and  concrete  for the power  plant complex  structures, including  a  barrage and  gated spillway, intake works  and diversion/power canal, surface powerhouse,  access roads  and construction site facilities such  as  offices and  housing.",P075941,2,057,"Construction Supervisor Supervise excavation, tunneling, concrete works, access road construction and on-site construction facilities for the power plant complex. site supervision, construction safety management, scheduling and sequencing, quality assurance"
14,inferred,Geotechnical Engineer,Assess geological risk and provide geotechnical input for civil works and tunneling under a remeasurable civil works contract.,"['subsurface investigation', 'tunneling risk assessment', 'slope stability analysis', 'foundation design']","For these reasons, the project will be implemented  under  a two contract arrangement: (i)  civil works on a remeasurable  basis to  cater for  the geological risk; and (ii) E&M plant including hydromechanical equipment  on  an EPC basis.",P075941,2,058,"Geotechnical Engineer Assess geological risk and provide geotechnical input for civil works and tunneling under a remeasurable civil works contract. subsurface investigation, tunneling risk assessment, slope stability analysis, foundation design"
15,inferred,Commissioning Engineer,"Carry out testing and commissioning of hydro-mechanical equipment, turbine-generator sets, substation and control systems for the power complex.","['testing and commissioning', 'system integration', 'performance validation', 'test procedure development']","This component  will  include  supply,  installation, testing and commissioning of: (i) hydro-mechanical equipment;  (ii) turbine-generator sets  and auxiliaries; (iii) generation substation; and  (iv) power  complex control and communications  equipment.",P075941,2,059,"Commissioning Engineer Carry out testing and commissioning of hydro-mechanical equipment, turbine-generator sets, substation and control systems for the power complex. testing and commissioning, system integration, performance validation, test procedure development"
16,inferred,Transmission Line Engineer,Design and supervise construction of the three transmission lines connecting the Rusumo power station to national grids.,"['transmission design and routing', 'tower erection supervision', 'stringing operations', 'transmission testing']","This component will consist of  construction of three  transmission lines  from Rusumo to:  (i)  Gitega,  Burundi (161 km); (ii)  Kigali, Rwanda (119 km); and  (iii) Nyakanazi, Tanzania (98.2 km).",P075941,2,060,"Transmission Line Engineer Design and supervise construction of the three transmission lines connecting the Rusumo power station to national grids. transmission design and routing, tower erection supervision, stringing operations, transmission testing"
1,explicit,Project Manager,Serve as head of the Rusumo Project Implementation Unit and lead project implementation at the unit level.,"['project management', 'stakeholder coordination', 'program monitoring', 'contract oversight', 'reporting and communication']",The RPIU will be staffed with a project manager as head of the Unit.,P075941,3,061,"Project Manager Serve as head of the Rusumo Project Implementation Unit and lead project implementation at the unit level. project management, stakeholder coordination, program monitoring, contract oversight, reporting and communication"
2,explicit,Owner's Engineer,"Provide overall project management and supervision of procurement, design, construction, interfacing with management and preparation for operation and maintenance; coordinate implementation of the Environmental and Social Management Plan and related livelihood and community development follow-up, including grievance handling.","['construction supervision', 'engineering design review', 'procurement oversight', 'environmental and social coordination', 'grievance handling']","The RPIU will be supported by the Owner's Engineer who will be responsible for: (i) overall project management and supervision of the procurement, design, construction, interfacing with management and preparation for the operation and maintenance of the power plant complex; and (ii) coordination of the implementation of the Environmental and Social Management Plan (ESMP) and the follow-up activities related to livelihood restoration, and community development programs under the Resettlement Action Plan (RAP), including handling of grievance mechanisms.",P075941,3,062,"Owner's Engineer Provide overall project management and supervision of procurement, design, construction, interfacing with management and preparation for operation and maintenance; coordinate implementation of the Environmental and Social Management Plan and related livelihood and community development follow-up, including grievance handling. construction supervision, engineering design review, procurement oversight, environmental and social coordination, grievance handling"
3,explicit,Commissioner for Energy,Serve on the Project Steering Committee to provide oversight of the Rusumo Project Implementation Unit and ensure timely and quality project implementation.,"['policy oversight', 'strategic coordination', 'inter-agency communication', 'project governance', 'performance oversight']",The PSC will provide an oversight function and shall be comprised of an official from the Ministry of Energy (at the level of Commissioner for energy) and the utility (at least at the level of head of the generation department) from each of the respective beneficiary countries.,P075941,3,063,"Commissioner for Energy Serve on the Project Steering Committee to provide oversight of the Rusumo Project Implementation Unit and ensure timely and quality project implementation. policy oversight, strategic coordination, inter-agency communication, project governance, performance oversight"
4,explicit,Head of Generation Department,"Participate on the Project Steering Committee to oversee RPIU functions, provide technical oversight and cross-coordination support for project implementation.","['power generation expertise', 'technical oversight', 'operational coordination', 'stakeholder engagement', 'reporting oversight']",The PSC will provide an oversight function and shall be comprised of an official from the Ministry of Energy (at the level of Commissioner for energy) and the utility (at least at the level of head of the generation department) from each of the respective beneficiary countries.,P075941,3,064,"Head of Generation Department Participate on the Project Steering Committee to oversee RPIU functions, provide technical oversight and cross-coordination support for project implementation. power generation expertise, technical oversight, operational coordination, stakeholder engagement, reporting oversight"
5,inferred,Water Resources Manager,"Ensure coordinated post-construction water resources management for the Kagera River Basin, including compliance with water use rights, maintaining water levels and quality, and periodic reporting on water use.","['hydrological analysis', 'water use rights compliance', 'water quality monitoring', 'intergovernmental coordination', 'technical reporting']","To ensure coordinated management of the water use during the post-construction a d operation of the Power Plant Complex, a Water Resources Technical Sub-committee will be established to ensure adequate water resources management of the Kagera River Basin. The Water Resources Technical Sub-committee shall be responsible for: (i) ensuring compliance with the water use rights and related aspects; (ii) providing oversight in maintaining water levels to ensure that the natural life, water quality and quantity and the Kagera River Basin-wide surroundings, are not adversely affected by the Project; and (iii) facilitating governmental and inter-governmental actions that may be required, including consistent periodic and accurate reporting to the Kagera River Basin Management Team of the water use, including the water quality and quantity.",P075941,3,065,"Water Resources Manager Ensure coordinated post-construction water resources management for the Kagera River Basin, including compliance with water use rights, maintaining water levels and quality, and periodic reporting on water use. hydrological analysis, water use rights compliance, water quality monitoring, intergovernmental coordination, technical reporting"
6,inferred,Financial Management Specialist,"Implement disbursement and financial management procedures, prepare unaudited interim financial reports and financial statements, and support financial administration of the project.","['public sector accounting', 'financial reporting', 'disbursement processing', 'audit coordination', 'financial analysis']","The Project Implementation Manual shall include the following provisions: (a) capacity building activities for sustained achievement of the Project's objectives; (b) disbursement, financial management and procurement procedures; (c) institutional administration, coordination and day-to-day execution of activities of the Project; (d) monitoring, evaluation, reporting, information, education and communication; (e) Project impact and implementation indicators, including the procedures for monitoring and evaluation of the Project activities; (f) the pertinent environmental and social safeguard documents; (h) the format of the unaudited interim financial reports and the Financial Statements; and (i) any such other administrative, financial, technical and organizational arrangements and procedures as shall be required for the Project.",P075941,3,066,"Financial Management Specialist Implement disbursement and financial management procedures, prepare unaudited interim financial reports and financial statements, and support financial administration of the project. public sector accounting, financial reporting, disbursement processing, audit coordination, financial analysis"
7,inferred,Procurement Specialist,"Develop and implement procurement procedures and arrangements for project goods, works and services in accordance with the Project Implementation Manual.","['tender preparation', 'bid evaluation', 'contract management', 'procurement compliance', 'vendor management']","The Project Implementation Manual shall include the following provisions: (a) capacity building activities for sustained achievement of the Project's objectives; (b) disbursement, financial management and procurement procedures; (c) institutional administration, coordination and day-to-day execution of activities of the Project; (d) monitoring, evaluation, reporting, information, education and communication; (e) Project impact and implementation indicators, including the procedures for monitoring and evaluation of the Project activities; (f) the pertinent environmental and social safeguard documents; (h) the format of the unaudited interim financial reports and the Financial Statements; and (i) any such other administrative, financial, technical and organizational arrangements and procedures as shall be required for the Project.",P075941,3,067,"Procurement Specialist Develop and implement procurement procedures and arrangements for project goods, works and services in accordance with the Project Implementation Manual. tender preparation, bid evaluation, contract management, procurement compliance, vendor management"
8,inferred,Monitoring and Evaluation Specialist,"Design and implement results monitoring and evaluation for project indicators, track construction and commissioning progress, and monitor implementation of the Environmental and Social Management Plan and Resettlement Action Plan.","['indicator framework design', 'data analysis', 'field monitoring', 'impact evaluation', 'report writing']","The RPIU will be responsible for results monitoring and evaluation. Activities to be monitored include the timely and efficient construction and commissioning of the power plant complex, the transmission lines, and effective implementation of the ESMP and RAP.",P075941,3,068,"Monitoring and Evaluation Specialist Design and implement results monitoring and evaluation for project indicators, track construction and commissioning progress, and monitor implementation of the Environmental and Social Management Plan and Resettlement Action Plan. indicator framework design, data analysis, field monitoring, impact evaluation, report writing"
9,inferred,Field Data Collector,"Collect project monitoring data including construction progress, environmental and social impact information, and resettlement monitoring data for the Rusumo project.","['household survey implementation', 'field interviewing', 'data entry and quality control', 'GPS and mapping', 'sample collection']",Data collection will also be the responsibility of the RPIU.,P075941,3,069,"Field Data Collector Collect project monitoring data including construction progress, environmental and social impact information, and resettlement monitoring data for the Rusumo project. household survey implementation, field interviewing, data entry and quality control, GPS and mapping, sample collection"
10,inferred,Power Plant Operator,"Operate and maintain the power plant complex after construction, either directly by the owner or delegated to a competent private entity.","['power plant operation', 'equipment maintenance', 'safety and compliance', 'troubleshooting', 'preventive maintenance']","Following the power plant construction period, the RPCL will be responsible for the operations and maintenance of the power plant complex (delegating to a competent private entity).",P075941,3,070,"Power Plant Operator Operate and maintain the power plant complex after construction, either directly by the owner or delegated to a competent private entity. power plant operation, equipment maintenance, safety and compliance, troubleshooting, preventive maintenance"
11,inferred,Environmental and Social Safeguards Specialist,"Coordinate and support implementation of the Environmental and Social Management Plan and follow-up livelihood and community development activities under the Resettlement Action Plan, including grievance mechanism handling.","['safeguards implementation', 'resettlement planning', 'community engagement', 'grievance redress', 'impact monitoring']","The RPIU will be supported by the Owner's Engineer who will be responsible for: (i) overall project management and supervision of the procurement, design, construction, interfacing with management and preparation for the operation and maintenance of the power plant complex; and (ii) coordination of the implementation of the Environmental and Social Management Plan (ESMP) and the follow-up activities related to livelihood restoration, and community development programs under the Resettlement Action Plan (RAP), including handling of grievance mechanisms.",P075941,3,071,"Environmental and Social Safeguards Specialist Coordinate and support implementation of the Environmental and Social Management Plan and follow-up livelihood and community development activities under the Resettlement Action Plan, including grievance mechanism handling. safeguards implementation, resettlement planning, community engagement, grievance redress, impact monitoring"
12,inferred,Environmental Compliance Auditor,Carry out periodic technical and compliance audits of environmental and social risk mitigation measures and report audit findings.,"['environmental auditing', 'compliance assessment', 'report preparation', 'mitigation monitoring', 'field inspection']","This will include quarterly implementation progress and financial reports by the project RPIU with support from the Owner's Engineer, as well as periodic technical and compliance audits of the environment and social risk mitigation measures.",P075941,3,072,"Environmental Compliance Auditor Carry out periodic technical and compliance audits of environmental and social risk mitigation measures and report audit findings. environmental auditing, compliance assessment, report preparation, mitigation monitoring, field inspection"
1,explicit,Owner's Engineer,Provide technical support and oversight to the Rusumo Project Implementation Unit during project implementation.,"['hydropower engineering', 'technical oversight', 'design review', 'construction supervision', 'commissioning planning']","The RPIU will be supported by the Owner's Engineer and will be responsible for: (i) overall project management and supervision of the procurement, design, construction and preparation for operation and maintenance of the power plant complex and transmission lines; and (ii) coordination of the implementation of the Environmental and Social Management Plan (ESMP) and the Resettlement Action Plan (RAP).",P075941,4,073,"Owner's Engineer Provide technical support and oversight to the Rusumo Project Implementation Unit during project implementation. hydropower engineering, technical oversight, design review, construction supervision, commissioning planning"
2,inferred,Project Manager,"Manage and supervise procurement, design, construction and preparation for operation and maintenance of the power plant complex and transmission lines on behalf of the Rusumo Project Implementation Unit.","['infrastructure project management', 'stakeholder coordination', 'schedule management', 'risk management', 'contract oversight']","The RPIU will be supported by the Owner's Engineer and will be responsible for: (i) overall project management and supervision of the procurement, design, construction and preparation for operation and maintenance of the power plant complex and transmission lines; and (ii) coordination of the implementation of the Environmental and Social Management Plan (ESMP) and the Resettlement Action Plan (RAP).",P075941,4,074,"Project Manager Manage and supervise procurement, design, construction and preparation for operation and maintenance of the power plant complex and transmission lines on behalf of the Rusumo Project Implementation Unit. infrastructure project management, stakeholder coordination, schedule management, risk management, contract oversight"
3,inferred,Procurement Specialist,Manage and coordinate procurement activities for the project to mitigate limited implementation capacity.,"['public procurement procedures', 'bid evaluation', 'contract packaging', 'procurement planning', 'supplier management']","The newly established RPCL will not have the experience and capacity in the implementation of large-scale infrastructure projects, especially in the areas of procurement, financial management and contract management. To mitigate these risks, the Rusumo RPIU at NELSAP will manage and coordinate all the activities on behalf of the RPCL.",P075941,4,075,"Procurement Specialist Manage and coordinate procurement activities for the project to mitigate limited implementation capacity. public procurement procedures, bid evaluation, contract packaging, procurement planning, supplier management"
4,inferred,Financial Management Specialist,Provide financial management capacity and oversight to support project implementation and address identified capacity gaps.,"['budgeting and forecasting', 'financial reporting', 'fund disbursement controls', 'project accounting', 'audit readiness']","The newly established RPCL will not have the experience and capacity in the implementation of large-scale infrastructure projects, especially in the areas of procurement, financial management and contract management. To mitigate these risks, the Rusumo RPIU at NELSAP will manage and coordinate all the activities on behalf of the RPCL.",P075941,4,076,"Financial Management Specialist Provide financial management capacity and oversight to support project implementation and address identified capacity gaps. budgeting and forecasting, financial reporting, fund disbursement controls, project accounting, audit readiness"
5,inferred,Contract Manager,Manage and coordinate contract management for procurement and construction contracts under the project.,"['contract administration', 'claims management', 'contract negotiation', 'performance monitoring', 'compliance review']","The newly established RPCL will not have the experience and capacity in the implementation of large-scale infrastructure projects, especially in the areas of procurement, financial management and contract management. To mitigate these risks, the Rusumo RPIU at NELSAP will manage and coordinate all the activities on behalf of the RPCL.",P075941,4,077,"Contract Manager Manage and coordinate contract management for procurement and construction contracts under the project. contract administration, claims management, contract negotiation, performance monitoring, compliance review"
6,inferred,Environmental Specialist,Coordinate and implement the Environmental and Social Management Plan for the power plant complex and transmission lines.,"['environmental impact mitigation', 'environmental monitoring', 'permit compliance', 'environmental management planning', 'stakeholder engagement']","The RPIU will be supported by the Owner's Engineer and will be responsible for: (i) overall project management and supervision of the procurement, design, construction and preparation for operation and maintenance of the power plant complex and transmission lines; and (ii) coordination of the implementation of the Environmental and Social Management Plan (ESMP) and the Resettlement Action Plan (RAP).",P075941,4,078,"Environmental Specialist Coordinate and implement the Environmental and Social Management Plan for the power plant complex and transmission lines. environmental impact mitigation, environmental monitoring, permit compliance, environmental management planning, stakeholder engagement"
7,inferred,Resettlement Specialist,Coordinate and implement the Resettlement Action Plan to manage impacts on project affected people.,"['resettlement planning', 'land acquisition management', 'stakeholder consultation', 'livelihood restoration', 'beneficiary verification']","The RPIU will be supported by the Owner's Engineer and will be responsible for: (i) overall project management and supervision of the procurement, design, construction and preparation for operation and maintenance of the power plant complex and transmission lines; and (ii) coordination of the implementation of the Environmental and Social Management Plan (ESMP) and the Resettlement Action Plan (RAP).",P075941,4,079,"Resettlement Specialist Coordinate and implement the Resettlement Action Plan to manage impacts on project affected people. resettlement planning, land acquisition management, stakeholder consultation, livelihood restoration, beneficiary verification"
8,inferred,Power Plant Operator,Operate the power plant under a competitively selected private operator contract and enforce Power Purchase Agreement obligations to ensure safe and reliable dam operations.,"['hydropower plant operations', 'safety management', 'plant performance optimization', 'power purchase agreement enforcement', 'operations monitoring']","The Power Plant operations will be contracted out to a competitively-selected private operator, and this operator will receive the delegated authority to enforce the PPA obligations. The operator will also provide the necessary expertise to ensure safe and reliable dam operations.",P075941,4,080,"Power Plant Operator Operate the power plant under a competitively selected private operator contract and enforce Power Purchase Agreement obligations to ensure safe and reliable dam operations. hydropower plant operations, safety management, plant performance optimization, power purchase agreement enforcement, operations monitoring"
9,inferred,Safeguards Specialist,"Staff the Rusumo Project Implementation Unit safeguards unit and implement safeguards instruments, including cross-boundary modalities.","['safeguards implementation', 'cross-boundary coordination', 'monitoring and reporting', 'stakeholder engagement', 'compliance assessment']","Poor execution of safeguards instruments. Due diligence on environmental and social risks carried out during project preparation has resulted in the development of a set of environment and social safeguard instruments designed to effectively mitigate these risks, as well as enhance stakeholder awareness and stress the need to be proactive in ensuring compliance with these instruments. Nevertheless, the RPIU has a limited track record and capacity to implement safeguards instruments especially the cross boundary implementation modalities. The RPIU will include a safeguards unit, while a safeguards panel has also been instituted.",P075941,4,081,"Safeguards Specialist Staff the Rusumo Project Implementation Unit safeguards unit and implement safeguards instruments, including cross-boundary modalities. safeguards implementation, cross-boundary coordination, monitoring and reporting, stakeholder engagement, compliance assessment"
10,inferred,Technical Auditor,Conduct regular third party technical audits of safeguards measures to ensure compliance with safeguard policies.,"['technical audit methods', 'safeguards compliance auditing', 'report writing', 'field inspections', 'risk assessment']","The RPIU will include a safeguards unit, while a safeguards panel has also been instituted. A regular third party technical audit of safeguards measures will also ensure compliance with safeguard policies.",P075941,4,082,"Technical Auditor Conduct regular third party technical audits of safeguards measures to ensure compliance with safeguard policies. technical audit methods, safeguards compliance auditing, report writing, field inspections, risk assessment"
11,inferred,Communications Specialist,Provide communication support to the Rusumo Project Implementation Unit to increase implementation capacity and improve coordination.,"['stakeholder communications', 'public consultation', 'information dissemination', 'media relations', 'community outreach']","Planned additional capacity support to the RPIU on technical, environmental, social and communication aspects will also help to increase capacity to implement the project and improve coordination.",P075941,4,083,"Communications Specialist Provide communication support to the Rusumo Project Implementation Unit to increase implementation capacity and improve coordination. stakeholder communications, public consultation, information dissemination, media relations, community outreach"
1,explicit,Internal Auditor,Fill the vacant Internal Auditor post for the implementing entity and perform internal audit functions during project implementation.,"['public sector auditing', 'financial control systems', 'interim financial reporting', 'audit risk assessment']","NELSAP is yet to fill the post of Internal Auditor although the process has been initiated and recruitment in process. Until a candidate has been identified and recruited, this remains a weak area and as such will be a dated covenant until addressed and recruitment process is finalized.",P075941,5,084,"Internal Auditor Fill the vacant Internal Auditor post for the implementing entity and perform internal audit functions during project implementation. public sector auditing, financial control systems, interim financial reporting, audit risk assessment"
2,explicit,Procurement Specialist,"Support and manage procurement functions for the Rusumo Project, including selection of consultants and processing procurement under Bank guidelines.","['World Bank procurement rules', 'procurement planning', 'consultant selection procedures', 'contract management']",The risk for procurement is rated High in view of the volume and complexity of procurement contracts to be implemented under the project. New staff will be hired for the Rusumo Project to support procurement functions.,P075941,5,085,"Procurement Specialist Support and manage procurement functions for the Rusumo Project, including selection of consultants and processing procurement under Bank guidelines. World Bank procurement rules, procurement planning, consultant selection procedures, contract management"
3,explicit,Contractor,Prepare and implement a detailed environmental and social management plan as part of construction obligations.,"['environmental management plan implementation', 'construction site mitigation', 'waste and pollution control', 'contract compliance']","In addition, the contractor will be required to prepare and implement a detailed environmental and social management plan (ESMP).",P075941,5,086,"Contractor Prepare and implement a detailed environmental and social management plan as part of construction obligations. environmental management plan implementation, construction site mitigation, waste and pollution control, contract compliance"
4,inferred,Environmental and Social Specialist,Establish and staff an Environmental and Social Management Unit to implement the environment and social management plan and related safeguards (RAP and Local Area Development Plan).,"['environment and social safeguards', 'implementation monitoring', 'mitigation planning', 'community consultation']",The overall responsibility for ESMP implementation will be with the RPIU which will establish an Environmental and Social Management Unit (ESMU) reporting to the RPIU Manager and ensuring ESMP implementation as well as implementation of RAP and LADP.,P075941,5,087,"Environmental and Social Specialist Establish and staff an Environmental and Social Management Unit to implement the environment and social management plan and related safeguards (RAP and Local Area Development Plan). environment and social safeguards, implementation monitoring, mitigation planning, community consultation"
5,inferred,Resettlement Specialist,Implement the Resettlement Action Plan including compensation at replacement value and livelihood restoration measures for affected households.,"['involuntary resettlement policy', 'compensation valuation', 'livelihood restoration', 'stakeholder consultation']","A Resettlement Action Plan (RAP), consistent with the Bank's policy on Involuntary Resettlement, OP 4.12, has been prepared for the dam and power plant component to ensure that all affected people will be compensated for their losses and provided with rehabilitation measures to assist them to improve or at least maintain their pre-project standard of living. Compensation for lost land, houses and other assets will be at replacement value and include provision for land of equivalent productive value and a house, or cash compensation.",P075941,5,088,"Resettlement Specialist Implement the Resettlement Action Plan including compensation at replacement value and livelihood restoration measures for affected households. involuntary resettlement policy, compensation valuation, livelihood restoration, stakeholder consultation"
6,inferred,Geotechnical Engineer,Conduct an additional geotechnical investigation during tendering for design and prepare geological baseline reports for bidders.,"['geotechnical site investigation', 'subsurface testing', 'geological reporting', 'tender design inputs']","To further enhance the assessments and reduce risks associated with price escalations during construction, an additional geotechnical investigation will take place in tendering for design. Also, geological baseline reports will be prepared and provided to the prospective bidder's contractor.",P075941,5,089,"Geotechnical Engineer Conduct an additional geotechnical investigation during tendering for design and prepare geological baseline reports for bidders. geotechnical site investigation, subsurface testing, geological reporting, tender design inputs"
7,inferred,Construction Supervisor,"Prepare and execute a detailed plan for construction supervision and quality assurance, including instrumentation and monitoring systems during civil works.","['construction supervision', 'quality assurance testing', 'instrumentation monitoring', 'site safety management']","There will be a detailed plan for the Construction Supervision and Quality Assurance, in addition to detailed instrumentation and monitoring system.",P075941,5,090,"Construction Supervisor Prepare and execute a detailed plan for construction supervision and quality assurance, including instrumentation and monitoring systems during civil works. construction supervision, quality assurance testing, instrumentation monitoring, site safety management"
8,inferred,Hydrologist,Carry out additional bed load measurements during detailed design to assess sediment particle sizes and potential turbine abrasion risks.,"['sediment measurement techniques', 'river hydraulics analysis', 'data collection and sampling', 'sediment impact assessment']",Additional bed load measurements are proposed to be conducted during the detailed design to determine the potential presence of larger particles that might damage the turbines by means of abrasion or impact.,P075941,5,091,"Hydrologist Carry out additional bed load measurements during detailed design to assess sediment particle sizes and potential turbine abrasion risks. sediment measurement techniques, river hydraulics analysis, data collection and sampling, sediment impact assessment"
9,inferred,Stakeholder Engagement Specialist,Implement the communications and consultation program to facilitate dialogue among stakeholders and ensure information is accessible; prepare and implement a Public Consultation Disclosure Plan during implementation.,"['stakeholder consultation', 'communication strategy development', 'public disclosure planning', 'community outreach']","The communications and consultation program will facilitate an informed dialogue to share different viewpoints among stakeholders, including national and regional CSOs and advocacy groups.",P075941,5,092,"Stakeholder Engagement Specialist Implement the communications and consultation program to facilitate dialogue among stakeholders and ensure information is accessible; prepare and implement a Public Consultation Disclosure Plan during implementation. stakeholder consultation, communication strategy development, public disclosure planning, community outreach"
1,explicit,Owner's Engineer,"Conduct a detailed assessment and design modifications, such as river diversion arrangements, in close coordination with stakeholders to ensure smooth project implementation.","['hydraulic modelling', 'design review and modification', 'dam safety assessment', 'geotechnical interpretation', 'stakeholder coordination']","The Rusumo PIU and Owner's Engineer will conduct a detailed assessment and design modifications, such as river diversion arrangements, as required, in close coordination with GoT, GoR and JICA to ensure smooth implementation of the Rusumo Falls hydropower project.",P075941,7,093,"Owner's Engineer Conduct a detailed assessment and design modifications, such as river diversion arrangements, in close coordination with stakeholders to ensure smooth project implementation. hydraulic modelling, design review and modification, dam safety assessment, geotechnical interpretation, stakeholder coordination"
2,explicit,Construction Contractor,Finalize the design of diversion works for temporary river diversion during construction.,"['diversion channel design', 'cofferdam design', 'civil engineering detailing', 'construction planning', 'site coordination']",The contractor will finalize the design of diversion works.,P075941,7,094,"Construction Contractor Finalize the design of diversion works for temporary river diversion during construction. diversion channel design, cofferdam design, civil engineering detailing, construction planning, site coordination"
3,inferred,Project Manager,Lead and coordinate detailed assessments and design modifications with governments and development partners to ensure smooth implementation of the hydropower project.,"['project coordination', 'stakeholder engagement', 'construction scheduling', 'contract management', 'design oversight']","The Rusumo PIU and Owner's Engineer will conduct a detailed assessment and design modifications, such as river diversion arrangements, as required, in close coordination with GoT, GoR and JICA to ensure smooth implementation of the Rusumo Falls hydropower project.",P075941,7,095,"Project Manager Lead and coordinate detailed assessments and design modifications with governments and development partners to ensure smooth implementation of the hydropower project. project coordination, stakeholder engagement, construction scheduling, contract management, design oversight"
4,inferred,Crane Operator,Operate a mobile crane to extend outriggers and install or remove stoplogs from the deck during spillway and intake works.,"['mobile crane operation', 'lifting and rigging safety', 'load positioning', 'equipment inspection']","A mobile crane will be able to extend its outriggers to install and remove the stoplogs, as required, from the deck.",P075941,7,096,"Crane Operator Operate a mobile crane to extend outriggers and install or remove stoplogs from the deck during spillway and intake works. mobile crane operation, lifting and rigging safety, load positioning, equipment inspection"
5,inferred,Maintenance Technician,"Provide operations and maintenance support for dam and spillway, using designated access for ongoing inspections and servicing.","['mechanical maintenance', 'electrical maintenance', 'inspection and testing', 'safety and lockout procedures']",A separate deck downstream of the roadway will serve the spillway without interference with traffic and provide designated access for the dam operations and maintenance personnel.,P075941,7,097,"Maintenance Technician Provide operations and maintenance support for dam and spillway, using designated access for ongoing inspections and servicing. mechanical maintenance, electrical maintenance, inspection and testing, safety and lockout procedures"
6,inferred,Civil Engineer,Design and oversee construction of the run-of-river hydropower facility components and associated transmission facilities connecting the plant to national grids.,"['hydropower civil design', 'tunnel and dam engineering', 'earthworks and excavation management', 'geotechnical assessment', 'construction supervision']","The project will construct : (i) a run-of-river hydropower facility with envisaged installed capacity of 80 MW consisting of the power station and hydraulic infrastructure (power generation facilities, intake, headrace tunnel, surge shaft/chamber, powerhouse and tailrace channel) and (ii) transmission facilities connecting the hydroelectric power plant of Rusumo Falls to the national grids of Rwanda and Burundi, and supply electricity to the western provinces of Tanzania, which are currently not connected to the country's national grid.",P075941,7,098,"Civil Engineer Design and oversee construction of the run-of-river hydropower facility components and associated transmission facilities connecting the plant to national grids. hydropower civil design, tunnel and dam engineering, earthworks and excavation management, geotechnical assessment, construction supervision"
7,inferred,Electrical Engineer,Design and commission the outdoor substation and associated high-voltage connections to relay power from the power station to the national grids.,"['substation design', 'power system protection', 'high-voltage transmission design', 'commissioning and testing', 'electrical safety']",A 220-KV outdoor substation will provide the means by which the power station will relay its power to the national grids of the beneficiary countries.,P075941,7,099,"Electrical Engineer Design and commission the outdoor substation and associated high-voltage connections to relay power from the power station to the national grids. substation design, power system protection, high-voltage transmission design, commissioning and testing, electrical safety"
1,explicit,Project Manager,Head the Rusumo Project Implementation Unit and reinforce the Unit's oversight capability for project implementation.,"['project leadership', 'construction program oversight', 'stakeholder coordination', 'reporting and monitoring']","The Unit's oversight capability will be reinforced with a Project Manager as head of the Unit, senior project engineers (civil, electrical and mechanical), a quantity surveyor, environment and social specialists, a procurement specialist, a financial-management specialist, an accounts-and-logistics assistant, a communications specialist and other technical staff.",P075941,8,100,"Project Manager Head the Rusumo Project Implementation Unit and reinforce the Unit's oversight capability for project implementation. project leadership, construction program oversight, stakeholder coordination, reporting and monitoring"
2,explicit,Civil Engineer,Serve as a senior project engineer within the Rusumo Project Implementation Unit supporting construction and technical oversight.,"['civil works design review', 'construction supervision', 'contractor interface management', 'site quality assurance']","The Unit's oversight capability will be reinforced with a Project Manager as head of the Unit, senior project engineers (civil, electrical and mechanical), a quantity surveyor, environment and social specialists, a procurement specialist, a financial-management specialist, an accounts-and-logistics assistant, a communications specialist and other technical staff.",P075941,8,101,"Civil Engineer Serve as a senior project engineer within the Rusumo Project Implementation Unit supporting construction and technical oversight. civil works design review, construction supervision, contractor interface management, site quality assurance"
3,explicit,Electrical Engineer,"Act as a senior project engineer for electrical works within the Rusumo Project Implementation Unit, supporting design and construction oversight of electrical and electro-mechanical components.","['electro-mechanical systems design', 'substation and switchyard oversight', 'installation supervision', 'technical interface coordination']","The Unit's oversight capability will be reinforced with a Project Manager as head of the Unit, senior project engineers (civil, electrical and mechanical), a quantity surveyor, environment and social specialists, a procurement specialist, a financial-management specialist, an accounts-and-logistics assistant, a communications specialist and other technical staff.",P075941,8,102,"Electrical Engineer Act as a senior project engineer for electrical works within the Rusumo Project Implementation Unit, supporting design and construction oversight of electrical and electro-mechanical components. electro-mechanical systems design, substation and switchyard oversight, installation supervision, technical interface coordination"
4,explicit,Mechanical Engineer,Serve as a senior project engineer responsible for mechanical aspects of the power plant within the Rusumo Project Implementation Unit.,"['turbine and equipment oversight', 'mechanical installation supervision', 'equipment testing and commissioning', 'preventive maintenance planning']","The Unit's oversight capability will be reinforced with a Project Manager as head of the Unit, senior project engineers (civil, electrical and mechanical), a quantity surveyor, environment and social specialists, a procurement specialist, a financial-management specialist, an accounts-and-logistics assistant, a communications specialist and other technical staff.",P075941,8,103,"Mechanical Engineer Serve as a senior project engineer responsible for mechanical aspects of the power plant within the Rusumo Project Implementation Unit. turbine and equipment oversight, mechanical installation supervision, equipment testing and commissioning, preventive maintenance planning"
5,explicit,Quantity Surveyor,Provide cost estimation and contract measurement services as part of the Rusumo Project Implementation Unit's technical staff.,"['bill of quantities preparation', 'cost control and forecasting', 'contract valuation', 'payment certification']","The Unit's oversight capability will be reinforced with a Project Manager as head of the Unit, senior project engineers (civil, electrical and mechanical), a quantity surveyor, environment and social specialists, a procurement specialist, a financial-management specialist, an accounts-and-logistics assistant, a communications specialist and other technical staff.",P075941,8,104,"Quantity Surveyor Provide cost estimation and contract measurement services as part of the Rusumo Project Implementation Unit's technical staff. bill of quantities preparation, cost control and forecasting, contract valuation, payment certification"
6,explicit,Environmental and Social Specialist,"Support the Rusumo Project Implementation Unit on environmental and social assessment, management and safeguards compliance.","['environmental assessment', 'resettlement planning', 'stakeholder engagement', 'safeguards monitoring']","The Unit's oversight capability will be reinforced with a Project Manager as head of the Unit, senior project engineers (civil, electrical and mechanical), a quantity surveyor, environment and social specialists, a procurement specialist, a financial-management specialist, an accounts-and-logistics assistant, a communications specialist and other technical staff.",P075941,8,105,"Environmental and Social Specialist Support the Rusumo Project Implementation Unit on environmental and social assessment, management and safeguards compliance. environmental assessment, resettlement planning, stakeholder engagement, safeguards monitoring"
7,explicit,Procurement Specialist,"Manage procurement processes and advise on contract procurement for goods, works and consulting services under the project.","['public procurement procedures', 'bid evaluation', 'contract management', 'procurement planning']","The Unit's oversight capability will be reinforced with a Project Manager as head of the Unit, senior project engineers (civil, electrical and mechanical), a quantity surveyor, environment and social specialists, a procurement specialist, a financial-management specialist, an accounts-and-logistics assistant, a communications specialist and other technical staff.",P075941,8,106,"Procurement Specialist Manage procurement processes and advise on contract procurement for goods, works and consulting services under the project. public procurement procedures, bid evaluation, contract management, procurement planning"
8,explicit,Financial Management Specialist,"Provide financial-management oversight and support to ensure proper accounting, reporting and disbursement for the project.","['project accounting', 'financial reporting', 'budgeting and forecasting', 'funds flow management']","The Unit's oversight capability will be reinforced with a Project Manager as head of the Unit, senior project engineers (civil, electrical and mechanical), a quantity surveyor, environment and social specialists, a procurement specialist, a financial-management specialist, an accounts-and-logistics assistant, a communications specialist and other technical staff.",P075941,8,107,"Financial Management Specialist Provide financial-management oversight and support to ensure proper accounting, reporting and disbursement for the project. project accounting, financial reporting, budgeting and forecasting, funds flow management"
9,explicit,Accounts and Logistics Assistant,Support day-to-day accounts maintenance and logistics functions for the Rusumo Project Implementation Unit.,"['bookkeeping', 'logistics coordination', 'document filing', 'payment processing']","The Unit's oversight capability will be reinforced with a Project Manager as head of the Unit, senior project engineers (civil, electrical and mechanical), a quantity surveyor, environment and social specialists, a procurement specialist, a financial-management specialist, an accounts-and-logistics assistant, a communications specialist and other technical staff.",P075941,8,108,"Accounts and Logistics Assistant Support day-to-day accounts maintenance and logistics functions for the Rusumo Project Implementation Unit. bookkeeping, logistics coordination, document filing, payment processing"
10,explicit,Communications Specialist,"Handle communications, information, education and stakeholder engagement activities for the project.","['stakeholder communications', 'public consultations', 'information materials development', 'grievance handling support']","The Unit's oversight capability will be reinforced with a Project Manager as head of the Unit, senior project engineers (civil, electrical and mechanical), a quantity surveyor, environment and social specialists, a procurement specialist, a financial-management specialist, an accounts-and-logistics assistant, a communications specialist and other technical staff.",P075941,8,109,"Communications Specialist Handle communications, information, education and stakeholder engagement activities for the project. stakeholder communications, public consultations, information materials development, grievance handling support"
11,explicit,Owner's Engineer,"Provide overall project management and supervision of procurement, design, construction, and preparation of operation and maintenance and dam safety plans; coordinate implementation of Environmental and Social Management Plan and Resettlement Action Plan.","['project supervision', 'technical design review', 'procurement oversight', 'safeguards coordination', 'dam safety knowledge']","The RPIU will be supported by the Owner's Engineer who will be responsible for: (i) overall project management and supervision of the procurement, design, construction and preparation of operation and maintenance plan of the power plant complex and dam safety plans; and (ii) coordination of the implementation of the Environmental and Social Management Plan (ESMP) and the Resettlement Action Plan (RAP).",P075941,8,110,"Owner's Engineer Provide overall project management and supervision of procurement, design, construction, and preparation of operation and maintenance and dam safety plans; coordinate implementation of Environmental and Social Management Plan and Resettlement Action Plan. project supervision, technical design review, procurement oversight, safeguards coordination, dam safety knowledge"
12,explicit,Operations and Maintenance Contractor,Be competitively procured to operate and maintain the power plant and receive delegated authority to enforce Power Purchase Agreement obligations.,"['power plant operations', 'maintenance management', 'safety compliance', 'PPA enforcement']","The Rusumo Power Company shall, not later than six months prior to the commissioning of the Power Plant, procure through an International Competitive Bidding process the services of an operations and maintenance contractor.",P075941,8,111,"Operations and Maintenance Contractor Be competitively procured to operate and maintain the power plant and receive delegated authority to enforce Power Purchase Agreement obligations. power plant operations, maintenance management, safety compliance, PPA enforcement"
13,explicit,Independent Resettlement Expert,Conduct an audit one year after commissioning to monitor Resettlement Action Plan outcomes including surveys and consultations with displaced persons and define corrective actions.,"['resettlement monitoring', 'socioeconomic surveying', 'stakeholder consultation', 'reporting and recommendations']","One year after the commissioning of the power plant, the RPCL shall cause an audit to be conducted by an independent qualified resettlement expert to monitor the outcomes of the RAP, including a survey and consultation with Displaced Persons, and which audit shall also define any necessary action to address any shortcomings in the implementation of said RAP.",P075941,8,112,"Independent Resettlement Expert Conduct an audit one year after commissioning to monitor Resettlement Action Plan outcomes including surveys and consultations with displaced persons and define corrective actions. resettlement monitoring, socioeconomic surveying, stakeholder consultation, reporting and recommendations"
14,explicit,Site Supervisor,Serve as on-site supervisor as part of the Environmental and Social Management Unit construction-phase staffing to oversee environmental and social measures.,"['site oversight', 'environmental safeguards monitoring', 'health and safety supervision', 'contractor coordination']","ESMU staffing will be flexible but will include multidisciplinary expertise in environmental assessment and management, social assessment and management, as well as health and safety. The construction phase staffing will include 12 environmental and social professionals including site supervisors, plus additional specialists a needed.",P075941,8,113,"Site Supervisor Serve as on-site supervisor as part of the Environmental and Social Management Unit construction-phase staffing to oversee environmental and social measures. site oversight, environmental safeguards monitoring, health and safety supervision, contractor coordination"
15,explicit,Technical Auditor,Carry out annual technical audits to review compliance with the Environmental and Social Management Plan and the Rusumo Water Resources Management Plan.,"['technical audit methodology', 'safeguards compliance review', 'data analysis', 'audit reporting']","Annual technical audits will be conducted by an independent, technical auditor, who will review compliance with the ESMP and RWMP.",P075941,8,114,"Technical Auditor Carry out annual technical audits to review compliance with the Environmental and Social Management Plan and the Rusumo Water Resources Management Plan. technical audit methodology, safeguards compliance review, data analysis, audit reporting"
16,inferred,Dam Safety Engineer,"Perform dam-safety inspection, monitoring and technical analyses to ensure effective management of the water resources and structural safety during operations.","['dam safety analysis', 'instrumentation monitoring', 'structural inspection', 'emergency preparedness planning']","During operations, a competent private entity, which RPCL will select through a competitive and transparent procedure, will be responsible for proper operation and maintenance works, including regular dam-safety inspection and monitoring, and any relevant technical analyses to ensure effective management of the water resources used by the Project, in the context of the RWRMP.",P075941,8,115,"Dam Safety Engineer Perform dam-safety inspection, monitoring and technical analyses to ensure effective management of the water resources and structural safety during operations. dam safety analysis, instrumentation monitoring, structural inspection, emergency preparedness planning"
17,explicit,Finance and Administration Manager,Head the accounting unit and oversee the work of project finance officers and overall accounting for the project.,"['financial oversight', 'accounting policy application', 'team supervision', 'financial reporting']",NELSAP-CU has an accounting unit that is headed by the Finance and Administration Manager. This manager will be assisted by a Project Finance Officer who will be in charge of the daily maintenance of the project books of accounts and records.,P075941,8,116,"Finance and Administration Manager Head the accounting unit and oversee the work of project finance officers and overall accounting for the project. financial oversight, accounting policy application, team supervision, financial reporting"
18,explicit,Project Finance Officer,Maintain daily project books of accounts and records and support the Finance and Administration Manager in financial transactions and reporting.,"['bookkeeping', 'cash management', 'IFRS familiarity', 'financial record maintenance']",NELSAP-CU has an accounting unit that is headed by the Finance and Administration Manager. This manager will be assisted by a Project Finance Officer who will be in charge of the daily maintenance of the project books of accounts and records.,P075941,8,117,"Project Finance Officer Maintain daily project books of accounts and records and support the Finance and Administration Manager in financial transactions and reporting. bookkeeping, cash management, IFRS familiarity, financial record maintenance"
19,explicit,Procurement Officer,"Assist the Procurement Specialist and NELSAP Coordination Unit in executing procurement actions, record-keeping and procurement oversight for the project.","['procurement administration', 'bid documentation', 'record keeping', 'compliance monitoring']","These services will include: the Owner's Engineer, a consultant to conduct an exit survey of Project Affected Persons (PAPs), an nongovernmental organization (NGO) to the compensation process for the PAPs, the Project Manager, the Lead Environmental and Social Specialist, two social development and resettlement officer, the Environmental Management Officer, the Communication Officer, the Finance Officer, the Procurement Specialist, the Procurement Officer, the Civil Engineer, the Electrical Engineer, the Mechanical Engineer and the Accountant.",P075941,8,118,"Procurement Officer Assist the Procurement Specialist and NELSAP Coordination Unit in executing procurement actions, record-keeping and procurement oversight for the project. procurement administration, bid documentation, record keeping, compliance monitoring"
20,explicit,Accountant,Prepare and maintain project financial records and assist in producing interim and annual financial statements in accordance with applicable standards.,"['financial statement preparation', 'ledger reconciliation', 'IFRS application', 'supporting documentation management']","These services will include: the Owner's Engineer, a consultant to conduct an exit survey of Project Affected Persons (PAPs), an nongovernmental organization (NGO) to the compensation process for the PAPs, the Project Manager, the Lead Environmental and Social Specialist, two social development and resettlement officer, the Environmental Management Officer, the Communication Officer, the Finance Officer, the Procurement Specialist, the Procurement Officer, the Civil Engineer, the Electrical Engineer, the Mechanical Engineer and the Accountant.",P075941,8,119,"Accountant Prepare and maintain project financial records and assist in producing interim and annual financial statements in accordance with applicable standards. financial statement preparation, ledger reconciliation, IFRS application, supporting documentation management"
21,inferred,Monitoring and Evaluation Specialist,Strengthen the Rusumo Project Implementation Unit's monitoring and evaluation capacity and manage collection and consolidation of monitoring data into periodic reports.,"['indicator design', 'data collection management', 'results reporting', 'database administration']",The RPIU will be responsible for the overall management and implementation of the project's M&E framework and additional support will be hired to strengthen the Unit's M&E capacity.,P075941,8,120,"Monitoring and Evaluation Specialist Strengthen the Rusumo Project Implementation Unit's monitoring and evaluation capacity and manage collection and consolidation of monitoring data into periodic reports. indicator design, data collection management, results reporting, database administration"
1,explicit,Procurement Specialist,Recruit a Procurement Specialist proficient in International Development Association project financing and procurement of works to support the project.,"['International Development Association procurement rules', 'procurement of works', 'bid evaluation', 'contract management', 'procurement documentation']",NELSAP CU will recruit a  Procurement  Specialist proficient in IDA project financing and  experience in  procurement of  works  to  support the project; Additional technical staff will be recruited to  support procurement  processing as  well  as  to  supervise the  Contractors and Consultants.,P075941,9,121,"Procurement Specialist Recruit a Procurement Specialist proficient in International Development Association project financing and procurement of works to support the project. International Development Association procurement rules, procurement of works, bid evaluation, contract management, procurement documentation"
2,inferred,Project Planner,Prepare and closely monitor the master project implementation schedule covering the power plant and transmission lines during project implementation.,"['project scheduling', 'construction sequencing', 'critical path analysis', 'monitoring and reporting', 'stakeholder coordination']",A master project implementation schedule (covering the  power plant and  transmission lines) will be  prepared and  closely monitored during project implementation.,P075941,9,122,"Project Planner Prepare and closely monitor the master project implementation schedule covering the power plant and transmission lines during project implementation. project scheduling, construction sequencing, critical path analysis, monitoring and reporting, stakeholder coordination"
3,explicit,Supervision Engineer,Recruit and deploy a supervision engineer with international experience to supervise preparatory and project works according to World Bank standards.,"['construction supervision', 'hydropower engineering', 'quality assurance', 'contract oversight', 'safeguards compliance']","The Rusumo  RPIU  is  recruiting  a supervision  engineer  with  international  experience which  helps  in  supervising  preparatory  and  project  works according  to  Bank standards, in  addition  to  having  adequate  staff  at  the  RPIU.",P075941,9,123,"Supervision Engineer Recruit and deploy a supervision engineer with international experience to supervise preparatory and project works according to World Bank standards. construction supervision, hydropower engineering, quality assurance, contract oversight, safeguards compliance"
4,inferred,Project Coordinator,Lead coordination mechanisms and develop the results framework to facilitate timely monitoring of project activities.,"['stakeholder coordination', 'results framework development', 'monitoring and evaluation', 'intergovernmental liaison', 'reporting']","Strong  coordination mechanisms,  led  by  the  Rusumo  RPIU  will  be put  in  place  and  the results  framework  is  developed  to  facilitate  timely  monitoring.",P075941,9,124,"Project Coordinator Lead coordination mechanisms and develop the results framework to facilitate timely monitoring of project activities. stakeholder coordination, results framework development, monitoring and evaluation, intergovernmental liaison, reporting"
5,inferred,Contract Manager,"Monitor procurement and contract implementation indicators during procurement and implementation, including bid evaluation periods, number of responses, contract management and variation orders, bid comparisons, and complaints.","['procurement monitoring', 'contract administration', 'variation order management', 'procurement data analysis', 'grievance tracking']","As part of  the  mitigation measures  against fraud and  corruption and  to  ensure maximum transparency and accountability over  the  use  of  Project's funds; during  the procurement and implementation period the  following will be  monitored: (a)  Bid  evaluation periods; - (b) Number of  responses to  bid  invitations; (c)  Contract management,  including number - of  variation orders; (c)  Comparison of lowest responsive bids against cost estimates; and (d) Nature  and  frequency of  complaints.",P075941,9,125,"Contract Manager Monitor procurement and contract implementation indicators during procurement and implementation, including bid evaluation periods, number of responses, contract management and variation orders, bid comparisons, and complaints. procurement monitoring, contract administration, variation order management, procurement data analysis, grievance tracking"
6,inferred,Water Resources Engineer,Serve on the water resources technical committee to ensure compliance with agreed operating regimes for the river and hydropower operations.,"['water resources management', 'hydrology analysis', 'operating regime compliance', 'intergovernmental coordination', 'water permit compliance']",A water resources technical committee will  be established  by  three  countries  to  ensure compliance with agreed operating  regimes.,P075941,9,126,"Water Resources Engineer Serve on the water resources technical committee to ensure compliance with agreed operating regimes for the river and hydropower operations. water resources management, hydrology analysis, operating regime compliance, intergovernmental coordination, water permit compliance"
7,inferred,Operations Manager,Manage operation of the project and be responsible for technical matters relating to the power plant.,"['power plant operations', 'operations planning', 'maintenance management', 'technical oversight', 'safety compliance']","The RPCL will own and operate the project itself, and will ultimately be responsible for managing all technical and financial matters relating to the project.",P075941,9,127,"Operations Manager Manage operation of the project and be responsible for technical matters relating to the power plant. power plant operations, operations planning, maintenance management, technical oversight, safety compliance"
8,inferred,Financial Manager,Manage the project's financial matters and provide financial oversight for the project owner.,"['financial management', 'budgeting and accounting', 'financial reporting', 'tariff and power purchase agreement understanding', 'debt management']","The RPCL will own and operate the project itself, and will ultimately be responsible for managing all technical and financial matters relating to the project.",P075941,9,128,"Financial Manager Manage the project's financial matters and provide financial oversight for the project owner. financial management, budgeting and accounting, financial reporting, tariff and power purchase agreement understanding, debt management"
