project_id,esco_id,esco_label,esco_description,pad_occupations,pad_activities,pad_skills,pad_quotes,esco_uri
P075941,0561328b-875b-4ae2-9ba1-9af9049aef01,procurement category specialist,"Procurement category specialists are experts in specific markets and contract types and provide advanced knowledge of a particular category of supplies, services or works. They help internal or external clients to increase value for money and end users' satisfaction through their advanced knowledge of the suppliers and their offering.","""Power Purchase Agreement specialist"", ""Procurement Specialist (Metering Equipment)"", ""Procurement Specialist""","""Design Power Purchase Agreements (PPAs) to ensure Rusumo Power Company Limited (RPCL) can meet the financial obligations reflected in the planned tariff structure."", ""Acquisition of prepayment meters financed by the World Bank under the Projet Multisectoriel Eau et Electricit6 Project and the Projet d'Urgence pour l'Assistance au Secteur Energ6tique Project."", ""Be a member of the core implementation-support team."", ""The Rusumo Project Implementation Unit's oversight capability will be reinforced with a procurement specialist."", ""Nile Equatorial Lakes Subsidiary Action Program Coordination Unit will recruit a Procurement Specialist proficient in International Development Association project financing to support procurement of works for the project.""","""design Power Purchase Agreements to ensure RPCL meets financial obligations"", ""structure tariff-related contractual provisions"", ""acquisition of prepayment meters"", ""be part of the implementation-support team"", ""provide procurement specialist expertise"", ""support Unit oversight"", ""proficient in International Development Association project financing"", ""experience in procurement of works to support the project""",": ""Power purchase agreements (PPAs). The PPA's will be designed to ensure that RPCL will be able to meet the financial obligations reflected in the planned tariff structure."", : ""The World Bank is financing the acquisition and installation of 15,000 prepayment meters under the on-going Projet Multisectoriel Eau et Electricit6 Project  (PMIEE)  and another 15,000 prepayment meters  under the  Projet d'Urgence  pour  l'Assistance au  Secteur Energ6tique (PURSE) Project."", : ""The core implementation-support team will consist of a task team leader (TTL), a power engineer, an environmental safeguard specialist, a social-safeguards specialist, a procurement specialist, and a financial-management specialist."", : ""The Unit's oversight capability will be reinforced with a Project Manager as head of the Unit, senior project engineers (civil, electrical and mechanical), a quantity surveyor, environment and social specialists, a procurement specialist, a financial-management specialist, an accounts-and-logistics assistant, a communications specialist and other technical staff."", : ""NELSAP CU will recruit a  Procurement  Specialist proficient in IDA project financing and  experience in  procurement of  works  to  support the project; Additional technical staff will be recruited to  support procurement  processing as  well  as  to  supervise the  Contractors and Consultants.""",http://data.europa.eu/esco/occupation/0561328b-875b-4ae2-9ba1-9af9049aef01
P075941,0ba06640-e0ac-4911-9e43-289a8e41651e,corporate trainer,"Corporate trainers train, coach, and guide employees of a company to teach and improve their skills, competences and knowledge in accordance with the needs of the company. They develop the existing potential of the employees to increase their efficiency, motivation, job satisfaction, and employability.","""Financial Literacy Trainer"", ""Business Skills Trainer""","""Provide financial training as part of the livelihood restoration program for sustainable utilization of cash compensation."", ""Provide business skills training as part of the livelihood restoration program.""","""provide financial training for the sustainable utilization of cash compensation"", ""provide business skill training""",": ""In addition all affected households will be entitled to participate in a livelihood restoration program which will include financial training for the sustainable utilization of cash compensation, agricultural training for intensification of production and business skill training.""",http://data.europa.eu/esco/occupation/0ba06640-e0ac-4911-9e43-289a8e41651e
P075941,0cca32c2-9308-4927-adb2-14771ab787f0,quantity surveyor,"Quantity surveyors have under their helm complete management of the cost involved in building and construction projects from the inception of the project until the delivery. They strive for an efficient use of the resources whilst keeping an eye on quality, quality standards, and client's requirements.","""Quantity Surveyor""","""Provide quantity surveying support to the set-up operations of the Rusumo Power Company Limited and the NELSAP Rusumo Project Implementation Unit."", ""The Rusumo Project Implementation Unit's oversight capability will be reinforced with a quantity surveyor.""","""support the set-up operations of the Rusumo Power Company Limited"", ""support the set-up operations of the NELSAP Rusumo Project Implementation Unit"", ""provide quantity surveying services"", ""support Unit oversight""",": ""This component will also finance staff costs to support the set-up operations of the Rusumo Power Company Limited (RPCL) and NELSAP Rusumo Project Implementation Unit (RPIU) including a project manager, senior engineers (civil, electrical and mechanical), a quantity surveyor, a safeguards team, a procurement specialist, a financial management specialist, accounts and logistics assistant, a communications specialist and other technical staff."", : ""The Unit's oversight capability will be reinforced with a Project Manager as head of the Unit, senior project engineers (civil, electrical and mechanical), a quantity surveyor, environment and social specialists, a procurement specialist, a financial-management specialist, an accounts-and-logistics assistant, a communications specialist and other technical staff.""",http://data.europa.eu/esco/occupation/0cca32c2-9308-4927-adb2-14771ab787f0
P075941,0dd7e6cd-2e5a-4fae-9ce0-6a3622d4019f,construction general supervisor,"Construction general supervisors keep track of the proceedings of all stages in the building process. They coordinate the different teams, assign tasks, and resolve problems.","""Financial Management Specialist (provided by Nile Equatorial Lakes Subsidiary Action Program - Coordination Unit)"", ""Independent Environmental Auditor"", ""Site Supervisor (Environmental and Social)"", ""Supervision Engineer""","""The Nile Equatorial Lakes Subsidiary Action Program - Coordination Unit will provide fiduciary support to the Rusumo Project Implementation Unit in financial management and procurement."", ""The Rusumo Power Company Limited shall cause an environmental audit to be undertaken by a qualified independent entity in accordance with the environmental regulations of Rwanda and Tanzania."", ""During construction, site supervisors will be part of the Environmental and Social Management Unit to supervise implementation of ESMP measures on site."", ""Rusumo Project Implementation Unit is recruiting a Supervision Engineer with international experience to supervise preparatory and project works according to Bank standards.""","""provide fiduciary support in financial management"", ""provide fiduciary support in procurement"", ""conduct environmental audit in accordance with national regulations"", ""supervise on-site environmental and social mitigation measures"", ""coordinate with Environmental and Social Management Unit"", ""supervising preparatory and project works according to Bank standards""",": ""The NELSAP-CU will provide fiduciary support to the RPIU in financial management and procurement."", : ""In addition, RPCL shall cause an environmental audit to be undertaken by a qualified independent entity in accordance with the environmental regulations of Rwanda and Tanzania."", : ""ESMU staffing will be flexible but will include multidisciplinary expertise in environmental assessment and management, social assessment and management, as well as health and safety. The construction phase staffing will include 12 environmental and social professionals including site supervisors, plus additional specialists a needed."", : ""to  implement and (i) The Rusumo  RPIU  is  recruiting  a supervision  engineer  with  international  experience which  helps  in  supervising  preparatory  and  project  works according  to  Bank standards, in  addition  to  having  adequate  staff  at  the  RPIU.""",http://data.europa.eu/esco/occupation/0dd7e6cd-2e5a-4fae-9ce0-6a3622d4019f
P075941,0ee67d5e-8de9-48f0-97c5-ba23d486b1e9,secretary of state,"Secretaries of state assist heads of government departments, such as ministers, and aid in the supervision of proceedings in the department. They assist in the direction of policies, operations, and department staff, and perform planning, resource allocation, and decision-making duties.","""Capacity Development Specialist""","""The Project Implementation Manual will cover capacity-building activities for sustained achievement of the Project's objectives.""","""implement capacity-building activities""",": ""The PIM will cover: (i) capacity-building activities for sustained achievement of the Project's objectives; (ii) disbursement, financial management and procurement procedures; (iii) institutional administration, coordination and day-to-day execution of activities of the Project; (iv) monitoring, evaluation, reporting, information, education and communication; (v) project impact and implementation indicators, including the procedures for monitoring and evaluation of the Project activities; (vi) the pertinent environmental and social safeguard documents; and (vii) the format the unaudited interim financial reports and the Financial Statements; and (viii) any such other administrative, financial, technical and organizational arrangements and procedures that the Project will require.""",http://data.europa.eu/esco/occupation/0ee67d5e-8de9-48f0-97c5-ba23d486b1e9
P075941,114e1eff-215e-47df-8e10-45a5b72f8197,renewable energy consultant,"Renewable energy consultants advise clients on the advantages and disadvantages of different renewable energy sources. They conduct surveys and interviews to research demand of and opinions on renewable energy, and strive to advise clients on the most advantageous source of renewable energy for their purpose.","""Carbon credits consultant""","""Conduct required studies to enable the Project to benefit from a future carbon market and enhance the Project's financial outlook.""","""conduct required studies to qualify for carbon market participation"", ""assess emission reduction credentials""",": ""Nevertheless, in order to benefit from a future carbon market, the project developers will conduct the required studies to enhance the Project's financial outlook.""",http://data.europa.eu/esco/occupation/114e1eff-215e-47df-8e10-45a5b72f8197
P075941,12938d1a-eeb2-4b1e-a22b-f0bebeadfb73,hydroelectric plant operator,"Hydroelectric plant operators operate and maintain the equipment used in the production of energy from the movement of water. They monitor the measuring equipment, assess the production needs, and adapt the water flow to meet these needs. They also perform repairs and maintenance duties.","""Hydropower Plant Operator (jointly-managed system)"", ""Operations and Maintenance engineer (hydroelectric plant)"", ""Operation and Maintenance Specialist""","""Demonstrate and operate a jointly-managed hydropower generation and transmission system."", ""Monitor and demonstrate hydro plant availability and report availability metrics to support monthly capacity charges; support adjustments to capacity charges if availability targets are not achieved."", ""Perform operation and maintenance of the power plant once subcontracted by the Rusumo Power Company Limited to a private sector entity.""","""demonstrate jointly-managed hydropower generation and transmission system"", ""operate a jointly-managed hydropower generation and transmission system"", ""demonstrate hydro plant availability (monitoring and reporting)"", ""support adjustment of capacity charges if availability targets not achieved"", ""operate the power plant"", ""perform maintenance of the power plant""",": ""The project is expected to contribute to regional stability and integration by demonstrating the benefits of a jointly-managed hydropower generation and transmission system."", : ""Under this arrangement, the tariff will have a monthly capacity charge (in US$) per MW of plant availability. The off-takers will pay this charge as long as RPCL can demonstrate that the hydro plant has an availability factor 97%, or any other level of availability o be agreed upon by the contracting parties, even if the power is not dispatched. The capacity charge will be adjusted if the availability target is not achieved."", : ""The RPCL will own the power plant, and its operation and maintenance will be subcontracted by the RPCL to a competent private sector entity.""",http://data.europa.eu/esco/occupation/12938d1a-eeb2-4b1e-a22b-f0bebeadfb73
P075941,186ef31e-f26f-4320-a307-c5f95d6cb284,consultant social worker,"Consultant social workers deliver high quality social work services by contributing to the development and improvement of social work and social care practice. They contribute to policy development, deliver trainings and focus on research in the field of social work practices.","""Resettlement Specialist""","""Provide support to the implementation-support team as a resettlement specialist.""","""provide support to the implementation-support team""",": ""This team will receive support from an institutional specialist in the electricity sector, an electromechanical engineer, a civil engineer, a resettlement specialist, a hydropower specialist, a legal advisor, a water resources specialist, a communications specialist, and a monitoring and evaluation (M&E) specialist.""",http://data.europa.eu/esco/occupation/186ef31e-f26f-4320-a307-c5f95d6cb284
P075941,1a46d0f0-93d7-44d1-bff9-58e3f21bd4c4,social service consultant,"Social service consultants aid in the development of policy and procedure for social service programs. They research social service programs and identify areas for improvement, as well as aid in the development of new programs. They fulfil advisory functions for social service organisations.","""Resettlement Specialist"", ""Social Development and Resettlement Officer""","""Implement the Resettlement Action Plan and manage compensation payments to project affected households."", ""Coordinate implementation of the Resettlement Action Plan (RAP)."", ""Consulting services to be procured will include social development and resettlement officers to support RAP and related social activities.""","""implement the Resettlement Action Plan"", ""manage cash compensation payments to project affected households"", ""coordinate implementation of the Resettlement Action Plan (RAP)"", ""implement social development and resettlement activities""",": ""This component will finance the Environmental and Social Management Plan (ESMP) and the Resettlement Action Plan (RAP) including cash compensation to approximately Six Hundred Sixty Four (664) project affected households and implementation of the associated Livelihood Restoration Program and the Local Area Development Plan (LADP)."", : ""The RPIU will be supported by the Owner's Engineer and will be responsible for: (i) overall project management and supervision of the procurement, design, construction and preparation for operation and maintenance of the power plant complex and transmission lines; and (ii) coordination of the implementation of the Environmental and Social Management Plan (ESMP) and the Resettlement Action Plan (RAP)."", : ""These services will include: the Owner's Engineer, a consultant to conduct an exit survey of Project Affected Persons (PAPs), an nongovernmental organization (NGO) to the compensation process for the PAPs, the Project Manager, the Lead Environmental and Social Specialist, two social development and resettlement officer, the Environmental Management Officer, the Communication Officer, the Finance Officer, the Procurement Specialist, the Procurement Officer, the Civil Engineer, the Electrical Engineer, the Mechanical Engineer and the Accountant.""",http://data.europa.eu/esco/occupation/1a46d0f0-93d7-44d1-bff9-58e3f21bd4c4
P075941,1ad59946-d13e-441e-9b36-56e1df055e21,financial auditor,"Financial auditors collect and examine financial data for clients, organisations and companies. They ensure the financial data is properly maintained and free of material misstatements due to error or fraud, that it adds up, and functions legally and effectively. They review lending and credit policies or numbers in databases and documents, evaluate, consult and assist the source of the transaction if necessary. They use their review of the client's financial governance as assurance to give testimony to the shareholders, stakeholders and board of directors of the organisation or company that all is up to par.","""Internal Auditor (regional)"", ""External Auditor (audit firm)""","""The three NBI centres are in the process of recruiting a new, regional, internal auditor who will be responsible for the internal auditing of all three centres."", ""External auditing for Nile Equatorial Lakes Subsidiary Action Program - Coordination Unit's accounts will be handled by private, reputable, independent audit firms in accordance with International Standards on Auditing.""","""perform internal auditing of regional centres"", ""strengthen internal control systems"", ""conduct external audits in accordance with International Standards on Auditing"", ""prepare audited financial statements""",": ""The three NBI centres are in the process of recruiting a new, regional, internal auditor who will be responsible for the internal auditing of all three centres."", : ""The external auditing for NELSAP-CU's accounts is handled by private, reputable, independent audit firms. IDA funding may be used to pay the cost of the audit. The audits are conducted in accordance with the International Standards on Auditing and the accounts are prepared using the IFRs.""",http://data.europa.eu/esco/occupation/1ad59946-d13e-441e-9b36-56e1df055e21
P075941,1bdb7d70-1769-4338-aa90-d25a90fe8a6d,geological engineer,"Geological engineers apply geological knowledge for the assessment of sites, soils, slope stability, sediments and other observable characteristics in the Earth. They integrate this information in the planning and development of projects in those places. They assess and answer questions concerning the geological characteristics of soils by performing research and experiments on the sites aimed to be intervened.","""Geotechnical Engineer""","""Prepare a Geotechnical Baseline Report (GBR) to take into account additional costs relating to unforeseen ground conditions."", ""Conduct additional geotechnical investigation during tendering for design.""","""prepare Geotechnical Baseline Report (GBR)"", ""assess unforeseen ground conditions"", ""conduct geotechnical investigation during tendering for design""",": ""In order to manage this risk, a Geotechnical Baseline Report (GBR) will be prepared to adequately take into account any additional costs relating to unforeseen ground conditions."", : ""To further enhance the assessments and reduce risks associated with price escalations during construction, an additional geotechnical investigation will take place in tendering for design.""",http://data.europa.eu/esco/occupation/1bdb7d70-1769-4338-aa90-d25a90fe8a6d
P075941,1de948c1-192a-4810-afb7-48548217a912,production plant crane operator,"Production plant crane operators operate the basic technologic cranes during the production process at the given unit by lifting and moving loads (bales, containers, buckets and other facilities) with raw and other materials.","""Hoist Operator""","""operate the hoist located at deck level to raise and lower intake gates during dewatering, filling and inspections""","""raise and lower the intake gates using the deck-level hoist"", ""operate hoist during dewatering, filling and inspections""",": ""A hoist located at the deck level, inside a protective housing, will raise and lower  the  intake gates.""",http://data.europa.eu/esco/occupation/1de948c1-192a-4810-afb7-48548217a912
P075941,1e55f5e3-2f02-434b-997b-9a9f3eb745e8,power lines supervisor,Power lines supervisors monitor the construction and maintenance of power lines and associated equipment. They assign tasks and take quick decisions to resolve problems.,"""Transmission Line Construction Engineer""","""Design and supervise construction of transmission lines connecting Rusumo to Gitega, Kigali and Nyakanazi.""","""construct transmission lines"", ""supervise transmission line construction""",": ""This component will consist of construction of three transmission lines from Rusumo to: (i) Gitega, Burundi (161 km); (ii) Kigali, Rwanda (119 km); and (iii) Nyakanazi, Tanzania (98.2 km).""",http://data.europa.eu/esco/occupation/1e55f5e3-2f02-434b-997b-9a9f3eb745e8
P075941,1f2b8092-1787-4ef4-9282-cf81ce4b4d76,mobile crane operator,"Mobile crane operators work with a variety of crane types that can be moved easily around the road, rail and water. Mobile cranes are often mounted on trucks.","""Mobile Crane Operator""","""operate a mobile crane to install and remove stoplogs and assist with intake gate handling""","""extend crane outriggers"", ""install and remove stoplogs from the deck using a mobile crane""",": ""A mobile crane  will be  able to extend its outriggers to  install and remove the  stoplogs, as  required, from  the  deck.""",http://data.europa.eu/esco/occupation/1f2b8092-1787-4ef4-9282-cf81ce4b4d76
P075941,1ff61522-8947-4c95-b589-cb0e0539a62b,energy systems engineer,"Energy systems engineers supervise the energy conversion and distribution processes. They analyse the energy supply and consumption efficiency developing new ways to improve the existing processes, taking into account both the technical and the financial aspects. They also study the environmental impact of energy usage and combine the production of renewable energy in the current power systems.","""Power System Planning Engineer""","""Conduct collaborative planning to promote power interchanges among the Nile Equatorial Lakes countries.""","""collaborative planning to promote power interchanges""",": ""Collaborative planning will help promote power interchanges among the NEL countries.""",http://data.europa.eu/esco/occupation/1ff61522-8947-4c95-b589-cb0e0539a62b
P075941,203ea2ee-bbee-4aaf-83d7-2f2225f916e3,archaeologist,"Archaeologists research and study past civilisations and settlements through collecting and inspecting material remains. They analyse and draw conclusions on a wide array of matters such as hierarchy systems, linguistics, culture, and politics based on the study of objects, structures, fossils, relics, and artifacts left behind by these peoples. Archaeologists utilise various interdisciplinary methods such as stratigraphy, typology, 3D analysis, mathematics, and modelling.","""Archaeologist""","""Include and implement procedures for chance finds during earthworks and civil works (handling of sacred and burial sites, archaeological artifacts).""","""handle chance finds including sacred and burial sites and archeological artifacts""",": ""However, the contract  for earthworks  and  civil  works  for  the  project  will  include  procedures  for  chance  finds  (e.g. handling  of  sacred  and  burial  sites,  archeological  artifacts,  etc).""",http://data.europa.eu/esco/occupation/203ea2ee-bbee-4aaf-83d7-2f2225f916e3
P075941,20db07fc-cc02-46aa-a4fc-b3c73ba8fa8f,concrete finisher supervisor,Concrete finisher supervisors monitor the concrete finishing process. They assign tasks to finishers and take quick decisions to resolve problems. They may also pass on their skills to apprentices.,"""Concrete Works Supervisor""","""Supervise and execute concrete works for the power plant complex structures.""","""perform concrete works for the power plant complex structures""",": ""This component comprises all excavation/earth works, tunneling and concrete for the power plant complex structures, including a barrage and gated spillway, intake works and diversion/power canal, surface powerhouse, access roads and construction site facilities such as offices and housing.""",http://data.europa.eu/esco/occupation/20db07fc-cc02-46aa-a4fc-b3c73ba8fa8f
P075941,246dda29-70f6-408b-b205-aa17b2ffb168,election observer,Election observers are skilled and trained spectators of the elections in a functioning democracy in order to enhance the transparency and credibility of the observed elections.,"""Independent Observer (for RAP implementation)""","""The Rusumo Project Implementation Unit will supervise the work of the independent observer as part of synchronizing RAP outcome monitoring and evaluation and preparing consolidated RAP implementation reports.""","""monitor and observe RAP implementation"", ""report on RAP outcomes""",": ""Specifically, the RPIU will: (i) synchronize the RAP outcome monitoring and evaluation; (ii) provide communications across countries and among key stakeholders; (iii) supervise the work of the independent observer; (iv) maintain oversight of the grievance mechanism; and (v) prepare consolidated RAP implementation reports.""",http://data.europa.eu/esco/occupation/246dda29-70f6-408b-b205-aa17b2ffb168
P075941,2a914d26-42aa-46b5-acf3-097d51ba4617,construction engineer,Construction engineers interpret building designs and add technical specifications to construction projects. They integrate engineering principles into the designs to ensure that structures are safe and resistant. They work together with architects and engineers to transform design ideas into executable plans.,"""Owner's Engineer"", ""Building Construction Engineer"", ""Owner's Engineer (consulting engineer)""","""Assist the Project entity with overall project management and supervision of procurement, design, construction, interface management and preparation for operation and maintenance and coordinate implementation of the Environmental and Social Management Plan and the Resettlement Action Plan."", ""construct new customs and immigration facilities as part of project works"", ""The Rusumo Project Implementation Unit will be supported by the Owner's Engineer who will be responsible for overall project management and supervision of procurement, design, construction and preparation of operation and maintenance plan of the power plant complex and dam safety plans, and coordination of the implementation of the Environmental and Social Management Plan and the Resettlement Action Plan.""","""assist with overall project management and supervision of procurement, design and construction"", ""manage interface and prepare for operation and maintenance of the power plant complex"", ""coordinate implementation of the Environmental and Social Management Plan and the Resettlement Action Plan"", ""construct customs and immigration facilities"", ""overall project management"", ""supervision of procurement, design and construction"", ""prepare operation and maintenance plan"", ""coordinate Environmental and Social Management Plan and Resettlement Action Plan implementation""",": ""This component will finance an Owner's Engineer to assist the Project entity with: (i) overall project management and supervision of the procurement, design, construction, interface management and preparation for operation and maintenance of the power plant complex; and (ii) coordination of the implementation of the ESMP RAP."", : ""The project will involve major  changes  to the  road  configuration on  both  sides of the  river and  construction of  new customs  and immigration facilities."", : ""The RPIU will be supported by the Owner's Engineer who will be responsible for: (i) overall project management and supervision of the procurement, design, construction and preparation of operation and maintenance plan of the power plant complex and dam safety plans; and (ii) coordination of the implementation of the Environmental and Social Management Plan (ESMP) and the Resettlement Action Plan (RAP).""",http://data.europa.eu/esco/occupation/2a914d26-42aa-46b5-acf3-097d51ba4617
P075941,30f3ea93-882a-4525-841c-1d5b4b64076f,financial manager,"Financial managers handle all the matters in reference to the finance and investments of a company. They manage financial operations of companies such as the assets, liabilities, equity and cash flow aiming to maintain the financial health of the company and operative viability. Financial managers evaluate the strategic plans of the company in financial terms, maintain transparent financial operations for taxation and auditing bodies, and create the financial statements of the company at the end of the fiscal year.","""Financial manager, Rusumo Power Company Limited"", ""Utility Financial Management Specialist"", ""Financial Management Specialist""","""Build up a reserve for major rehabilitation costs over five years through the company's capacity charge starting in Year 21 of operations."", ""Support national utilities to ease financial imbalances."", ""Provide financial management support to the set-up operations of the Rusumo Power Company Limited and the NELSAP Rusumo Project Implementation Unit.""","""build-up reserve for major rehabilitation through capacity charges"", ""manage timing of reserve accumulation aligned with operations"", ""ease financial imbalances"", ""support national utilities"", ""provide financial management support for project set-up operations""",": ""Under the Base Case, a reserve for the major rehabilitation costs will be built-up over five years prior to start of the rehabilitation through the company's capacity charge."", : ""The project will also support the national utilities of the three countries to reduce the generation capacity shortages and ease financial imbalances by alleviating or eliminating reliance on expensive thermal generation."", : ""This component will also finance staff costs to support the set-up operations of the Rusumo Power Company Limited (RPCL) and NELSAP Rusumo Project Implementation Unit (RPIU) including a project manager, senior engineers (civil, electrical and mechanical), a quantity surveyor, a safeguards team, a procurement specialist, a financial management specialist, accounts and logistics assistant, a communications specialist and other technical staff.""",http://data.europa.eu/esco/occupation/30f3ea93-882a-4525-841c-1d5b4b64076f
P075941,31854d78-3615-43a4-aa3a-c597ecb20ceb,legal consultant,"Legal consultants advise a varied array of clients ranging from business, individuals, up to legal firms. They provide legal advisory outside courtrooms in relation to legal affairs which depend on the nature of the client. They advise in matters such as merging of multinationals, housing purchase, modification of contracts and its implications. They help clients in general to abide by the regulations and avoid committing illegal acts.","""Legal Advisor""","""Provide support to the implementation-support team as a legal advisor.""","""provide support to the implementation-support team""",": ""This team will receive support from an institutional specialist in the electricity sector, an electromechanical engineer, a civil engineer, a resettlement specialist, a hydropower specialist, a legal advisor, a water resources specialist, a communications specialist, and a monitoring and evaluation (M&E) specialist.""",http://data.europa.eu/esco/occupation/31854d78-3615-43a4-aa3a-c597ecb20ceb
P075941,326027fc-5408-47cd-9b32-fbe770dbbe80,construction quality manager,"Construction quality managers make sure the quality of the work meets standards set in the contract, as well as minimum legislative standards. They establish procedures to check quality, perform inspections, and propose solutions to quality shortcomings.","""Construction Supervision and Quality Assurance Engineer""","""Prepare and implement a detailed plan for Construction Supervision and Quality Assurance.""","""prepare detailed plan for Construction Supervision and Quality Assurance""",": ""There will be a detailed plan for the Construction Supervision and Quality Assurance, in addition to detailed instrumentation and monitoring system.""",http://data.europa.eu/esco/occupation/326027fc-5408-47cd-9b32-fbe770dbbe80
P075941,351a0eb0-a1d0-49bd-a2f8-6dc447ddf316,pipeline environmental project manager,"Pipeline environmental project managers ensure the accomplishment of environmental preservation within pipeline transport projects. They, together with a group of managers and specialists, analyse the sites and routes of pipelines in order to advice on environmental issues to be considered and addressed.","""Transmission Line Contractor (required to prepare and implement ESMP)""","""The transmission line contractor will be required to prepare and implement a detailed Environmental and Social Management Plan for the T-lines construction.""","""prepare and implement detailed Environmental and Social Management Plan""",": ""In  addition, the  contractor will  be required to  prepare  and implement  a  detailed environmental and  social management plan (ESMP).""",http://data.europa.eu/esco/occupation/351a0eb0-a1d0-49bd-a2f8-6dc447ddf316
P075941,35fbb8cd-c044-49a1-850c-010481c99b4a,financial markets back office administrator,"Financial markets back office administrators perform administrative tasks for all the transactions registered in the trading room. They process transactions involving securities, derivatives, foreign exchange, commodities, and manage the clearing and settling of trades.","""Cash Compensation Administrator""","""Administer cash compensation payments to approximately 664 project affected households under the Resettlement Action Plan.""","""administer cash compensation payments to project affected households""",": ""This component will finance the Environmental and Social Management Plan (ESMP) and the Resettlement Action Plan (RAP) including cash compensation to approximately Six Hundred Sixty Four (664) project affected households and implementation of the associated Livelihood Restoration Program and the Local Area Development Plan (LADP).""",http://data.europa.eu/esco/occupation/35fbb8cd-c044-49a1-850c-010481c99b4a
P075941,364e61ab-1631-4fe1-a170-e88797aad6f9,driller,"Drillers set up and operate drilling rigs and related equipment designed to drill holes for mineral exploration, in shotfiring operations, and for construction purposes.","""Geotechnical Drilling Technician""","""excavate several inclined boreholes in the rock mass at the top of the powerhouse to characterize fault location and nature during detailed design""","""excavate inclined boreholes"", ""characterize location and nature of faults from borehole data""",": ""During the detailed design  of the  powerhouse,  several inclined boreholes will be excavated  in  the rock mass at  the top of  the powerhouse in  order  to characterize the location and nature  of  the fault.""",http://data.europa.eu/esco/occupation/364e61ab-1631-4fe1-a170-e88797aad6f9
P075941,3765a20d-5160-4e8f-82f1-ad7872b9db24,information manager,"Information managers are responsible for systems that provide information to people. They assure access to the information in different work environments (public or private) based on theoretical principles and hands-on capabilities in storing, retrieving and communicating information.","""Knowledge Management Specialist""","""Develop and manage a knowledge-management component to document best practices and share them with stakeholders involved in similar ventures.""","""document best practices"", ""share documented best practices with stakeholders""",": ""The strategy will also include a knowledge-management component to document best practices and share them with stakeholders involved in similar ventures.""",http://data.europa.eu/esco/occupation/3765a20d-5160-4e8f-82f1-ad7872b9db24
P075941,39e9fc8f-02bd-4577-b603-2dc96204ce74,community development officer,"Community development officers develop plans to improve quality of life in local communities. They investigate and assess the community's issues and needs, manage resources, and develop implementation strategies. They communicate with the community for investigation purposes, and to inform the community on development plans.","""Livelihood Restoration Program Implementer""","""Implement the Livelihood Restoration Program and the Local Area Development Plan for affected communities.""","""implement the Livelihood Restoration Program"", ""implement the Local Area Development Plan""",": ""This component will finance the Environmental and Social Management Plan (ESMP) and the Resettlement Action Plan (RAP) including cash compensation to approximately Six Hundred Sixty Four (664) project affected households and implementation of the associated Livelihood Restoration Program and the Local Area Development Plan (LADP).""",http://data.europa.eu/esco/occupation/39e9fc8f-02bd-4577-b603-2dc96204ce74
P075941,3d999108-f37a-4087-a936-b2911240b8c2,volunteer manager,"Volunteer managers work across the non-profit sector to recruit, train, motivate and supervise volunteers. They are in charge of designing volunteer assignments, recruiting volunteers, reviewing the tasks undertaken and impact made, providing feedback and managing their overall performance against the objectives of the organisation. Volunteer coordinators might also manage online volunteering activities, sometimes known as cyber-volunteering or e-volunteering.","""Stakeholder Engagement Specialist""","""Capture continuous feedback during project implementation and harness the capacity of Civil Society Organization in monitoring activities.""","""capture feedback during project implementation"", ""harness capacity of Civil Society Organization for monitoring activities""",": ""Therefore the Project's communications strategy emphasizes the continuous capturing of feedback during project implementation, harnessing the capacity of civil society in monitoring activities.""",http://data.europa.eu/esco/occupation/3d999108-f37a-4087-a936-b2911240b8c2
P075941,3e7bf729-4442-4b9f-ad5e-83111963795c,ICT technician,"ICT technicians install, maintain, repair and operate information systems and any ICT related equipment (laptops, desktops, servers, tablets, smart phones, communications equipment, printers and any piece of computer related peripheral networks), and any type of software (drivers, operating systems, applications).","""Environmental and Social Management Consultant""","""A separate consultancy will be responsible for the management and supervision of the implementation of the Environmental and Social Management Plan and the Resettlement Action Plan, supervised by the Safeguards Unit at the Rusumo Project Implementation Unit.""","""manage implementation of Environmental and Social Management Plan"", ""supervise implementation of Resettlement Action Plan""",": ""There will be a separate consultancy responsible for the management and supervision of the implementation of the ESMP and the Resettlement Action Plan (RAP) and supervised by the Safeguards Unit at the RPIU.""",http://data.europa.eu/esco/occupation/3e7bf729-4442-4b9f-ad5e-83111963795c
P075941,4b214899-ed00-4156-b269-a23df0fb1093,environmental protection manager,"Environmental protection managers provide advice on the development of environmental policies to governmental and official institutions. They analyse possible threats for the well being of the people and the environment in a region and manage campaigns aimed at tackling problems such as waste collection, landfills, and preservation of green areas.","""Environmental Safeguard Specialist"", ""Environmental and Social Safeguards Specialist"", ""Environmental and Social Safeguards Specialist (Panel member)"", ""Environmental Specialist"", ""Environmental and Social Management Specialist"", ""Environmental and Social Safeguards Specialist at the Rusumo Project Implementation Unit"", ""Environment and Social Specialist"", ""Financial Management Specialist"", ""Lead Environmental and Social Specialist"", ""Environmental and Social Professional (including site supervisors)""","""Be a member of the core implementation-support team."", ""Implement the Environmental and Social Management Plan and coordinate environmental and social mitigation measures."", ""Provide technical guidance on environmental and social safeguards to the Nile Equatorial Lakes Subsidiary Action Program Coordination Unit during project implementation."", ""Coordinate implementation of the Environmental and Social Management Plan (ESMP)."", ""Prepare and implement the Environment and Social Management Plan (ESMP)."", ""Establish an Environmental and Social Management Unit (ESMU) within the Rusumo Project Implementation Unit (RPIU) and ensure implementation of the Environment and Social Management Plan (ESMP), Resettlement Action Plan (RAP) and Local Area Development Plan (LADP)."", ""The Rusumo Project Implementation Unit's oversight capability will be reinforced with environment and social specialists."", ""The Rusumo Project Implementation Unit's oversight capability will be reinforced with a financial-management specialist."", ""Consulting services to be procured will include a Lead Environmental and Social Specialist to support project preparation and implementation."", ""The Environmental and Social Management Unit staffing will include multidisciplinary expertise in environmental assessment and management, social assessment and management, as well as health and safety; construction phase staffing will include 12 environmental and social professionals including site supervisors.""","""be part of the implementation-support team"", ""implement the Environmental and Social Management Plan"", ""coordinate environmental and social mitigation measures"", ""provide technical guidance on environmental and social safeguards"", ""support the NELSAP Coordination Unit during project implementation"", ""coordinate implementation of the Environmental and Social Management Plan (ESMP)"", ""prepare Environment and Social Management Plan (ESMP)"", ""implement Environment and Social Management Plan (ESMP)"", ""ensure Environment and Social Management Plan (ESMP) implementation"", ""implement Resettlement Action Plan (RAP)"", ""implement Local Area Development Plan (LADP)"", ""provide environmental and social specialist expertise"", ""support Unit oversight"", ""provide financial-management specialist expertise"", ""support Unit oversight"", ""provide lead environmental and social specialist services"", ""perform environmental assessment and management"", ""perform social assessment and management"", ""conduct health and safety tasks"", ""supervise site environmental and social activities""",": ""The core implementation-support team will consist of a task team leader (TTL), a power engineer, an environmental safeguard specialist, a social-safeguards specialist, a procurement specialist, and a financial-management specialist."", : ""This component will finance the Environmental and Social Management Plan (ESMP) and the Resettlement Action Plan (RAP) including cash compensation to approximately Six Hundred Sixty Four (664) project affected households and implementation of the associated Livelihood Restoration Program and the Local Area Development Plan (LADP)."", : ""Two independent panels -one for environmental and social safeguards and another for dam safety -are in place and have provided technical guidance to the NELSAP Coordination Unit during project preparation. This guidance will continue during project implementation."", : ""The RPIU will be supported by the Owner's Engineer and will be responsible for: (i) overall project management and supervision of the procurement, design, construction and preparation for operation and maintenance of the power plant complex and transmission lines; and (ii) coordination of the implementation of the Environmental and Social Management Plan (ESMP) and the Resettlement Action Plan (RAP)."", : ""In addition, the contractor will be required to prepare and implement a detailed environmental and social management plan (ESMP)."", : ""The overall responsibility for ESMP implementation will be with the RPIU which will establish an Environmental and Social Management Unit (ESMU) reporting to the RPIU Manager and ensuring ESMP implementation as well as implementation of RAP and LADP."", : ""The Unit's oversight capability will be reinforced with a Project Manager as head of the Unit, senior project engineers (civil, electrical and mechanical), a quantity surveyor, environment and social specialists, a procurement specialist, a financial-management specialist, an accounts-and-logistics assistant, a communications specialist and other technical staff."", : ""These services will include: the Owner's Engineer, a consultant to conduct an exit survey of Project Affected Persons (PAPs), an nongovernmental organization (NGO) to the compensation process for the PAPs, the Project Manager, the Lead Environmental and Social Specialist, two social development and resettlement officer, the Environmental Management Officer, the Communication Officer, the Finance Officer, the Procurement Specialist, the Procurement Officer, the Civil Engineer, the Electrical Engineer, the Mechanical Engineer and the Accountant."", : ""ESMU staffing will be flexible but will include multidisciplinary expertise in environmental assessment and management, social assessment and management, as well as health and safety. The construction phase staffing will include 12 environmental and social professionals including site supervisors, plus additional specialists a needed.""",http://data.europa.eu/esco/occupation/4b214899-ed00-4156-b269-a23df0fb1093
P075941,4cdfac8c-b000-4279-985e-31bc1fbe2447,underground miner,"Underground miners perform a wide range of ancillary underground mining operations such as inspections, conveyor attendance and the transport of equipment and consumable materials from the surface to the point of extraction underground.","""Tunnel Excavation Specialist""","""excavate the headrace tunnel by top heading followed by benching through sound-to-slightly-weathered quartzophyllite""","""excavate headrace tunnel by top heading followed by benching""",": ""The headrace tunnel will be of an ""inverted D shape"" to allow  excavation of  the  sound-to-slightly-weathered quartzophyllites by top heading  followed by benching.""",http://data.europa.eu/esco/occupation/4cdfac8c-b000-4279-985e-31bc1fbe2447
P075941,4f49df98-98b8-4a9e-98ad-9c5557817eba,strategic planning manager,"Strategic planning managers create, together with a team of managers, the strategic plans of the company as a whole, and provide coordination in the implementation per department. They help to interpret the overall plan and create a detailed plan for each one of the departments and branches. They ensure consistency in the implementation.","""Power Sector Planner""","""Government of Tanzania is preparing an update of the 2009 Power Sector Master Plan which is expected to be finalized in 2013.""","""preparing update of Power Sector Master Plan"", ""finalizing Power Sector Master Plan""",": ""The GoT is currently preparing an update of the 2009 PSMP, which is expected to be finalized in 2013.""",http://data.europa.eu/esco/occupation/4f49df98-98b8-4a9e-98ad-9c5557817eba
P075941,55167849-82cf-484e-b818-fa702a4e69e9,hydrologist,"Hydrologists research and study the quality, current challenges, and distribution of water in the Earth. They study water supply from rivers, streams, and springs to determine their adequate and sustainable use. Together with a cross functional team of professionals, they plan and develop how water can be supplied to cities and urban areas while ensuring efficiency and resource conservation.","""Hydrologist (Water Resources Specialist)""","""The Rusumo Water Resources Management Plan will include river-flow management activities such as monitoring water release patterns, water quality and quantity, environmental flow requirements, and management of floods and low water flows.""","""monitor water release patterns"", ""monitor water quality and quantity"", ""manage environmental flow requirements and flood/low flow events""",": ""The RWRMP will focus on ensuring adequate, safe, water-resource system operations, including: regular dam inspections; the development of downstreamdischarge warning procedures; and the monitoring of dam safety through the analysis of instrument records and reports on the behavior of the dam structure, river-flow management (monitoring water release patterns, water quality and quantity, environmental flow requirements), water rights, and management of floods and low water flows.""",http://data.europa.eu/esco/occupation/55167849-82cf-484e-b818-fa702a4e69e9
P075941,579254cf-6d69-4889-9000-9c79dc568644,mechanical engineer,"Mechanical engineers research, plan and design mechanical products and systems and supervise the fabrication, operation, application, installation and repair of systems and products. They research and analyse data.","""Hydroelectric Plant Mechanical Engineer"", ""Senior Mechanical Engineer"", ""Senior Project Mechanical Engineer"", ""Dam Safety Monitoring Specialist"", ""Mechanical Engineer (consultant)""","""Implement the Power Plant Complex (Component A)."", ""Provide senior mechanical engineering support to the set-up operations of the Rusumo Power Company Limited and the NELSAP Rusumo Project Implementation Unit."", ""The Rusumo Project Implementation Unit's oversight capability will be reinforced with senior project engineers (mechanical)."", ""The Rusumo Water Resources Management Plan will focus on monitoring dam safety through the analysis of instrument records and reports on the behavior of the dam structure and related tasks including regular dam inspections and development of downstream discharge warning procedures."", ""Consulting services to be procured will include a Mechanical Engineer to support hydro-mechanical equipment and related works.""","""implement the Power Plant Complex"", ""support the set-up operations of the Rusumo Power Company Limited"", ""support the set-up operations of the NELSAP Rusumo Project Implementation Unit"", ""provide senior project engineering (mechanical) expertise"", ""support Unit oversight"", ""conduct regular dam inspections"", ""analyze instrument records and dam behavior reports"", ""develop downstream discharge warning procedures"", ""provide mechanical engineering design and oversight""",": ""The Project includes the Power Plant Complex (Component A) and the associated Transmission lines (Component B)."", : ""This component will also finance staff costs to support the set-up operations of the Rusumo Power Company Limited (RPCL) and NELSAP Rusumo Project Implementation Unit (RPIU) including a project manager, senior engineers (civil, electrical and mechanical), a quantity surveyor, a safeguards team, a procurement specialist, a financial management specialist, accounts and logistics assistant, a communications specialist and other technical staff."", : ""The Unit's oversight capability will be reinforced with a Project Manager as head of the Unit, senior project engineers (civil, electrical and mechanical), a quantity surveyor, environment and social specialists, a procurement specialist, a financial-management specialist, an accounts-and-logistics assistant, a communications specialist and other technical staff."", : ""The RWRMP will focus on ensuring adequate, safe, water-resource system operations, including: regular dam inspections; the development of downstreamdischarge warning procedures; and the monitoring of dam safety through the analysis of instrument records and reports on the behavior of the dam structure, river-flow management (monitoring water release patterns, water quality and quantity, environmental flow requirements), water rights, and management of floods and low water flows."", : ""These services will include: the Owner's Engineer, a consultant to conduct an exit survey of Project Affected Persons (PAPs), an nongovernmental organization (NGO) to the compensation process for the PAPs, the Project Manager, the Lead Environmental and Social Specialist, two social development and resettlement officer, the Environmental Management Officer, the Communication Officer, the Finance Officer, the Procurement Specialist, the Procurement Officer, the Civil Engineer, the Electrical Engineer, the Mechanical Engineer and the Accountant.""",http://data.europa.eu/esco/occupation/579254cf-6d69-4889-9000-9c79dc568644
P075941,57e87533-e523-4ee5-bf21-94a39fcc279b,health safety and environmental manager,"Health, safety and environmental managers design and execute corporate policies and procedures related to occupational health and safety and environmental protection. They analyse business processes to ensure compliance with government and environment legislation, conduct risk assessment in the domain of occupational health and safety, evaluate the environmental impact of economic activities and design the appropriate measures for the improvement of work environments and cultures. They coordinate the implementation of an integrated health, safety and environmental management system, defining effective indicators, organizing audits and eventually participating in accident investigation and reporting. They promote an integrated approach to sustainability and occupational health within business organisations, liaising with corporate and line managers and training employees. They are responsible for drafting technical documentation related to the compliance with health and safety and environmental legislation.","""Environmental and Social Safeguards Auditor""","""Conduct regular third party technical audits of safeguards measures to ensure compliance with safeguard policies.""","""conduct third party technical audits of safeguards measures"", ""ensure compliance with safeguard policies""",": ""A regular third party technical audit of safeguards measures will also ensure compliance with safeguard policies.""",http://data.europa.eu/esco/occupation/57e87533-e523-4ee5-bf21-94a39fcc279b
P075941,58db3ac6-5217-4d46-8a4c-126598be1d13,electric power generation engineer,"Electric power generation engineers design and develop systems which generate electrical power, and develop strategies for the improvement of existing electricity generation systems. They strive to conciliate sustainable solutions with efficient and affordable solutions. They engage in projects where supply of electrical energy is required.","""Power Generation Project Developer"", ""Power Engineer"", ""Power Systems Planning Engineer"", ""Senior Electrical Engineer"", ""Design Engineer""","""Jointly develop low-cost power generation"", ""Be a member of the core implementation-support team."", ""Support national utilities to reduce generation capacity shortages and to alleviate or eliminate reliance on expensive thermal generation."", ""Provide senior electrical engineering support to the set-up operations of the Rusumo Power Company Limited and the NELSAP Rusumo Project Implementation Unit."", ""Supervise design of the power plant complex and transmission lines.""","""develop low-cost power generation"", ""be part of the implementation-support team"", ""reduce generation capacity shortages"", ""alleviate or eliminate reliance on expensive thermal generation"", ""support national utilities"", ""support the set-up operations of the Rusumo Power Company Limited"", ""support the set-up operations of the NELSAP Rusumo Project Implementation Unit"", ""supervision of design""",": ""In the context of the NBI and the Nile Equatorial Lakes Subsidiary Action Program (NELSAP), the riparian countries have agreed to jointly develop low-cost power generation and regional system interconnections in order to improve productivity and promote economic growth."", : ""The core implementation-support team will consist of a task team leader (TTL), a power engineer, an environmental safeguard specialist, a social-safeguards specialist, a procurement specialist, and a financial-management specialist."", : ""The project will also support the national utilities of the three countries to reduce the generation capacity shortages and ease financial imbalances by alleviating or eliminating reliance on expensive thermal generation."", : ""This component will also finance staff costs to support the set-up operations of the Rusumo Power Company Limited (RPCL) and NELSAP Rusumo Project Implementation Unit (RPIU) including a project manager, senior engineers (civil, electrical and mechanical), a quantity surveyor, a safeguards team, a procurement specialist, a financial management specialist, accounts and logistics assistant, a communications specialist and other technical staff."", : ""The RPIU will be supported by the Owner's Engineer and will be responsible for: (i) overall project management and supervision of the procurement, design, construction and preparation for operation and maintenance of the power plant complex and transmission lines; and (ii) coordination of the implementation of the Environmental and Social Management Plan (ESMP) and the Resettlement Action Plan (RAP).""",http://data.europa.eu/esco/occupation/58db3ac6-5217-4d46-8a4c-126598be1d13
P075941,59883630-45f9-40e7-9732-9e5ff9758d2b,environmental programme coordinator,Environmental programme coordinators develop programmes for the improvement of environmental sustainability and efficiency within a organisation or institution. They inspect sites in order to monitor an organisation's or institution's compliance with environmental legislation. They also ensure education for the public on environmental concerns.,"""Environmental and Social Management Consultant"", ""Independent Environmental Auditor"", ""Environmental Management Officer""","""A separate consultancy will be responsible for the management and supervision of the implementation of the Environmental and Social Management Plan and the Resettlement Action Plan, supervised by the Safeguards Unit at the Rusumo Project Implementation Unit."", ""The Rusumo Power Company Limited shall cause an environmental audit to be undertaken by a qualified independent entity in accordance with the environmental regulations of Rwanda and Tanzania."", ""Consulting services to be procured will include an Environmental Management Officer to support environmental management tasks.""","""manage implementation of Environmental and Social Management Plan"", ""supervise implementation of Resettlement Action Plan"", ""conduct environmental audit in accordance with national regulations"", ""implement environmental management tasks""",": ""There will be a separate consultancy responsible for the management and supervision of the implementation of the ESMP and the Resettlement Action Plan (RAP) and supervised by the Safeguards Unit at the RPIU."", : ""In addition, RPCL shall cause an environmental audit to be undertaken by a qualified independent entity in accordance with the environmental regulations of Rwanda and Tanzania."", : ""These services will include: the Owner's Engineer, a consultant to conduct an exit survey of Project Affected Persons (PAPs), an nongovernmental organization (NGO) to the compensation process for the PAPs, the Project Manager, the Lead Environmental and Social Specialist, two social development and resettlement officer, the Environmental Management Officer, the Communication Officer, the Finance Officer, the Procurement Specialist, the Procurement Officer, the Civil Engineer, the Electrical Engineer, the Mechanical Engineer and the Accountant.""",http://data.europa.eu/esco/occupation/59883630-45f9-40e7-9732-9e5ff9758d2b
P075941,5ccb2c34-e860-43a5-9869-342487518115,project support officer,"Project support officers provide different types of services for the successful execution of a project as part of a horizontal project management office. They offer administrative support, assistance and training to project managers and other staff members, manage the project’s documentation and assist the project manager with project scheduling, resource planning, coordination and reporting. Project support officers are responsible for quality assurance activities and for monitoring the adherence to methodology guidelines and other organisational standards. They also offer advice on project management tools and related administrative services.","""Financial Management Specialist (provided by Nile Equatorial Lakes Subsidiary Action Program - Coordination Unit)""","""The Nile Equatorial Lakes Subsidiary Action Program - Coordination Unit will provide fiduciary support to the Rusumo Project Implementation Unit in financial management and procurement.""","""provide fiduciary support in financial management"", ""provide fiduciary support in procurement""",": ""The NELSAP-CU will provide fiduciary support to the RPIU in financial management and procurement.""",http://data.europa.eu/esco/occupation/5ccb2c34-e860-43a5-9869-342487518115
P075941,5e4d156a-1f05-4b2c-b0f0-5abb82d52ed6,bank account manager,"Bank account managers advise prospective clients on the type of banking accounts suitable for their needs. They work with clients to set up the bank account and remain their primary point of contact in the bank, assisting with all necessary documentation. Bank account managers may recommend their clients to contact other departments in the bank for other specific needs.","""Escrow agent / bank custodian""","""Operate and supervise a bank escrow account holding banker's guarantees or security deposits equivalent to six months of capacity charges, under supervision of an independent third party.""","""operate a bank escrow account for capacity charge guarantees"", ""manage banker's guarantees or security deposits""",": ""Therefore it is recommended that each of the three utilities provide RPCL with a banker's guarantee or a security deposit in a bank escrow account equivalent to six months of capacity charges. The value of the guarantee/deposit will be reviewed annually to account for any expected variations in the capacity charges during the subsequent year. The escrow account would be operated under the supervision of an independent third party.""",http://data.europa.eu/esco/occupation/5e4d156a-1f05-4b2c-b0f0-5abb82d52ed6
P075941,5e5b1b61-1351-4d3b-a293-deb3661715dd,financial controller,"Financial controllers handle all tasks related to the budgeting and accounting aspects of a company or organisation. They implement and ensure compliance with internal financial and accounting procedures, and prepare documentation for external audits. They collect information related to financial statements such as assets, liabilities, equity, and cash flow in order to assess the company's financial position to prepare annual budgets and forecasts.","""Project Financial Management Specialist"", ""Financial Management Specialist""","""Manage financing related to Component A: Power Plant Complex (component financed by the Bank)."", ""Be a member of the core implementation-support team."", ""The Rusumo Project Implementation Unit's oversight capability will be reinforced with a financial-management specialist.""","""manage financing for the Power Plant Complex"", ""implement financing for the component financed by the Bank"", ""be part of the implementation-support team"", ""provide financial-management specialist expertise"", ""support Unit oversight""",": ""The word ""Project"" in the PAD, where applicable, should also be interpreted to refer to the component financed by the Bank which is component A: ""Power Plant Complex""."", : ""The core implementation-support team will consist of a task team leader (TTL), a power engineer, an environmental safeguard specialist, a social-safeguards specialist, a procurement specialist, and a financial-management specialist."", : ""The Unit's oversight capability will be reinforced with a Project Manager as head of the Unit, senior project engineers (civil, electrical and mechanical), a quantity surveyor, environment and social specialists, a procurement specialist, a financial-management specialist, an accounts-and-logistics assistant, a communications specialist and other technical staff.""",http://data.europa.eu/esco/occupation/5e5b1b61-1351-4d3b-a293-deb3661715dd
P075941,691ec040-f5ad-47ef-8698-03212d66dbbf,structural ironworker,"Structural ironworker in construction install iron elements into structures. They erect steel frameworks for buildings, bridges and other construction projects. They set metal rods, or rebar, to form reinforced concrete.","""Tower Erection Contractor (Transmission Line)""","""Transmission line right-of-way will accommodate 1,041 steel lattice towers which will be erected on concrete foundations and require associated access roads and tracks to be built.""","""erect steel lattice towers on concrete foundations"", ""construct access roads and tracks for transmission lines""",": ""The T-lines' 30 meter wide right of way corridor will occupy an area of 1115.7 ha, on which 1,041 steel lattice towers will be erected (293 in Burundi, 334 in Rwanda, and 414 in Tanzania) with height of 37.5 -49.5 meters, on concrete foundations typically 2.5 x 2.5 meters (6.25 m 2  area). In  addition, access  roads  and tracks of  yet  to  be determined length will be  built for construction and  maintenance  of the  T-lines.""",http://data.europa.eu/esco/occupation/691ec040-f5ad-47ef-8698-03212d66dbbf
P075941,6fc8f605-98b9-4218-b5e2-91c4c9c55c4d,design engineer,Design engineers develop new conceptual and detailed designs. They create the look for these concepts or products and the systems used to make them. Design engineers work with engineers and marketers to enhance the functioning and efficiency of existing devices.,"""Design Engineer""","""Prepare final designs during the 12 months of final designs and related activities at project start-up.""","""prepare final designs""",": ""The project period will be about seven (7) years, from approval and will include: (i) 12 months of final designs, contractor selection, site acquisition and related activities, (ii) 45 months construction period and (iii) 24 months covering the initial defects liability period.""",http://data.europa.eu/esco/occupation/6fc8f605-98b9-4218-b5e2-91c4c9c55c4d
P075941,7052fd94-f563-46a9-8e2d-cba6c20f3e71,overhead line worker,Overhead line workers construct and maintain power supply and control cables in overhead power lines. They also make and repair electrical cables connecting customers to the electricity network.,"""High Voltage Transmission Line Engineer"", ""Electric Power Line Installer and Repairer"", ""Transmission Line Erection Technician"", ""Transmission Line Tower Erection Technician""","""Construction of 220 kilovolt transmission interconnections between Kenya, Uganda, Rwanda, Democratic Republic of Congo, Burundi and Tanzania under the Nile Equatorial Lakes Subsidiary Action Program."", ""Install and construct high-voltage transmission lines specified by the project."", ""Erect and install transmission line towers, conductors and associated hardware for the three lines."", ""Erect steel lattice towers along the transmission line right-of-way on concrete foundations.""","""constructing transmission interconnections"", ""constructing 220 kilovolt transmission lines"", ""install transmission lines"", ""construct transmission lines"", ""erect transmission line towers and install conductors"", ""perform transmission line installation works"", ""erect steel lattice towers on concrete foundations""",": ""The Kenya-Tanzania interconnector will allow the country to be linked to the future interconnection between Kenya and Ethiopia, and various interconnections between Kenya, Uganda, Rwanda, Burundi, and Eastern DRC which are expected to be constructed in 2014 under NELSAP program. The study identifies the proposed 220KV transmission interconnections between Kenya, Uganda, Rwanda, DRC, Burundi and Tanzania lines as critical to the region's power trade in the medium term."", : ""(c) The construction of transmission lines in the beneficiary countries as follows: 161 km in Burundi, 119 km in Rwanda and 98.20 km in Tanzania."", : ""This component will consist of construction of three transmission lines from Rusumo to: (i) Gitega, Burundi (161 km); (ii) Kigali, Rwanda (119 km); and (iii) Nyakanazi, Tanzania (98.2 km)."", : ""The T-lines' 30 meter  wide right of  way  corridor will  occupy an area  of 1115.7 ha,  on which 1,041 steel lattice towers  will be  erected (293 in  Burundi, 334 in  Rwanda, and  414 in  Tanzania) with  height 2 of 37.5 -49.5  meters, on  concrete foundations typically 2.5 x 2.5 meters (6.25 m  area).""",http://data.europa.eu/esco/occupation/7052fd94-f563-46a9-8e2d-cba6c20f3e71
P075941,72381086-cb6e-455e-a40b-ccb26550aab6,power production plant operator,"Power production plant operators maintain and operate the equipment in power stations and other energy production plants. They repair faults, operate machinery directly or from a control room, and handle materials related to electricity production in compliance with safety and environmental procedures. They facilitate interaction between electrical energy facilities, ensuring that distribution occurs safely.","""Power Plant Operator"", ""Operation and Maintenance Specialist"", ""Accounts and Logistics Assistant"", ""Operations and Maintenance Contractor"", ""Power Plant Operator (private operator)""","""Perform long-term plant operations as part of the project."", ""Prepare for operation and maintenance of the power plant complex and transmission lines."", ""The Rusumo Project Implementation Unit's oversight capability will be reinforced with an accounts-and-logistics assistant."", ""The Rusumo Power Company Limited shall procure through an International Competitive Bidding process the services of an operations and maintenance contractor prior to commissioning of the Power Plant."", ""The Power Plant operations, including obligations under the Power Purchase Agreements, will be contracted out to a competitively-selected private operator who will receive delegated authority to enforce the Power Purchase Agreement obligations and provide expertise to ensure safe and reliable dam operations.""","""work during plant operations"", ""be employed during plant operations"", ""preparation for operation and maintenance"", ""manage accounts and logistics"", ""support Unit oversight"", ""provide operations and maintenance services"", ""enforce Power Purchase Agreement obligations"", ""ensure safe and reliable dam operations""",": ""The project will directly benefit the population in the project area by providing employment opportunities both during the construction phase and during plant operations over the long term."", : ""The RPIU will be supported by the Owner's Engineer and will be responsible for: (i) overall project management and supervision of the procurement, design, construction and preparation for operation and maintenance of the power plant complex and transmission lines; and (ii) coordination of the implementation of the Environmental and Social Management Plan (ESMP) and the Resettlement Action Plan (RAP)."", : ""The Unit's oversight capability will be reinforced with a Project Manager as head of the Unit, senior project engineers (civil, electrical and mechanical), a quantity surveyor, environment and social specialists, a procurement specialist, a financial-management specialist, an accounts-and-logistics assistant, a communications specialist and other technical staff."", : ""The Rusumo Power Company shall, not later than six months prior to the commissioning of the Power Plant, procure through an International Competitive Bidding process the services of an operations and maintenance contractor."", : ""The Power Plant operations will be contracted out to a competitively-selected private operator, and this operator will receive the delegated authority to enforce the PPA obligations. The operator will also provide the necessary expertise to ensure safe and reliable dam operations.""",http://data.europa.eu/esco/occupation/72381086-cb6e-455e-a40b-ccb26550aab6
P075941,76abbb82-c103-4d7a-a4c0-14dba4d6199a,commissioning engineer,"Commissioning engineers supervise the final stages of a project when systems are installed and tested. They inspect the correct functioning of the equipment, facilities and plants to make sure they meet the requirements and specifications. They perform the necessary verifications and give approval to finalise the project.","""Commissioning Engineer"", ""Control and Communications Engineer""","""Test and commission mechanical and electrical systems of the power plant complex."", ""Supply, install, test and commission power complex control and communications equipment.""","""test mechanical and electrical systems"", ""commission mechanical and electrical systems"", ""supply control and communications equipment"", ""install control and communications equipment"", ""test and commission control and communications equipment""",": ""This component will include supply, installation, testing and commissioning of: (i) hydro-mechanical equipment; (ii) turbine-generator sets and auxiliaries; (iii) generation substation; and (iv) power complex control and communications equipment.""",http://data.europa.eu/esco/occupation/76abbb82-c103-4d7a-a4c0-14dba4d6199a
P075941,77abfaec-a250-4765-95fa-6091e8da1bba,electromechanical engineer,"Electromechanical engineers design and develop equipment and machinery that use both electrical and mechanical technology. They make draughts and prepare documents detailing the material requisitions, the assembly process and other technical specifications. Electromechanical engineers also test and evaluate the prototypes. They oversee the manufacturing process.","""Electromechanical Engineer""","""Provide support to the implementation-support team as an electromechanical engineer.""","""provide support to the implementation-support team""",": ""This team will receive support from an institutional specialist in the electricity sector, an electromechanical engineer, a civil engineer, a resettlement specialist, a hydropower specialist, a legal advisor, a water resources specialist, a communications specialist, and a monitoring and evaluation (M&E) specialist.""",http://data.europa.eu/esco/occupation/77abfaec-a250-4765-95fa-6091e8da1bba
P075941,78db356f-a96a-4456-ab29-2de62e52f830,public finance accountant,"Public finance accountants head the treasury department of a governmental institution. They manage the institution's financial administration, expenditure and income generation, and compliance with taxation and other financial legislation. They perform administrative duties to ensure record keeping, develop plans for budget management and perform financial forecasts.","""Utility finance manager (Regie de Production et de Distribution d'eau et d'elelectricite; Energy, Water and Sanitation Authority; Tanzania Electric Supply Company Limited)"", ""Finance and Administration Manager"", ""Project Finance Officer""","""Deposit and maintain an amount equal to six months' capacity charges in an escrow account and provide one-third of the required amount six months prior to the Commercial Operation Date, with periodic replenishments thereafter."", ""Nile Equatorial Lakes Subsidiary Action Program - Coordination Unit has an accounting unit headed by the Finance and Administration Manager who will oversee the work of a finance officer under the Rusumo Project Implementation Unit."", ""A Project Finance Officer will be in charge of the daily maintenance of the project books of accounts and records and will report to the Manager of Finance and Administration.""","""deposit and maintain six months' capacity charges in escrow"", ""provide one-third of required escrow amount prior to Commercial Operation Date and replenish periodically"", ""oversee accounting unit"", ""supervise project finance officer"", ""daily maintenance of project books of accounts and records"", ""handle daily project financial transactions""",": ""- (a) The utilities under the Power Purchase Agreement shall each deposit and maintain an amount equal to six months' capacity charges, pursuant to the Power Purchase Agreement in an escrow account with a depository satisfactory to RPCL. Each of the Utilities hall provide one-third of the required amount six (6) months prior the Commercial Operations Date of the Project, and thereafter, provide periodic replenishments for the duration of Power Purchase Agreement;"", : ""NELSAP-CU has an accounting unit that is headed by the Finance and Administration Manager. This manager will be assisted by a Project Finance Officer who will be in charge of the daily maintenance of the project books of accounts and records."", : ""This manager will be assisted by a Project Finance Officer who will be in charge of the daily maintenance of the project books of accounts and records.""",http://data.europa.eu/esco/occupation/78db356f-a96a-4456-ab29-2de62e52f830
P075941,7a0afb5e-f118-449a-82bd-d8b9230fd49f,tunnel boring machine operator,"Tunnel boring machine operators work on large pieces of tunnelling equipment commonly known as TBMs. They regulate the operation of the machine, adjusting the torque of the rotating cutting wheel and screw conveyor to maximise stability of the tunnel before tunnel rings are installed. Tunnel boring machine operators then put the reinforced concrete rings in place using remote controls.","""Tunneling Engineer""","""Carry out tunneling works for the power plant complex structures.""","""perform tunneling for the power plant complex structures""",": ""This component comprises all excavation/earth works, tunneling and concrete for the power plant complex structures, including a barrage and gated spillway, intake works and diversion/power canal, surface powerhouse, access roads and construction site facilities such as offices and housing.""",http://data.europa.eu/esco/occupation/7a0afb5e-f118-449a-82bd-d8b9230fd49f
P075941,7cdeb653-8f3d-4921-832b-b95f9d700a86,electrical transmission system operator,"Electrical transmission system operators transport energy in the form of electrical power. They transmit electrical power from generation plants over an interconnected network, an electrical grid, to electricity distribution stations.","""Transmission Line Engineer"", ""Transmission System Planner"", ""Transmission Planning Analyst"", ""Transmission Line Upgrade Engineer""","""Build power system interconnections and the transmission backbone linking Burundi, Rwanda, and Tanzania."", ""Develop interconnections with support from Africa Development Bank (AfDB) in the Nile Equatorial Lakes sub-region"", ""Jointly develop regional system interconnections"", ""Conduct analytical work for a transmission interconnection between Tanzania and Zambia to connect the Eastern Africa Power Pool to the Southern Africa Power Pool"", ""Tanzania Electric Supply Company Limited's enhancement of transmission capacity of the existing north-south Backbone transmission line between Iringa and Shinyanga under the ongoing Backbone Transmission Interconnection Project.""","""build power system interconnections"", ""link transmission backbone"", ""develop interconnections with support from Africa Development Bank (AfDB)"", ""develop regional system interconnections"", ""conduct analytical work for a transmission interconnection between Tanzania and Zambia"", ""enhancing transmission capacity of existing backbone transmission line"", ""upgrading backbone transmission line between Iringa and Shinyanga""",": ""The Project will also build important power system interconnections, which will help form the transmission backbone linking Burundi, Rwanda, and Tanzania."", : ""Through the multiple interconnections being developed with support from the Africa Development Bank (AfDB) in the Nile Equatorial Lakes sub-region, Burundi, Uganda, Rwanda, the Democratic Republic of Congo and Kenya will soon be able to regularly exchange power in response to changing conditions."", : ""In the context of the NBI and the Nile Equatorial Lakes Subsidiary Action Program (NELSAP), the riparian countries have agreed to jointly develop low-cost power generation and regional system interconnections in order to improve productivity and promote economic growth."", : ""In addition, NELSAP is conducting the necessary analytical work for a transmission interconnection between Tanzania and Zambia, to connect the Eastern Africa Power Pool to the Southern Africa Power Pool."", : ""Under the ongoing ""Backbone Transmission Interconnection Project"" (funded by IDA, AfDB, JICA, EIB & EDCF Korea), TANESCO's transmission capacity of the existing north-south Backbone transmission line between Iringa and Shinyanga will be significantly enhanced.""",http://data.europa.eu/esco/occupation/7cdeb653-8f3d-4921-832b-b95f9d700a86
P075941,7ef064b1-aab8-4818-a468-8f17acbfd995,hydropower technician,"Hydropower technicians install and maintain systems in hydropower plants. They perform inspections, analyse problems and carry out repairs. They ensure the turbines operate in compliance with regulations, and assist the hydropower engineers in the construction of turbines.","""Operations and Maintenance technician (hydroelectric plant)"", ""Hydro-mechanical Installation Technician"", ""Turbine Installation Technician"", ""Hydropower Mechanical Installation Technician""","""Provide ongoing operations and maintenance services and staffing for the Rusumo Power Company Limited to meet operational costs, including staff salaries."", ""Supply, install, test and commission hydro-mechanical equipment."", ""Supply, install, test and commission turbine-generator sets and auxiliaries."", ""install turbines, generators and fit butterfly valves ahead of the spiral cases in each turbine unit""","""perform operations and maintenance activities"", ""support ongoing staffing and operational cost requirements"", ""supply hydro-mechanical equipment"", ""install hydro-mechanical equipment"", ""test and commission hydro-mechanical equipment"", ""supply turbine-generator sets and auxiliaries"", ""install turbine-generator sets and auxiliaries"", ""test and commission turbine-generator sets and auxiliaries"", ""install turbines and generators"", ""fit butterfly valves ahead of spiral cases""",": ""If they do not, RPCL still will have to meet its operations and maintenance costs (including staff salaries), debt service, returns or dividends to shareholders, and all other cash flow requirements."", : ""This component will include supply, installation, testing and commissioning of: (i) hydro-mechanical equipment; (ii) turbine-generator sets and auxiliaries; (iii) generation substation; and (iv) power complex control and communications equipment."", : ""The powerhouse will  contain three  turbines (Kaplan  units) and three generators with  a  total maximum  capacity of  80MW. The rated flow  of each  turbine will be 119m 3 s-' for  a  total of 357m 3 S-. Ahead of  the  spiral cases, each  unit will be  fitted with  a  butterfly valve.""",http://data.europa.eu/esco/occupation/7ef064b1-aab8-4818-a468-8f17acbfd995
P075941,8213b4bc-60ce-4ffc-9e00-9758fb2003c6,monitoring and evaluation officer,"Monitoring and evaluation officers are responsible for the conceptualisation, design, implementation and follow-up of the monitoring and evaluation activities of projects, programmes, policies, strategies, institutions or processes, along the relevant programming cycle. They develop monitoring, inspection and evaluation methods and instruments needed to collect and analyse data, and report on results by applying structured M&E frameworks, theories, approaches and methodologies. M&E officers inform decision-making through reporting, learning products or activities and knowledge management. They can also engage in capacity development activities by providing training and capacity building support within their organizations or for clients and partners.","""Monitoring and Evaluation Specialist"", ""Communications Monitoring and Evaluation Specialist"", ""Monitoring and Evaluation Specialist (Rusumo Project Implementation Unit)"", ""Communications Specialist""","""Provide support to the implementation-support team as a monitoring and evaluation specialist."", ""Conduct an annual candid assessment of communications strategy implementation and use the results to inform remedial actions as appropriate."", ""Carry out results monitoring and evaluation, including monitoring construction and commissioning progress, transmission line works, implementation of the Environment and Social Management Plan and Resettlement Action Plan, and data collection."", ""The Rusumo Project Implementation Unit's oversight capability will be reinforced with a communications specialist."", ""The Rusumo Project Implementation Unit will be responsible for overall management and implementation of the project's monitoring and evaluation framework and additional support will be hired to strengthen the Unit's monitoring and evaluation capacity.""","""provide support to the implementation-support team"", ""conduct annual assessment of strategy implementation"", ""inform remedial actions based on assessment results"", ""results monitoring and evaluation"", ""monitor timely and efficient construction and commissioning of the power plant complex and transmission lines"", ""monitor effective implementation of the Environment and Social Management Plan"", ""monitor implementation of the Resettlement Action Plan"", ""data collection"", ""provide communications specialist services"", ""support Unit oversight"", ""manage and implement M&E framework"", ""strengthen Unit's M&E capacity""",": ""This team will receive support from an institutional specialist in the electricity sector, an electromechanical engineer, a civil engineer, a resettlement specialist, a hydropower specialist, a legal advisor, a water resources specialist, a communications specialist, and a monitoring and evaluation (M&E) specialist."", : ""Given the high-profile, high-risk nature of RRFHP, a candid assessment of strategy implementation will be conducted annually, and the results will help to inform remedial actions as appropriate."", : ""The RPIU will be responsible for results monitoring and evaluation. Activities to be monitored include the timely and efficient construction and commissioning of the power plant complex, the transmission lines, and effective implementation of the ESMP and RAP. Data collection will also be the responsibility of the RPIU."", : ""The Unit's oversight capability will be reinforced with a Project Manager as head of the Unit, senior project engineers (civil, electrical and mechanical), a quantity surveyor, environment and social specialists, a procurement specialist, a financial-management specialist, an accounts-and-logistics assistant, a communications specialist and other technical staff."", : ""The RPIU will be responsible for the overall management and implementation of the project's M&E framework and additional support will be hired to strengthen the Unit's M&E capacity.""",http://data.europa.eu/esco/occupation/8213b4bc-60ce-4ffc-9e00-9758fb2003c6
P075941,836f0a96-7546-4003-9fc8-714fc79199d4,contract engineer,Contract engineers combine technical knowledge of contracts and legal matters with understanding of engineering specifications and principles. They ensure that both parts are aligned in the development of a project and foresee the compliance of all the engineering specifications and matters as defined in contracts.,"""Independent Resettlement Expert""","""One year after commissioning, the Rusumo Power Company Limited shall cause an audit to be conducted by an independent qualified resettlement expert to monitor the outcomes of the Resettlement Action Plan, including a survey and consultation with Displaced Persons.""","""conduct resettlement audit"", ""carry out survey and consultation with Displaced Persons"", ""define necessary remedial actions""",": ""One year after the commissioning of the power plant, the RPCL shall cause an audit to be conducted by an independent qualified resettlement expert to monitor the outcomes of the RAP, including a survey and consultation with Displaced Persons, and which audit shall also define any necessary action to address any shortcomings in the implementation of said RAP.""",http://data.europa.eu/esco/occupation/836f0a96-7546-4003-9fc8-714fc79199d4
P075941,86ca306c-ab99-420a-9e2a-aa73c5c4de22,electrical engineer,"Electrical engineers design and develop electrical systems, electrical equipment, components, motors, and equipment with the feature of energy transmission. They engage in large scale projects such as the design and maintenance of power stations, and the distribution of power to smaller applications such as household appliances.","""Mechanical and Electrical engineer"", ""Senior Project Electrical Engineer"", ""Electrical Engineer (consultant)""","""Plan and carry out the major rehabilitation of the mechanical and electrical works over an 18-month period starting in Year 26 after Commercial Operation Date to ensure a useful technical life of 50 years."", ""The Rusumo Project Implementation Unit's oversight capability will be reinforced with senior project engineers (electrical)."", ""Consulting services to be procured will include an Electrical Engineer to support electro-mechanical and substation works.""","""plan major rehabilitation of mechanical and electrical works"", ""execute 18-month mechanical and electrical rehabilitation"", ""provide senior project engineering (electrical) expertise"", ""support Unit oversight"", ""provide electrical engineering design and oversight""",": ""The financial and economic analyses presented in this report also consider the need for a major rehabilitation of the mechanical and electrical works over 18 months, starting in Year 26 after the commercial operation date (COD) of the power plant."", : ""The Unit's oversight capability will be reinforced with a Project Manager as head of the Unit, senior project engineers (civil, electrical and mechanical), a quantity surveyor, environment and social specialists, a procurement specialist, a financial-management specialist, an accounts-and-logistics assistant, a communications specialist and other technical staff."", : ""These services will include: the Owner's Engineer, a consultant to conduct an exit survey of Project Affected Persons (PAPs), an nongovernmental organization (NGO) to the compensation process for the PAPs, the Project Manager, the Lead Environmental and Social Specialist, two social development and resettlement officer, the Environmental Management Officer, the Communication Officer, the Finance Officer, the Procurement Specialist, the Procurement Officer, the Civil Engineer, the Electrical Engineer, the Mechanical Engineer and the Accountant.""",http://data.europa.eu/esco/occupation/86ca306c-ab99-420a-9e2a-aa73c5c4de22
P075941,8801ef16-92a4-4889-8f80-9b78206c7ec0,human rights officer,"Human rights officers investigate and handle human rights violations, as well as develop plans to reduce violations and to ensure compliance to human rights legislation. They investigate complaints by examining information and interviewing victims and perpetrators, and communicate with organisations involved with human rights activities.","""Compensation Monitoring Non-Governmental Organization""","""An Non-Governmental Organization will be contracted to witness the compensation process for Project Affected Persons.""","""witness compensation process"", ""participate in resettlement compensation activities""",": ""These services will include: the Owner's Engineer, a consultant to conduct an exit survey of Project Affected Persons (PAPs), an nongovernmental organization (NGO) to the compensation process for the PAPs, the Project Manager, the Lead Environmental and Social Specialist, two social development and resettlement officer, the Environmental Management Officer, the Communication Officer, the Finance Officer, the Procurement Specialist, the Procurement Officer, the Civil Engineer, the Electrical Engineer, the Mechanical Engineer and the Accountant.""",http://data.europa.eu/esco/occupation/8801ef16-92a4-4889-8f80-9b78206c7ec0
P075941,8c57af09-719c-42b3-be40-6ed4946236cc,database administrator,"Database administrators test, implement and administer computer databases. They use their expertise in database management systems to plan, coordinate and implement security measures to safeguard computer databases. They also use scripts and configuration files to tailor a database to users' needs.","""Project Database Manager""","""The Rusumo Project Implementation Unit will be responsible for maintaining a project database, managing the flow of information, and producing periodic monitoring reports.""","""maintain project database"", ""manage flow of project information"", ""produce periodic monitoring reports""",": ""The RPIU will be responsible for maintaining a project database, managing the flow of information, and producing periodic monitoring reports.""",http://data.europa.eu/esco/occupation/8c57af09-719c-42b3-be40-6ed4946236cc
P075941,8cb59bc4-1f39-477e-beea-effed12d186c,technical communicator,"Technical communicators prepare clear, concise and professional communication from product developers to users of the products such as online help, user manuals, white papers, specifications and industrial videos. For this, they analyse products, legal requirements, markets, customers and users. They develop information and media concepts, standards, structures and software tool support. They plan the content creation and media production processes, develop written, graphical, video or other contents, generate media output, release their information products and receive feedback from the users.","""Communications Specialist""","""The Rusumo Project Implementation Unit's oversight capability will be reinforced with a communications specialist.""","""provide communications specialist services"", ""support Unit oversight""",": ""The Unit's oversight capability will be reinforced with a Project Manager as head of the Unit, senior project engineers (civil, electrical and mechanical), a quantity surveyor, environment and social specialists, a procurement specialist, a financial-management specialist, an accounts-and-logistics assistant, a communications specialist and other technical staff.""",http://data.europa.eu/esco/occupation/8cb59bc4-1f39-477e-beea-effed12d186c
P075941,91ba2935-f5c9-426d-8573-997b8b91e5ed,"agriculture, forestry and fishery vocational teacher","Agriculture, forestry and fishery vocational teachers instruct students in their specialised field of study, agriculture, forestry and fishery, which is predominantly practical in nature. They provide theoretical instruction in service of the practical skills and techniques the students must subsequently master for an agriculture, forestry or fishery profession. Agriculture, forestry and fishery vocational teachers monitor the students' progress, assist individually when necessary, and evaluate their knowledge and performance on the subject of agriculture, forestry and fishery through assignments, tests and examinations.","""Agricultural Extension Trainer""","""Provide agricultural training aimed at intensification of production as part of the livelihood restoration program.""","""provide agricultural training for intensification of production""",": ""In addition all affected households will be entitled to participate in a livelihood restoration program which will include financial training for the sustainable utilization of cash compensation, agricultural training for intensification of production and business skill training.""",http://data.europa.eu/esco/occupation/91ba2935-f5c9-426d-8573-997b8b91e5ed
P075941,91f93dc4-1b71-4053-b6fb-c579ec19303a,procurement department manager,Procurement department managers ensure that the organisation's policy goals are transformed into concrete actions and support their teams to achieve the best results for their clients and the public. They oversee the public procurement professionals in the organisation to deliver on their objectives.,"""Procurement Specialist at the Nile Equatorial Lakes Subsidiary Action Program Coordination Unit""","""Prepare the Procurement Manual defining procurement processing and oversight structures for the project.""","""prepare Procurement Manual"", ""define procurement processing and oversight structures""",": ""The Procurement processing and structures to provide oversight for the procurement function will be defined in the Procurement Manual, to be prepared by NELSAP CU.""",http://data.europa.eu/esco/occupation/91f93dc4-1b71-4053-b6fb-c579ec19303a
P075941,9581c837-fee7-4068-9618-1116fd93d723,engineering assistant,"Engineering assistants ensure the administration and monitoring of technical and engineering files for projects, assignments, and quality matters. They assist engineers with their experiments, participate in site visits, and administer the collection of information.","""Technical Staff (Rusumo Project Implementation Unit)"", ""Technical Specialist""","""Provide technical support within the Rusumo Project Implementation Unit drawing on experience in the implementation of similar projects."", ""Provide technical capacity support to the Rusumo Project Implementation Unit to increase capacity to implement the project and improve coordination.""","""experience in the implementation of similar projects"", ""provide technical support for project implementation arrangements"", ""provide technical capacity support"", ""improve coordination""",": ""The implementation arrangements will utilize NELSAP's well-established fiduciary capacity and the RPIU will be staffed with adequate technical staff with experience in the implementation of similar projects."", : ""Planned additional capacity support to the RPIU on technical, environmental, social and communication aspects will also help to increase capacity to implement the project and improve coordination.""",http://data.europa.eu/esco/occupation/9581c837-fee7-4068-9618-1116fd93d723
P075941,9e285322-2cfa-430f-9b66-41be57d698e2,public affairs consultant,"Public affairs consultants function as representatives for a client's goal. They attempt to persuade legislative bodies and policy makers to implement laws or regulation in accordance with the client's wishes, and negotiate with parties with potentially conflicting interests. They perform analytical and research duties in order to ensure that the client's cause is being addressed in an appropriate way to the appropriate parties. They also consult their clients on their causes and policies.","""Communications Consultant"", ""Public Consultation Specialist"", ""Public Consultation and Disclosure Specialist""","""Develop a strategic communications component that is adequately funded to support project implementation."", ""Conduct extensive public consultations as an integral part of the project's assessment."", ""Prepare a Public Consultation and Disclosure Plan (PCDP) to guide consultations during implementation.""","""develop strategic communications component"", ""develop strategic communications component that is adequately funded to support project implementation"", ""conduct public consultations"", ""support project assessment"", ""prepare Public Consultation and Disclosure Plan (PCDP)""",": ""A strategic communications component, adequately funded will be developed to support project implementation."", : ""The project includes extensive public consultations as an integral part of the assessment."", : ""For consultations during implementation, a Public  Consultation Disclosure Plan  (PCDP)  will be  prepared.""",http://data.europa.eu/esco/occupation/9e285322-2cfa-430f-9b66-41be57d698e2
P075941,a005f8a2-2d8a-433e-8d89-13575f822fd4,energy manager,"Energy managers coordinate the energy use in an organisation, and aim to implement policies for increased sustainability, and minimisation of cost and environmental impact. They monitor the energy demands and use, and develop improvement strategies, as well as researching the most beneficial source of energy for the organisation's needs.","""Commissioner for Energy (Ministry of Energy) [Project Steering Committee member]""","""Serve on the Project Steering Committee to provide oversight of the Rusumo Project Implementation Unit and ensure timely and quality project implementation.""","""provide an oversight function over the Rusumo Project Implementation Unit"", ""ensure timely and quality project implementation""",": ""To continue with this oversight role, there will be a Project Steering Committee (PSC) to oversee the functions of the RPIU, charged with the responsibility of ensuring timely and quality project implementation. The PSC will report to the owners of the power plant complex. The PSC will provide an oversight function and shall be comprised of an official from the Ministry of Energy (at the level of Commissioner for energy) and the utility (at least at the level of head of the generation department) from each of the respective beneficiary countries.""",http://data.europa.eu/esco/occupation/a005f8a2-2d8a-433e-8d89-13575f822fd4
P075941,a1273779-d2d4-4708-a406-62f7cdd26aab,health and safety engineer,"Health and safety engineers design objects and programs by combining engineering principles and health and safety requirements. They envision the protection and well-being of the people using designed objects or performing work under designed health and safety programs. They assess facilities and the risks that they might pose (e.g. contaminant materials, ergonomics, handling of dangerous substances, etc.) in order to design and improve health and safety measures.","""Dam Safety Specialist (Panel member)"", ""Dam Safety Consultant""","""Provide technical guidance on dam safety to the Nile Equatorial Lakes Subsidiary Action Program Coordination Unit during project implementation."", ""Three months prior to plant commissioning, the Rusumo Power Company Limited shall prepare and adopt Dam Safety Plans covering organizational, structural, staffing, technical expertise, training, equipment, and operation and maintenance procedures.""","""provide technical guidance on dam safety"", ""support the NELSAP Coordination Unit during project implementation"", ""prepare and adopt Dam Safety Plans"", ""define staffing, technical expertise and O&M procedures""",": ""Two independent panels -one for environmental and social safeguards and another for dam safety -are in place and have provided technical guidance to the NELSAP Coordination Unit during project preparation. This guidance will continue during project implementation."", : ""Three months prior plant commissioning, the RPCL shall prepare and adopt Dam Safety Plans. The detail plans shall cover organizational, structural, staffing, technical expertise, and training required; equipment facilities needed to operate and maintain the dam; O&M procedures; and arrangements for funding O&M, including long-term maintenance & safety inspections.""",http://data.europa.eu/esco/occupation/a1273779-d2d4-4708-a406-62f7cdd26aab
P075941,a1cf1406-3632-494c-bff3-0bd5d5327d8f,survey enumerator,"Survey enumerators perform interviews and fill in forms in order to collect the data provided by interviewees. They can collect information by phone, mail, personal visits or on the street. They conduct and help the interviewees administer the information that the interviewer is interested in having, usually related to demographic information for governmental statistical purposes.","""Exit Survey Consultant""","""A consultant will be engaged to conduct an exit survey of Project Affected Persons (PAPs).""","""conduct exit survey of Project Affected Persons"", ""perform survey and consultation""",": ""These services will include: the Owner's Engineer, a consultant to conduct an exit survey of Project Affected Persons (PAPs), an nongovernmental organization (NGO) to the compensation process for the PAPs, the Project Manager, the Lead Environmental and Social Specialist, two social development and resettlement officer, the Environmental Management Officer, the Communication Officer, the Finance Officer, the Procurement Specialist, the Procurement Officer, the Civil Engineer, the Electrical Engineer, the Mechanical Engineer and the Accountant.""",http://data.europa.eu/esco/occupation/a1cf1406-3632-494c-bff3-0bd5d5327d8f
P075941,a74f6c51-37e5-423e-aa5b-044e98663027,web content manager,"Web content managers curate or create content for a web platform according to the long-term strategic goals, policies and procedures for an organisation's online content or their customers. They control and monitor compliance with standards, legal and privacy regulations and ensure web optimisation. They are also responsible for integrating the work of writers and designers to produce a final layout which is compatible with corporate standards.","""Web Content Manager""","""Post all public documents involving the project, including environmental and social impact reports, on a dedicated website in adherence to the Bank's Access to Information Policy.""","""post public documents online on a dedicated website"", ""adhere to the Bank's Access to Information Policy when disclosing documents""",": ""The RRFHP will adhere to the Bank's Access to Information Policy, and all public documents involving the project, including environmental and social impact reports, will be posted online on a dedicated website -www.worldbank.org/Rusomo.""",http://data.europa.eu/esco/occupation/a74f6c51-37e5-423e-aa5b-044e98663027
P075941,a9068f84-cecd-4cbb-9acb-e20c714435ec,concrete finisher,"Concrete finishers work with binding agents like cement and concrete. They put up any removable forms and pour concrete into the forms. They then execute one or several actions to finish the concrete: cutting, screeding or levelling, compacting, smoothing, and chamfering to prevent chipping.","""Concrete Finisher (Tunnel Works)""","""perform concreting of the tunnel invert in areas where larger faults are encountered""","""concreting of the invert in areas of larger faults""",": ""It  is  anticipated that concreting of  the  invert will also be  required in  areas of  larger faults.""",http://data.europa.eu/esco/occupation/a9068f84-cecd-4cbb-9acb-e20c714435ec
P075941,aad7819e-d62e-41de-a594-9f2be186a6c2,transport engineer,"Transport engineers design and set the engineering specifications for the construction and development of roadways and transport infrastructure. They apply engineering concepts and knowledge for developing sustainable and efficient modes of transportation ranging from roads to canals, railways, and airports.","""Access Roads Construction Engineer"", ""Road Construction Engineer""","""Build access roads and tracks for construction and maintenance of the transmission lines."", ""implement major changes to road configuration on both sides of the river associated with the project""","""build access roads and tracks for construction and maintenance of the transmission lines"", ""reconfigure road alignment and construct new roadway segments""",": ""In addition, access  roads  and tracks of  yet  to be determined  length will  be built for construction and  maintenance  of the  T-lines."", : ""The project will involve major  changes  to the  road  configuration on  both  sides of the  river and  construction of  new customs  and immigration facilities.""",http://data.europa.eu/esco/occupation/aad7819e-d62e-41de-a594-9f2be186a6c2
P075941,ac37627c-a999-4779-997e-9795cc4f9a3d,power distribution engineer,"Power distribution engineers design and operate facilities which distribute power from the distribution facility to the consumers. They research methods for the optimisation of power distribution, and ensure the consumers' needs are met. They also ensure compliance to safety regulations by monitoring the automated processes in plants and directing workflow.","""Transmission and Distribution Network Engineer"", ""Institutional Specialist in the Electricity Sector""","""Regie de Production et de Distribution d'eau et d'elelectricite's investment requirements for extending, reinforcing and rehabilitating the transmission and distribution networks over the medium term."", ""Provide support to the implementation-support team as an institutional specialist in the electricity sector.""","""extending transmission and distribution networks"", ""reinforcing transmission and distribution networks"", ""rehabilitating transmission and distribution networks"", ""provide support to the implementation-support team""",": ""REGIDESO's investment requirements for extending, reinforcing and rehabilitating the transmission and distribution networks over the medium term are considerable."", : ""This team will receive support from an institutional specialist in the electricity sector, an electromechanical engineer, a civil engineer, a resettlement specialist, a hydropower specialist, a legal advisor, a water resources specialist, a communications specialist, and a monitoring and evaluation (M&E) specialist.""",http://data.europa.eu/esco/occupation/ac37627c-a999-4779-997e-9795cc4f9a3d
P075941,b05f53db-b6b0-49bc-aa0c-1790c8c7012b,rigger,"Riggers specialise in the lifting of heavy objects, often helped by a crane or derrick. They work with crane operators to attach and detach crane loads. They may also install the heavy object in place.","""Rigger""","""rig and handle stoplogs and other heavy components for installation/removal by mobile crane to service intake gates""","""install and remove stop logs using a mobile crane"", ""rig stop logs to service intake gates""",": ""The stop logs, of the downstream-seal type, will  be used  to service the  intake gates. The stop logs  will  be  installed and removed by a mobile  crane and  will be stored nearby  for  easy  access.""",http://data.europa.eu/esco/occupation/b05f53db-b6b0-49bc-aa0c-1790c8c7012b
P075941,b2cede50-82bb-4684-9f11-1930e12ad672,energy engineer,"Energy engineers design new, efficient and clean ways to produce, transform, and distribute energy to improve environmental sustainability and energy efficiency. They deal with the extraction of energy through natural resources, such as oil or gas, or renewable and sustainable sources, such as wind or solar power.","""Power Sector Planner""","""Expand energy resources for power generation and increase regional interconnectivity""","""expand energy resources for power generation"", ""increase regional interconnectivity""",": ""The challenge that remains is for the NEL countries realize the potential identified in the various studies, expanding energy resources for power generation and increasing regional interconnectivity.""",http://data.europa.eu/esco/occupation/b2cede50-82bb-4684-9f11-1930e12ad672
P075941,ba3bacd4-73e9-4861-a9c0-f89f1f28055a,construction general contractor,Construction general contractors take on the responsibility to deliver a construction project. They participate on bid processes for construction projects and hire subcontractors to deliver the different stages of the construction process from beginning to completion. They make sure subcontractors hold up their part of the agreement and work in the construction site to make sure the project is delivered in time and according to agreed standards.,"""Civil Works Contractor""","""Procurement of civil works on a re-measurable basis to cater for geological risk as part of a two-contract arrangement for project implementation.""","""implement civil works on a re-measurable basis to cater for geological risk"", ""perform works procured under the project's separate civil works contract""",": ""Risk  Management: has  been  thoroughly  studied  in  advance  of  the  start  of  the  works.  The project will  be implemented  under  a  two contract  arrangement  with  a separate  procurement  of civil  works on a re-measurable  basis  to  cater  for  the geological  risk  and E&M  plant including  hydro-mechanical  equipment on  an  EPC  basis;  in addition  to adequate Appropriate  contingency  funds  are  foreseen  for  cost  overruns.""",http://data.europa.eu/esco/occupation/ba3bacd4-73e9-4861-a9c0-f89f1f28055a
P075941,bea99fea-0383-4c63-b944-70d4799de2c5,project manager,"Project managers oversee the project on a daily basis and are responsible for delivering high-quality results within the identified objectives and constraints, ensuring the effective use of the allocated resources. They are responsible for risk and issue management, project communication and stakeholder management. Project managers perform the activities of planning, organising, securing, monitoring and managing the resources and work necessary to deliver specific project goals and objectives in an effective and efficient way.","""Project Manager"", ""Project Manager (Rusumo Project Implementation Unit)"", ""Capacity Development Specialist"", ""Project Implementation Specialist""","""Support the set-up operations of the Rusumo Power Company Limited and NELSAP Rusumo Project Implementation Unit."", ""Serve as head of the Rusumo Project Implementation Unit and manage the Unit's day-to-day implementation functions."", ""Manage and coordinate all project activities on behalf of the Rusumo Power Company Limited."", ""The Rusumo Project Implementation Unit's oversight capability will be reinforced with a Project Manager as head of the Unit."", ""The Project Implementation Manual will cover capacity-building activities for sustained achievement of the Project's objectives."", ""Prepare and closely monitor a master project implementation schedule covering the power plant and transmission lines during project implementation.""","""support the set-up operations of the Rusumo Power Company Limited"", ""support the set-up operations of the NELSAP Rusumo Project Implementation Unit"", ""serve as head of the Rusumo Project Implementation Unit"", ""manage day-to-day implementation of project activities"", ""manage all activities"", ""coordinate all activities"", ""reinforce oversight capability"", ""head the Unit"", ""implement capacity-building activities"", ""prepare a master project implementation schedule covering the power plant and transmission lines"", ""closely monitor project implementation""",": ""This component will also finance staff costs to support the set-up operations of the Rusumo Power Company Limited (RPCL) and NELSAP Rusumo Project Implementation Unit (RPIU) including a project manager, senior engineers (civil, electrical and mechanical), a quantity surveyor, a safeguards team, a procurement specialist, a financial management specialist, accounts and logistics assistant, a communications specialist and other technical staff."", : ""The RPIU will be staffed with a project manager as head of the Unit."", : ""To mitigate these risks, the Rusumo RPIU at NELSAP will manage and coordinate all the activities on behalf of the RPCL."", : ""The Unit's oversight capability will be reinforced with a Project Manager as head of the Unit, senior project engineers (civil, electrical and mechanical), a quantity surveyor, environment and social specialists, a procurement specialist, a financial-management specialist, an accounts-and-logistics assistant, a communications specialist and other technical staff."", : ""The PIM will cover: (i) capacity-building activities for sustained achievement of the Project's objectives; (ii) disbursement, financial management and procurement procedures; (iii) institutional administration, coordination and day-to-day execution of activities of the Project; (iv) monitoring, evaluation, reporting, information, education and communication; (v) project impact and implementation indicators, including the procedures for monitoring and evaluation of the Project activities; (vi) the pertinent environmental and social safeguard documents; and (vii) the format the unaudited interim financial reports and the Financial Statements; and (viii) any such other administrative, financial, technical and organizational arrangements and procedures that the Project will require."", : ""A master project implementation schedule (covering the  power plant and  transmission lines) will be  prepared and  closely monitored during project implementation.""",http://data.europa.eu/esco/occupation/bea99fea-0383-4c63-b944-70d4799de2c5
P075941,c0489e22-6a1b-4e52-974a-eb71bbb42134,public relations officer,Public relations officers represent a company or organisation to stakeholders and the public. They use communications strategies to promote an understanding of the activities and image of their clients in a favourable way.,"""Public Information Officer"", ""Communications Officer""","""Provide information to the public in formats and languages that can easily be understood and maintain a dialogue with stakeholders."", ""Consulting services to be procured will include a Communication Officer to handle communications, information, education and disclosure tasks.""","""provide information in accessible format and language"", ""maintain a dialogue with stakeholders"", ""manage communications, information and disclosure""",": ""The strategy will provide information to the public in a format and language that can easily be understood and maintain a dialogue with stakeholders."", : ""These services will include: the Owner's Engineer, a consultant to conduct an exit survey of Project Affected Persons (PAPs), an nongovernmental organization (NGO) to the compensation process for the PAPs, the Project Manager, the Lead Environmental and Social Specialist, two social development and resettlement officer, the Environmental Management Officer, the Communication Officer, the Finance Officer, the Procurement Specialist, the Procurement Officer, the Civil Engineer, the Electrical Engineer, the Mechanical Engineer and the Accountant.""",http://data.europa.eu/esco/occupation/c0489e22-6a1b-4e52-974a-eb71bbb42134
P075941,c3aae59e-1441-4b3e-bdd1-6da50dc7cf42,bookkeeper,"Bookkeepers record and assemble the day-to-day financial transactions of an organisation or company, consisting usually of sales, purchases, payments and receipts. They ensure all financial transactions are documented in the appropriate (day) book and general ledger, and that they are balanced out. Bookkeepers prepare the recorded books and ledgers with financial transactions for an accountant to then analyse balance sheets and income statements.","""Finance Officer (Project Finance Officer)""","""Consulting services to be procured will include a Finance Officer responsible for the daily maintenance of project books of accounts and records.""","""maintain project books of accounts and records"", ""perform daily financial transactions""",": ""These services will include: the Owner's Engineer, a consultant to conduct an exit survey of Project Affected Persons (PAPs), an nongovernmental organization (NGO) to the compensation process for the PAPs, the Project Manager, the Lead Environmental and Social Specialist, two social development and resettlement officer, the Environmental Management Officer, the Communication Officer, the Finance Officer, the Procurement Specialist, the Procurement Officer, the Civil Engineer, the Electrical Engineer, the Mechanical Engineer and the Accountant.""",http://data.europa.eu/esco/occupation/c3aae59e-1441-4b3e-bdd1-6da50dc7cf42
P075941,c6196b21-20f9-4608-83fb-6f143afc740d,geologist,"Geologists research the materials that form the earth. Their observations depend on the purpose of the research. Depending on their specialisation, geologists study how the Earth has been shaped over time, its geological layers, the quality of minerals for mining purposes, earthquakes and volcanic activity for private services, and similar phenomena.","""Geologist""","""Prepare geological baseline reports and provide them to the prospective bidder's contractor.""","""prepare geological baseline reports""",": ""Also, geological baseline reports will be prepared and provided to the prospective bidder's contractor.""",http://data.europa.eu/esco/occupation/c6196b21-20f9-4608-83fb-6f143afc740d
P075941,c89afd9a-7dad-4bae-9315-5fcadd9ad8b6,electricity distribution technician,"Electricity distribution technicians construct and maintain electric power transmission and distribution systems. They maintain and repair powerlines, compliant with safety regulations.","""Transmission Line Installation Technician""","""connect transmission lines from the transformers to the substation and link the powerhouse to the national grids""","""connect transmission lines from transformers to substation"", ""install and string transmission conductors to link powerhouse to national grids""",": ""The transmission lines from  the transformers will  connect the  powerhouse  to  the substation.""",http://data.europa.eu/esco/occupation/c89afd9a-7dad-4bae-9315-5fcadd9ad8b6
P075941,c8b296be-54ae-48cf-be21-031fa8457937,supply chain assistant,"Supply chain assistants work closely together with managers in the operations processes, namely purchasing, manufacturing, and distribution processes. They help with administrative and pragmatic follow up of actions such as invoicing, drafting and preparation of contracts and purchasing orders, reconciliation of inventory against documents, and communication with distribution channels.","""Accounts and Logistics Assistant"", ""Logistics Assistant (procurement record-keeping)""","""Provide accounts and logistics support for the set-up operations of the Rusumo Power Company Limited and the NELSAP Rusumo Project Implementation Unit."", ""The Rusumo Project Implementation Unit's oversight capability will be reinforced with an accounts-and-logistics assistant."", ""The Logistics Assistant will be responsible for improving the efficiency of record-keeping and maintaining the procurement filing system.""","""provide accounts support"", ""provide logistics support"", ""manage accounts and logistics"", ""support Unit oversight"", ""improve procurement record-keeping efficiency"", ""maintain filing system for procurement documents""",": ""This component will also finance staff costs to support the set-up operations of the Rusumo Power Company Limited (RPCL) and NELSAP Rusumo Project Implementation Unit (RPIU) including a project manager, senior engineers (civil, electrical and mechanical), a quantity surveyor, a safeguards team, a procurement specialist, a financial management specialist, accounts and logistics assistant, a communications specialist and other technical staff."", : ""The Unit's oversight capability will be reinforced with a Project Manager as head of the Unit, senior project engineers (civil, electrical and mechanical), a quantity surveyor, environment and social specialists, a procurement specialist, a financial-management specialist, an accounts-and-logistics assistant, a communications specialist and other technical staff."", : ""Procurement record-keeping will be the responsibility of the Procurement Unit. NELSAP-CU has recruited the Logistics Assistant, who will be responsible for improving the efficiency of record-keeping and maintaining the filing system.""",http://data.europa.eu/esco/occupation/c8b296be-54ae-48cf-be21-031fa8457937
P075941,c9b2b0a7-0adc-4ca7-bf7c-dc95e18aeac7,procurement support officer,"Procurement support officers assist the staff of the procurement team throughout the procurement processes, making sure all procurement documents are compliant with procedural, technical and legal requirements, and that meetings and other contacts are well organised.","""Procurement Officer at the Rusumo Project"", ""Power Plant Operator (private operator)"", ""Procurement Officer""","""Support procurement functions for the Rusumo Project through new local hires."", ""The Power Plant operations, including obligations under the Power Purchase Agreements, will be contracted out to a competitively-selected private operator who will receive delegated authority to enforce the Power Purchase Agreement obligations and provide expertise to ensure safe and reliable dam operations."", ""The Procurement Specialist will be assisted by the Procurement Officer expected to be on board by September 01, 2014."", ""Additional technical staff will be recruited to support procurement processing for the project.""","""support procurement functions"", ""enforce Power Purchase Agreement obligations"", ""ensure safe and reliable dam operations"", ""assist procurement specialist"", ""support procurement activities"", ""support procurement processing""",": ""New staff will be hired for the Rusumo Project to support procurement functions."", : ""The Power Plant operations will be contracted out to a competitively-selected private operator, and this operator will receive the delegated authority to enforce the PPA obligations. The operator will also provide the necessary expertise to ensure safe and reliable dam operations."", : ""The Procurement Specialist will be assisted by the Procurement Officer, expected to be on board by September 01, 2014."", : ""NELSAP CU will recruit a  Procurement  Specialist proficient in IDA project financing and  experience in  procurement of  works  to  support the project; Additional technical staff will be recruited to  support procurement  processing as  well  as  to  supervise the  Contractors and Consultants.""",http://data.europa.eu/esco/occupation/c9b2b0a7-0adc-4ca7-bf7c-dc95e18aeac7
P075941,cb446db8-e8b3-418c-a21c-2d10faea42a5,power plant manager,"Power plant managers supervise operations in power plants which produce and transport energy. They coordinate the production of energy in the plant, and supervise the construction, operation and maintenance of energy transmission and distribution networks and systems.","""Owner's Engineer"", ""Operations and Management contractor"", ""Head of Generation Department (National Utility) [Project Steering Committee member]"", ""Power Plant Operations Manager""","""Provide overall project management and supervision of procurement, design, construction, interface with management, preparation for operation and maintenance of the power plant complex, and coordinate implementation of the Environment and Social Management Plan and Resettlement Action Plan including grievance handling."", ""Be appointed to provide operations and maintenance and management services for the power plant complex after construction."", ""Serve on the Project Steering Committee representing the national utility to provide oversight, and cross-coordination support to the Rusumo Project Implementation Unit, and be regularly informed of project progress."", ""Support the Rusumo Project Implementation Unit and be responsible for overall project management and supervision of procurement, design, construction and preparation for operation and maintenance of the power plant complex and transmission lines; and coordinate implementation of the Environmental and Social Management Plan and the Resettlement Action Plan."", ""Rusumo Power Company Limited will own and operate the project and will be responsible for managing all technical and financial matters relating to the project.""","""overall project management"", ""supervision of the procurement"", ""supervision of design"", ""supervision of construction"", ""interfacing with management"", ""preparation for the operation and maintenance of the power plant complex"", ""coordination of the implementation of the Environment and Social Management Plan"", ""coordinate follow-up activities related to livelihood restoration and community development under the Resettlement Action Plan"", ""handling of grievance mechanisms"", ""provide operations and maintenance of the power plant complex"", ""act as a competent private entity delegated by the Rusumo Power Company Limited"", ""provide an oversight function over the Rusumo Project Implementation Unit"", ""provide cross coordination support"", ""be regularly informed of project progress through periodic reporting"", ""overall project management"", ""supervision of procurement"", ""supervision of design"", ""supervision of construction"", ""preparation for operation and maintenance"", ""coordinate implementation of the Environmental and Social Management Plan (ESMP) and the Resettlement Action Plan (RAP)"", ""own and operate the project"", ""manage technical and financial matters relating to the project""",": ""The RPIU will be supported by the Owner's Engineer who will be responsible for: (i) overall project management and supervision of the procurement, design, construction, interfacing with management and preparation for the operation and maintenance of the power plant complex; and (ii) coordination of the implementation of the Environmental and Social Management Plan (ESMP) and the follow-up activities related to livelihood restoration, and community development programs under the Resettlement Action Plan (RAP), including handling of grievance mechanisms."", : ""Following the power plant construction period, the RPCL will be responsible for the operations and maintenance of the power plant complex (delegating to a competent private entity)."", : ""To continue with this oversight role, there will be a Project Steering Committee (PSC) to oversee the functions of the RPIU, charged with the responsibility of ensuring timely and quality project implementation. The PSC will report to the owners of the power plant complex. The PSC will provide an oversight function and shall be comprised of an official from the Ministry of Energy (at the level of Commissioner for energy) and the utility (at least at the level of head of the generation department) from each of the respective beneficiary countries."", : ""The RPIU will be supported by the Owner's Engineer and will be responsible for: (i) overall project management and supervision of the procurement, design, construction and preparation for operation and maintenance of the power plant complex and transmission lines; and (ii) coordination of the implementation of the Environmental and Social Management Plan (ESMP) and the Resettlement Action Plan (RAP)."", : ""The RPCL will own and operate the  project  itself,  and will  ultimately be  responsible for  managing all technical and  financial matters relating  to  the  project.""",http://data.europa.eu/esco/occupation/cb446db8-e8b3-418c-a21c-2d10faea42a5
P075941,cb4f98c8-6b8d-41d8-87eb-a2a2033a3a25,public procurement specialist,Public procurement specialists are full-time public procurement practitioners working as part of a procurement team in a large organisation or central purchasing body in all phases of the procurement cycle. They translate needs into contracts and deliver value for money for the organisation and the public.,"""Procurement Specialist"", ""Operations and Maintenance Contractor""","""Support and supervise procurement activities for project design, construction and other contracts."", ""Supervise procurement for the power plant complex and transmission lines."", ""The Rusumo Power Company Limited shall procure through an International Competitive Bidding process the services of an operations and maintenance contractor prior to commissioning of the Power Plant.""","""support procurement activities"", ""supervise procurement for design and construction"", ""supervision of procurement"", ""provide operations and maintenance services""",": ""This component will also finance staff costs to support the set-up operations of the Rusumo Power Company Limited (RPCL) and NELSAP Rusumo Project Implementation Unit (RPIU) including a project manager, senior engineers (civil, electrical and mechanical), a quantity surveyor, a safeguards team, a procurement specialist, a financial management specialist, accounts and logistics assistant, a communications specialist and other technical staff."", : ""The RPIU will be supported by the Owner's Engineer and will be responsible for: (i) overall project management and supervision of the procurement, design, construction and preparation for operation and maintenance of the power plant complex and transmission lines; and (ii) coordination of the implementation of the Environmental and Social Management Plan (ESMP) and the Resettlement Action Plan (RAP)."", : ""The Rusumo Power Company shall, not later than six months prior to the commissioning of the Power Plant, procure through an International Competitive Bidding process the services of an operations and maintenance contractor.""",http://data.europa.eu/esco/occupation/cb4f98c8-6b8d-41d8-87eb-a2a2033a3a25
P075941,cd4f41a5-87a6-4b3c-8ee3-14e6f457c365,audit supervisor,"Audit supervisors oversee audit staff, planning and reporting, and review the audit staff's automated audit work papers to ensure compliance with the company's methodology. They prepare reports, evaluate general auditing and operating practices, and communicate findings to the superior management.","""Owner's Engineer (consulting engineer)"", ""Independent Technical Auditor""","""The Rusumo Project Implementation Unit will be supported by the Owner's Engineer who will be responsible for overall project management and supervision of procurement, design, construction and preparation of operation and maintenance plan of the power plant complex and dam safety plans, and coordination of the implementation of the Environmental and Social Management Plan and the Resettlement Action Plan."", ""Annual technical audits will be conducted by an independent, technical auditor to review compliance with the Environmental and Social Management Plan and the Rusumo Water Resources Management Plan.""","""overall project management"", ""supervision of procurement, design and construction"", ""prepare operation and maintenance plan"", ""coordinate Environmental and Social Management Plan and Resettlement Action Plan implementation"", ""conduct annual technical audits"", ""review compliance with ESMP and Rusumo Water Resources Management Plan""",": ""The RPIU will be supported by the Owner's Engineer who will be responsible for: (i) overall project management and supervision of the procurement, design, construction and preparation of operation and maintenance plan of the power plant complex and dam safety plans; and (ii) coordination of the implementation of the Environmental and Social Management Plan (ESMP) and the Resettlement Action Plan (RAP)."", : ""Annual technical audits will be conducted by an independent, technical auditor, who will review compliance with the ESMP and RWMP.""",http://data.europa.eu/esco/occupation/cd4f41a5-87a6-4b3c-8ee3-14e6f457c365
P075941,cd7b838c-51f6-41ec-9067-bb974c0f991b,communication manager,"Communication managers are responsible for developing communication strategies in order to promote the organization's mission, services or product. They coordinate communication projects and manage the communications issued by the company for both the internal and the external clients. They supervise internal communications, ensuring that communications reach each one of the employees and further questions can be answered. For external communications, they coordinate coherence among the messages transmitted in mails, printed materials, press articles, and corporate promotional materials. They strive to maintain truthful communications.","""Communications Specialist"", ""Country-level Communications Officer"", ""Crisis Communications Coordinator"", ""Communication Specialist""","""Provide support to the implementation-support team as a communications specialist."", ""Implement the Project's comprehensive program of communications and consultations to enhance public understanding of the Regional Rusumo Falls Hydroelectric Project's strategic importance to achieving national development objectives in Burundi, Rwanda and Tanzania."", ""Enforce a strict communication protocol throughout project preparation and ensure country teams in Burundi, Rwanda and Tanzania communicate effectively in real time and adhere to the Bank's guidelines for interacting with media."", ""Engage key focal points in external offices for crisis communications relating to the project."", ""Provide communications support for the set-up operations of the Rusumo Power Company Limited and the NELSAP Rusumo Project Implementation Unit and contribute to stakeholder engagement."", ""Provide capacity support to the Rusumo Project Implementation Unit on communication aspects to increase implementation capacity and improve coordination.""","""provide support to the implementation-support team"", ""implement communications and consultations"", ""enhance public understanding of project strategic importance"", ""enforce communication protocol throughout project preparation"", ""communicate effectively in real time and adhere to the Bank's guidelines for interacting with media"", ""engage key focal points for crisis communications"", ""coordinate crisis communications engagement with external offices"", ""provide communications support"", ""engage with stakeholders and support disclosure"", ""provide communication capacity support"", ""improve coordination""",": ""This team will receive support from an institutional specialist in the electricity sector, an electromechanical engineer, a civil engineer, a resettlement specialist, a hydropower specialist, a legal advisor, a water resources specialist, a communications specialist, and a monitoring and evaluation (M&E) specialist."", : ""The Project's comprehensive program of communications and consultations will enhance public understanding of the Project's strategic importance to achieving national development objectives in the beneficiary countries of Burundi, Rwanda and Tanzania."", : ""The RRFHP task team will enforce a strict communication protocol throughout the project preparation phase leading up to the Board discussion. The high-risk aspects of this project and the immediacy of the news cycle require that country teams in Burundi, Rwanda and Tanzania and Washington based teams communicate effectively in real time and strictly adhere to the Bank's guidelines for interacting with media."", : ""Crisis communications will engage key focal points in the Bank's offices in London, Paris, and Tokyo."", : ""This component will also finance staff costs to support the set-up operations of the Rusumo Power Company Limited (RPCL) and NELSAP Rusumo Project Implementation Unit (RPIU) including a project manager, senior engineers (civil, electrical and mechanical), a quantity surveyor, a safeguards team, a procurement specialist, a financial management specialist, accounts and logistics assistant, a communications specialist and other technical staff."", : ""Planned additional capacity support to the RPIU on technical, environmental, social and communication aspects will also help to increase capacity to implement the project and improve coordination.""",http://data.europa.eu/esco/occupation/cd7b838c-51f6-41ec-9067-bb974c0f991b
P075941,d6ef013f-57e9-4100-bbe5-3e4930664dee,social services policy officer,"Social services policy officers research, analyse and develop social services policies and implement these policies and services to improve circumstances of disadvantaged and vulnerable members of society such as children and elderly people. They work in the administration of social services and stay in contact with organisations and other stakeholders and provide them with regular updates.","""Social Safeguards Specialist""","""Be a member of the core implementation-support team.""","""be part of the implementation-support team""",": ""The core implementation-support team will consist of a task team leader (TTL), a power engineer, an environmental safeguard specialist, a social-safeguards specialist, a procurement specialist, and a financial-management specialist.""",http://data.europa.eu/esco/occupation/d6ef013f-57e9-4100-bbe5-3e4930664dee
P075941,d7d986e1-7333-431b-9719-0c5c6939e360,civil engineer,"Civil engineers design, plan, and develop technical and engineering specifications for infrastructure and construction projects. They apply engineering knowledge in a vast array of projects, from the construction of infrastructure for transportation, housing projects, and luxury buildings, to the construction of natural sites. They design plans that seek to optimise materials and integrate specifications and resource allocation within the time constraints.","""Hydroelectric Plant Civil Engineer"", ""Civil Engineer"", ""Transmission Line Engineer"", ""Senior Civil Engineer"", ""Rusumo Project Implementation Unit Engineer"", ""Owner's Engineer"", ""Civil Design Engineer (Diversion Works)"", ""Senior Project Civil Engineer"", ""Dam Safety Consultant"", ""Civil Engineer (consultant)""","""Implement the Power Plant Complex (Component A)."", ""Provide support to the implementation-support team as a civil engineer."", ""Implement the construction of transmission lines in the beneficiary countries (specified kilometer lengths)."", ""Construction of the power plant complex civil works including excavation, earth works, tunneling, concrete structures, barrage and gated spillway, intake works and diversion/power canal, surface powerhouse, access roads and construction site facilities."", ""Provide senior civil engineering support to the set-up operations of the Rusumo Power Company Limited and the NELSAP Rusumo Project Implementation Unit."", ""conduct a detailed assessment and design modifications, including river diversion arrangements, in close coordination with Government of Tanzania, Government of Rwanda and Japanese International Cooperation Agency to ensure project implementation"", ""finalize the design of the temporary river diversion works (open-cut canal) required during construction"", ""The Rusumo Project Implementation Unit's oversight capability will be reinforced with senior project engineers (civil)."", ""Three months prior to plant commissioning, the Rusumo Power Company Limited shall prepare and adopt Dam Safety Plans covering organizational, structural, staffing, technical expertise, training, equipment, and operation and maintenance procedures."", ""Consulting services to be procured will include a Civil Engineer to support design and construction oversight.""","""implement the Power Plant Complex"", ""provide support to the implementation-support team"", ""construct transmission lines"", ""implement construction of 161 km in Burundi, 119 km in Rwanda and 98.20 km in Tanzania"", ""perform excavation and earth works"", ""design and supervise tunneling and concrete works"", ""construct barrage, spillway and intake/diversion canal"", ""support the set-up operations of the Rusumo Power Company Limited"", ""support the set-up operations of the NELSAP Rusumo Project Implementation Unit"", ""conduct detailed assessment"", ""design modifications including river diversion arrangements"", ""coordinate with Government of Tanzania, Government of Rwanda and Japanese International Cooperation Agency"", ""finalize design of diversion works"", ""provide senior project engineering (civil) expertise"", ""support Unit oversight"", ""prepare and adopt Dam Safety Plans"", ""define staffing, technical expertise and O&M procedures"", ""provide civil engineering design and oversight""",": ""The Project includes the Power Plant Complex (Component A) and the associated Transmission lines (Component B)."", : ""This team will receive support from an institutional specialist in the electricity sector, an electromechanical engineer, a civil engineer, a resettlement specialist, a hydropower specialist, a legal advisor, a water resources specialist, a communications specialist, and a monitoring and evaluation (M&E) specialist."", : ""(c) The construction of transmission lines in the beneficiary countries as follows: 161 km in Burundi, 119 km in Rwanda and 98.20 km in Tanzania."", : ""This component comprises all excavation/earth works, tunneling and concrete for the power plant complex structures, including a barrage and gated spillway, intake works and diversion/power canal, surface powerhouse, access roads and construction site facilities such as offices and housing."", : ""This component will also finance staff costs to support the set-up operations of the Rusumo Power Company Limited (RPCL) and NELSAP Rusumo Project Implementation Unit (RPIU) including a project manager, senior engineers (civil, electrical and mechanical), a quantity surveyor, a safeguards team, a procurement specialist, a financial management specialist, accounts and logistics assistant, a communications specialist and other technical staff."", : ""The Rusumo PIU and  Owner's  Engineer will conduct  a  detailed assessment and  design  modifications, such as  river diversion arrangements, as  required, in  close  coordination with  GoT, GoR  and JICA to  ensure smooth implementation of the  Rusumo  Falls hydropower  project."", : ""The contractor will  finalize the  design  of diversion works."", : ""The Unit's oversight capability will be reinforced with a Project Manager as head of the Unit, senior project engineers (civil, electrical and mechanical), a quantity surveyor, environment and social specialists, a procurement specialist, a financial-management specialist, an accounts-and-logistics assistant, a communications specialist and other technical staff."", : ""Three months prior plant commissioning, the RPCL shall prepare and adopt Dam Safety Plans. The detail plans shall cover organizational, structural, staffing, technical expertise, and training required; equipment facilities needed to operate and maintain the dam; O&M procedures; and arrangements for funding O&M, including long-term maintenance & safety inspections."", : ""These services will include: the Owner's Engineer, a consultant to conduct an exit survey of Project Affected Persons (PAPs), an nongovernmental organization (NGO) to the compensation process for the PAPs, the Project Manager, the Lead Environmental and Social Specialist, two social development and resettlement officer, the Environmental Management Officer, the Communication Officer, the Finance Officer, the Procurement Specialist, the Procurement Officer, the Civil Engineer, the Electrical Engineer, the Mechanical Engineer and the Accountant.""",http://data.europa.eu/esco/occupation/d7d986e1-7333-431b-9719-0c5c6939e360
P075941,d8e502b4-1be6-4d10-a224-151688f8f0c8,land surveyor,"Land surveyors determine, by means of specialised equipment, the distances and positions of points at the surface of sites for construction purposes. They use measurements of the specific aspects of construction sites, such as electricity, distance measurements, and metal structure volumes to create architectural drawings and develop construction projects.","""Surveyor""","""Carry out surveying and routing for transmission lines and power plant civil works.""","""survey routes for transmission lines"", ""survey power plant civil works layouts""",": ""This component will consist of construction of three transmission lines from Rusumo to: (i) Gitega, Burundi (161 km); (ii) Kigali, Rwanda (119 km); and (iii) Nyakanazi, Tanzania (98.2 km).""",http://data.europa.eu/esco/occupation/d8e502b4-1be6-4d10-a224-151688f8f0c8
P075941,e12f08fb-4748-4388-9489-b647df60332a,hydropower engineer,"Hydropower engineers research, design and plan the building of facilities that generate electricity from the movement of water. They search optimal locations, conduct trials and try different materials to achieve the best result. Hydropower engineers develop strategies for more efficient energy production and analyse environmental consequences.","""Hydropower Development Engineer"", ""Hydropower Specialist"", ""Hydropower Construction Engineer""","""Develop hydropower resource potential"", ""Provide support to the implementation-support team as a hydropower specialist."", ""construct a run-of-river hydropower facility including power generation facilities, intake, headrace tunnel, surge shaft/chamber, powerhouse and tailrace channel""","""develop hydropower resource potential"", ""provide support to the implementation-support team"", ""construct run-of-river hydropower facility"", ""install power generation facilities, intake, headrace tunnel, surge shaft/chamber, powerhouse and tailrace channel""",": ""The countries in the NEL Region also will need to develop hydropower resource potential."", : ""This team will receive support from an institutional specialist in the electricity sector, an electromechanical engineer, a civil engineer, a resettlement specialist, a hydropower specialist, a legal advisor, a water resources specialist, a communications specialist, and a monitoring and evaluation (M&E) specialist."", : ""The project will construct : (i)  a run-of-river hydropower  facility with  envisaged installed capacity of 80 MW consisting of the  power station and  hydraulic infrastructure (power  generation facilities, intake, headrace  tunnel, surge  shaft/chamber, powerhouse and tailrace channel) and (ii) transmission facilities connecting the  hydroelectric power plant  of  Rusumo Falls  to the national grids  of  Rwanda and Burundi,  and supply electricity to  the  western  provinces of Tanzania, which are  currently not  connected to  the country's national grid.""",http://data.europa.eu/esco/occupation/e12f08fb-4748-4388-9489-b647df60332a
P075941,e6800524-eec2-4c33-af0e-6f36d1d679bc,instrumentation engineer,"Instrumentation engineers envision and design equipment used in manufacturing processes for controlling and monitoring various engineering processes remotely. They design equipment for the monitoring of production sites such as manufacturing systems, machinery uses and production processes.","""Instrumentation and Monitoring Specialist""","""Provide and manage detailed instrumentation and monitoring system for construction works.""","""implement detailed instrumentation and monitoring system""",": ""There will be a detailed plan for the Construction Supervision and Quality Assurance, in addition to detailed instrumentation and monitoring system.""",http://data.europa.eu/esco/occupation/e6800524-eec2-4c33-af0e-6f36d1d679bc
P075941,eda0d957-3c3c-4139-b89a-a18bc9e18897,accountant,"Accountants review and analyse financial statements, budgets, financial reports, and business plans in order to check for irregularities resulting from error or fraud, and provide their clients with financial advice in matters such as financial forecasting and risk analysis. They may audit financial data, resolve insolvency cases, prepare tax returns and provide other tax-related advice in reference to current legislation.","""Accountant""","""Consulting services to be procured will include an Accountant to manage accounting activities and financial statements preparation.""","""prepare accounting records and financial statements""",": ""These services will include: the Owner's Engineer, a consultant to conduct an exit survey of Project Affected Persons (PAPs), an nongovernmental organization (NGO) to the compensation process for the PAPs, the Project Manager, the Lead Environmental and Social Specialist, two social development and resettlement officer, the Environmental Management Officer, the Communication Officer, the Finance Officer, the Procurement Specialist, the Procurement Officer, the Civil Engineer, the Electrical Engineer, the Mechanical Engineer and the Accountant.""",http://data.europa.eu/esco/occupation/eda0d957-3c3c-4139-b89a-a18bc9e18897
P075941,eedbf8b1-9432-4f42-ab7f-db5cd3eb2a05,excavator operator,"Excavator operators use excavators to dig into earth or other materials to remove it. They are involved in a variety of projects, such as demolition, dredging, and the of digging holes, foundations and trenches.","""Excavation Equipment Operator"", ""Excavator Operator""","""Perform excavation and earth works for the power plant complex."", ""excavate material required for rockfill at the diversion channel for use in road construction and embankments""","""perform excavation and earth works"", ""excavate material for rockfill at diversion channel"", ""handle excavation spoil for use in road construction or disposal""",": ""This component comprises all excavation/earth works, tunneling and concrete for the power plant complex structures, including a barrage and gated spillway, intake works and diversion/power canal, surface powerhouse, access roads and construction site facilities such as offices and housing."", : ""The  material required  for  rockfill will  be excavated  at  the diversion channel.""",http://data.europa.eu/esco/occupation/eedbf8b1-9432-4f42-ab7f-db5cd3eb2a05
P075941,f1b89616-5dfe-40d4-8b02-58a6982b1a01,substation engineer,"Substation engineers design medium and high voltage substations used for the transmission, distribution, and generation of electrical energy. They develop methods for the efficient operation of the energy process, and ensure compliance to safety and environmental standards.","""Generation Substation Electrical Engineer"", ""Substation Construction Engineer"", ""Engineering, Procurement and Construction Contractor""","""Supply, install, test and commission the generation substation."", ""Erect a new 220 kilovolt Rusumo Falls substation and build or expand substations of about 2.3 hectares where the transmission lines will end."", ""construct a 220-kilovolt outdoor substation to enable the power station to relay power to the national grids of beneficiary countries"", ""Electro-mechanical works and 220 KV Substation including switchyard, turbines, generators and power house cranes will be procured on design, supply and installation basis similar to an Engineering, Procurement and Construction arrangement; civil works will be procured on sliced package basis.""","""supply generation substation equipment"", ""install generation substation equipment"", ""test and commission generation substation"", ""erect 220 kilovolt substations"", ""build or expand substations requiring about 2.3 hectares"", ""construct 220-kilovolt outdoor substation"", ""install substation equipment to relay power to national grids"", ""design, supply and install electro-mechanical and substation systems"", ""execute civil works packages""",": ""This component will include supply, installation, testing and commissioning of: (i) hydro-mechanical equipment; (ii) turbine-generator sets and auxiliaries; (iii) generation substation; and (iv) power complex control and communications equipment."", : ""In  addition, a  new 220 kV Rusumo  Falls substation will be  erected in  Rwanda  from  which  the  T-lines will originate, and  sub-stations will be  built or  expanded  requiring area  of  about 2.3 ha  each  where the  T-lines will end (at Gitega  in Burundi,  Bugesera  in  Rwanda, and  Nyakanazi  in  Tanzania)"", : ""A 220-KV  outdoor substation will provide  the  means by which the power station will relay its power to  the national grids of  the beneficiary countries."", : ""For  each  contract to  be financed by IDA, the client and the Bank will  agree  upon,  and  record in  the  Procurement  Plan, the  various procurement  and selection methods, the need  for pre-qualification, estimated  costs,  prior  review requirements and the  time  frame.  The Procurement Plan  will be updated  annually, or  as otherwise required, to  reflect he  actual project implementation needs  and  improvements in  the institutional capacity.

Procurement of  Works.  This category  will  basically consist  of  packages as follows: (i)  Civil works package  to  be procured  under  this project include: the  power house;  hydro  mechanical equipment  of the  dam; and  penstock -will be  procured on  ""slice and package""  basis; (ii) Electro-mechanical works and 220 KV  Substation at  Rusumo side  including the switchyard, turbines, generators and power house cranes-  will  be procured  on design, supply  and installation (similar to  Engineer, Procure  and Construct (EPC) basis.""",http://data.europa.eu/esco/occupation/f1b89616-5dfe-40d4-8b02-58a6982b1a01
P075941,f33a70bd-c5b6-495d-8e0c-5e2c6e56d93e,power plant control room operator,"Power plant control room operators are responsible for the safe and proper operation of power plants, switchyards and associated control structures. They repair and maintain the involved machinery and equipment to ensure the plant's efficient operation and to tackle emergency situations such as blackouts.","""Power Plant Operator""","""Operate the power plant under contract, enforce the Power Purchase Agreement (PPA) obligations, and provide expertise to ensure safe and reliable dam operations.""","""operate the power plant"", ""enforce the Power Purchase Agreement (PPA) obligations"", ""ensure safe and reliable dam operations""",": ""The Power Plant operations will be contracted out to a competitivelyselected private operator, and this operator will receive the delegated authority to enforce the PPA obligations. The operator will also provide the necessary expertise to ensure safe and reliable dam operations.""",http://data.europa.eu/esco/occupation/f33a70bd-c5b6-495d-8e0c-5e2c6e56d93e
P075941,faed05c0-c1d1-4e34-b575-0dea96459e56,construction manager,Construction managers are responsible for the planning and coordination of the construction projects. They provide expertise in the design phase of construction projects by facilitating a better estimate of the costs and the functional implications. They participate on bid processes for construction projects and handle subcontractors to deliver the different stages of the construction process from beginning to completion. They strive to enhance the value of the projects both improving efficiency and creating value for customers.,"""Construction Project Manager (Power)"", ""Construction Manager""","""Build important power system interconnections and associated transmission works."", ""Supervise construction of the power plant complex and transmission lines.""","""build power system interconnections"", ""supervision of construction""",": ""The Project will also build important power system interconnections, which will help form the transmission backbone linking Burundi, Rwanda, and Tanzania."", : ""The RPIU will be supported by the Owner's Engineer and will be responsible for: (i) overall project management and supervision of the procurement, design, construction and preparation for operation and maintenance of the power plant complex and transmission lines; and (ii) coordination of the implementation of the Environmental and Social Management Plan (ESMP) and the Resettlement Action Plan (RAP).""",http://data.europa.eu/esco/occupation/faed05c0-c1d1-4e34-b575-0dea96459e56
P075941,fb7e2f4f-1545-42f1-972e-94082e49c6dc,building construction worker,Building construction workers prepare and maintain building construction activities on construction sites. They perform preparation and clean-up work in order to assist specialised construction workers.,"""Construction Worker""","""Work during the construction phase of project infrastructure.""","""work during the construction phase"", ""be employed during construction activities""",": ""The project will directly benefit the population in the project area by providing employment opportunities both during the construction phase and during plant operations over the long term.""",http://data.europa.eu/esco/occupation/fb7e2f4f-1545-42f1-972e-94082e49c6dc
P075941,fcf9024e-277c-43c7-8ec8-8903e5c9c576,water engineer,"Water engineers research and develop methods for the provision of clean water, water treatment and flood damage prevention and reaction. They research water needs in a location and develop methods for meeting those needs, such as designing and developing projects for managing water resources such as treatment plants, pipelines, pump systems, irrigation or draining systems and other water supply systems. Water engineers also ensure proper installation of these systems on construction sites. Water engineers also maintain, repair and build structures that control water resources, such as bridges, canals and dams.","""Water Resources Specialist"", ""Water Resources Specialist (member, Water Resources Technical Sub-committee)"", ""Hydrologist (Water Resources Specialist)"", ""Dam Safety Monitoring Specialist""","""Provide support to the implementation-support team as a water resources specialist."", ""Participate in the Water Resources Technical Sub-committee to ensure coordinated water resources management of the Kagera River Basin, ensure compliance with water use rights, provide oversight on water levels and report on water use, quality and quantity."", ""The Rusumo Water Resources Management Plan will include river-flow management activities such as monitoring water release patterns, water quality and quantity, environmental flow requirements, and management of floods and low water flows."", ""The Rusumo Water Resources Management Plan will focus on monitoring dam safety through the analysis of instrument records and reports on the behavior of the dam structure and related tasks including regular dam inspections and development of downstream discharge warning procedures.""","""provide support to the implementation-support team"", ""ensure coordinated management of water use during post-construction and operation"", ""ensure compliance with water use rights"", ""provide oversight in maintaining water levels"", ""facilitate governmental and inter-governmental actions"", ""report water use including water quality and quantity to the Kagera River Basin Management Team"", ""monitor water release patterns"", ""monitor water quality and quantity"", ""manage environmental flow requirements and flood/low flow events"", ""conduct regular dam inspections"", ""analyze instrument records and dam behavior reports"", ""develop downstream discharge warning procedures""",": ""This team will receive support from an institutional specialist in the electricity sector, an electromechanical engineer, a civil engineer, a resettlement specialist, a hydropower specialist, a legal advisor, a water resources specialist, a communications specialist, and a monitoring and evaluation (M&E) specialist."", : ""To ensure coordinated management of the water use during the post-construction a d operation of the Power Plant Complex, a Water Resources Technical Sub-committee will be established to ensure adequate water resources management of the Kagera River Basin. The Water Resources Technical Sub-committee shall be responsible for: (i) ensuring compliance with the water use rights and related aspects; (ii) providing oversight in maintaining water levels to ensure that the natural life, water quality and quantity and the Kagera River Basin-wide surroundings, are not adversely affected by the Project; and (iii) facilitating governmental and inter-governmental actions that may be required, including consistent periodic and accurate reporting to the Kagera River Basin Management Team of the water use, including the water quality and quantity."", : ""The RWRMP will focus on ensuring adequate, safe, water-resource system operations, including: regular dam inspections; the development of downstreamdischarge warning procedures; and the monitoring of dam safety through the analysis of instrument records and reports on the behavior of the dam structure, river-flow management (monitoring water release patterns, water quality and quantity, environmental flow requirements), water rights, and management of floods and low water flows.""",http://data.europa.eu/esco/occupation/fcf9024e-277c-43c7-8ec8-8903e5c9c576
P075941,fddb7bd8-f176-4dc8-9d12-32b6072452c9,electric meter technician,Electric meter technicians install and maintain electric meter systems in facilities or buildings. They install the equipment in accordance with regulations and repair faults and other problems. They test the equipment and advise on the use and care.,"""Electric Meter Installation Technician""","""Acquisition and installation of prepayment meters financed by the World Bank under the Projet Multisectoriel Eau et Electricit6 Project and the Projet d'Urgence pour l'Assistance au Secteur Energ6tique Project.""","""acquisition of prepayment meters"", ""installation of prepayment meters""",": ""The World Bank is financing the acquisition and installation of 15,000 prepayment meters under the on-going Projet Multisectoriel Eau et Electricit6 Project  (PMIEE)  and another 15,000 prepayment meters  under the  Projet d'Urgence  pour  l'Assistance au  Secteur Energ6tique (PURSE) Project.""",http://data.europa.eu/esco/occupation/fddb7bd8-f176-4dc8-9d12-32b6072452c9
P075941,fdfce14e-992d-4ff4-9f9d-7a353c75654e,corporate lawyer,"Corporate lawyers provide legal consulting services and representation to corporations and organisations. They give advice on matters relating to taxes, legal rights and patents, international trade, trademarks, and legal financial issues arising from operating a business.","""Corporate legal counsel, Rusumo Power Company Limited""","""Enforce Power Purchase Agreement remedies including suspension of debt service payments under the Subsidiary Agreement and drawdown from the escrow account to meet operational costs when off-takers default.""","""suspend payments under Subsidiary Agreement when off-takers default"", ""execute drawdown from escrow to meet operational costs""",": ""- (b) If at any time the Utilities shall have failed to make a required payment under the Power Purchase Agreement, RPCL shall be entitled to suspend payment(s) of debt service under the Subsidiary Agreement until the Utility(ies) shall have satisfied in full all payments under the Power Purchase Agreement and replenished the escrow account, during which period the RPCL may drawdown the equivalent amounts from the escrow account in order to meet its operational costs.""",http://data.europa.eu/esco/occupation/fdfce14e-992d-4ff4-9f9d-7a353c75654e
