esco_id,esco_label,esco_description,group_code,group_label_en,division_code,division_label_en,section_code,section_label_en,pad_occupations,pad_activities,pad_skills,pad_quotes
0561328b-875b-4ae2-9ba1-9af9049aef01,procurement category specialist,"Procurement category specialists are experts in specific markets and contract types and provide advanced knowledge of a particular category of supplies, services or works. They help internal or external clients to increase value for money and end users' satisfaction through their advanced knowledge of the suppliers and their offering.",702,70.2 Business and other management consultancy activities,70,70 Activities of head offices and management consultancy,N,"N PROFESSIONAL, SCIENTIFIC AND TECHNICAL ACTIVITIES","""procurement specialist""","""Monitor and support procurement activities as a member of the implementation-support team."", ""Support procurement processes, contractor selection and procurement administration for project works and goods."", ""Develop and implement procurement procedures and arrangements for project goods, works and services in accordance with the Project Implementation Manual.""","""public procurement rules"", ""bid evaluation"", ""contract management"", ""procurement monitoring"", ""public procurement procedures"", ""bid evaluation"", ""contract administration"", ""procurement planning"", ""tender preparation"", ""bid evaluation"", ""contract management"", ""procurement compliance"", ""vendor management""","Annex 8: Implementation Support Team: ""The core implementation-support team will consist of a task team leader (TTL), a power engineer, an environmental safeguard specialist, a social-safeguards specialist, a procurement specialist, and a financial-management specialist."", III. PROJECT DESCRIPTION: ""This component will also finance staff costs to support the set-up operations of the Rusumo Power Company Limited  (RPCL) and NELSAP Rusumo Project Implementation  Unit (RPIU)  including a  project manager, senior  engineers  (civil, electrical and mechanical), a  quantity surveyor, a  safeguards  team, a procurement specialist, a  financial management  specialist, accounts and  logistics assistant, a communications  specialist and other  technical staff."", IV. IMPLEMENTATION: ""The Project Implementation Manual shall include the following provisions: (a) capacity building activities for sustained achievement of the Project's objectives; (b) disbursement, financial management and procurement procedures; (c) institutional administration, coordination and day-to-day execution of activities of the Project; (d) monitoring, evaluation, reporting, information, education and communication; (e) Project impact and implementation indicators, including the procedures for monitoring and evaluation of the Project activities; (f) the pertinent environmental and social safeguard documents; (h) the format of the unaudited interim financial reports and the Financial Statements; and (i) any such other administrative, financial, technical and organizational arrangements and procedures as shall be required for the Project."""
0cca32c2-9308-4927-adb2-14771ab787f0,quantity surveyor,"Quantity surveyors have under their helm complete management of the cost involved in building and construction projects from the inception of the project until the delivery. They strive for an efficient use of the resources whilst keeping an eye on quality, quality standards, and client's requirements.",422,42.2 Construction of utility projects,42,42 Civil engineering,F,F CONSTRUCTION,"""quantity surveyor""","""Provide cost estimation, measurement and contract cost control for the power plant complex civil and related works."", ""Provide cost estimation and contract measurement services as part of the Rusumo Project Implementation Unit's technical staff.""","""bill of quantities preparation"", ""cost estimation"", ""contract measurement"", ""cost control and reporting"", ""bill of quantities preparation"", ""cost control and forecasting"", ""contract valuation"", ""payment certification""","III. PROJECT DESCRIPTION: ""This component will also finance staff costs to support the set-up operations of the Rusumo Power Company Limited  (RPCL) and NELSAP Rusumo Project Implementation  Unit (RPIU)  including a  project manager, senior  engineers  (civil, electrical and mechanical), a  quantity surveyor, a  safeguards  team, a procurement specialist, a  financial management  specialist, accounts and  logistics assistant, a communications  specialist and other  technical staff."", Annex 3: Implementation Arrangements: ""The Unit's oversight capability will be reinforced with a Project Manager as head of the Unit, senior project engineers (civil, electrical and mechanical), a quantity surveyor, environment and social specialists, a procurement specialist, a financial-management specialist, an accounts-and-logistics assistant, a communications specialist and other technical staff."""
0dd7e6cd-2e5a-4fae-9ce0-6a3622d4019f,construction general supervisor,"Construction general supervisors keep track of the proceedings of all stages in the building process. They coordinate the different teams, assign tasks, and resolve problems.",410,41.0 Construction of residential and non-residential buildings,41,41 Construction of residential and non-residential buildings,F,F CONSTRUCTION,"""construction supervisor"", ""site supervisor""","""Supervise excavation, tunneling, concrete works, access road construction and on-site construction facilities for the power plant complex."", ""Serve as on-site supervisor as part of the Environmental and Social Management Unit construction-phase staffing to oversee environmental and social measures.""","""site supervision"", ""construction safety management"", ""scheduling and sequencing"", ""quality assurance"", ""site oversight"", ""environmental safeguards monitoring"", ""health and safety supervision"", ""contractor coordination""","III. PROJECT DESCRIPTION: ""This component comprises all  excavation/earth works, tunneling  and  concrete  for the power  plant complex  structures, including  a  barrage and  gated spillway, intake works  and diversion/power canal, surface powerhouse,  access roads  and construction site facilities such  as  offices and  housing."", Annex 3: Implementation Arrangements: ""ESMU staffing will be flexible but will include multidisciplinary expertise in environmental assessment and management, social assessment and management, as well as health and safety. The construction phase staffing will include 12 environmental and social professionals including site supervisors, plus additional specialists a needed."""
12938d1a-eeb2-4b1e-a22b-f0bebeadfb73,hydroelectric plant operator,"Hydroelectric plant operators operate and maintain the equipment used in the production of energy from the movement of water. They monitor the measuring equipment, assess the production needs, and adapt the water flow to meet these needs. They also perform repairs and maintenance duties.",351,"35.1 Electric power generation, transmission and distribution",35,"35 Electricity, gas, steam and air conditioning supply",D,"D ELECTRICITY, GAS, STEAM AND AIR CONDITIONING SUPPLY","""maintenance technician"", ""power plant operator""","""Operate the power plant under a competitively selected private operator contract and enforce Power Purchase Agreement obligations to ensure safe and reliable dam operations."", ""Provide operations and maintenance support for dam and spillway, using designated access for ongoing inspections and servicing.""","""hydropower plant operations"", ""safety management"", ""plant performance optimization"", ""power purchase agreement enforcement"", ""operations monitoring"", ""mechanical maintenance"", ""electrical maintenance"", ""inspection and testing"", ""safety and lockout procedures""","V. KEY RISKS AND MITIGATION MEASURES: ""The Power Plant operations will be contracted out to a competitively-selected private operator, and this operator will receive the delegated authority to enforce the PPA obligations. The operator will also provide the necessary expertise to ensure safe and reliable dam operations."", Annex 2: Detailed Project Description: ""A separate deck downstream of the roadway will serve the spillway without interference with traffic and provide designated access for the dam operations and maintenance personnel."""
1a46d0f0-93d7-44d1-bff9-58e3f21bd4c4,social service consultant,"Social service consultants aid in the development of policy and procedure for social service programs. They research social service programs and identify areas for improvement, as well as aid in the development of new programs. They fulfil advisory functions for social service organisations.",841,"84.1 Administration of the State and the economic, social and environmental policies of the community",84,84 Public administration and defence; compulsory social security,P,P PUBLIC ADMINISTRATION AND DEFENCE; COMPULSORY SOCIAL SECURITY,"""independent resettlement expert"", ""resettlement specialist"", ""social safeguards specialist""","""Provide social safeguard expertise as part of the implementation-support team to manage resettlement and social impacts."", ""Support implementation of resettlement activities and the Resettlement Action Plan as part of the support team."", ""Coordinate and implement the Resettlement Action Plan to manage impacts on project affected people."", ""Conduct an audit one year after commissioning to monitor Resettlement Action Plan outcomes including surveys and consultations with displaced persons and define corrective actions.""","""resettlement planning"", ""stakeholder engagement"", ""social impact assessment"", ""grievance mechanisms"", ""resettlement implementation"", ""land acquisition procedures"", ""livelihood restoration"", ""community consultation"", ""resettlement planning"", ""land acquisition management"", ""stakeholder consultation"", ""livelihood restoration"", ""beneficiary verification"", ""resettlement monitoring"", ""socioeconomic surveying"", ""stakeholder consultation"", ""reporting and recommendations""","Annex 8: Implementation Support Team: ""The core implementation-support team will consist of a task team leader (TTL), a power engineer, an environmental safeguard specialist, a social-safeguards specialist, a procurement specialist, and a financial-management specialist."", Annex 8: Implementation Support Team: ""This team will receive support from an institutional specialist in the electricity sector, an electromechanical engineer, a civil engineer, a resettlement specialist, a hydropower specialist, a legal advisor, a water resources specialist, a communications specialist, and a monitoring and evaluation (M&amp;E) specialist."", V. KEY RISKS AND MITIGATION MEASURES: ""The RPIU will be supported by the Owner's Engineer and will be responsible for: (i) overall project management and supervision of the procurement, design, construction and preparation for operation and maintenance of the power plant complex and transmission lines; and (ii) coordination of the implementation of the Environmental and Social Management Plan (ESMP) and the Resettlement Action Plan (RAP)."", Annex 3: Implementation Arrangements: ""One year after the commissioning of the power plant, the RPCL shall cause an audit to be conducted by an independent qualified resettlement expert to monitor the outcomes of the RAP, including a survey and consultation with Displaced Persons, and which audit shall also define any necessary action to address any shortcomings in the implementation of said RAP."""
1ad59946-d13e-441e-9b36-56e1df055e21,financial auditor,"Financial auditors collect and examine financial data for clients, organisations and companies. They ensure the financial data is properly maintained and free of material misstatements due to error or fraud, that it adds up, and functions legally and effectively. They review lending and credit policies or numbers in databases and documents, evaluate, consult and assist the source of the transaction if necessary. They use their review of the client's financial governance as assurance to give testimony to the shareholders, stakeholders and board of directors of the organisation or company that all is up to par.",692,"69.2 Accounting, bookkeeping and auditing activities; tax consultancy",69,69 Legal and accounting activities,N,"N PROFESSIONAL, SCIENTIFIC AND TECHNICAL ACTIVITIES","""internal auditor""","""Fill the vacant Internal Auditor post for the implementing entity and perform internal audit functions during project implementation.""","""public sector auditing"", ""financial control systems"", ""interim financial reporting"", ""audit risk assessment""","VI. APPRAISAL SUMMARY: ""NELSAP is yet to fill the post of Internal Auditor although the process has been initiated and recruitment in process. Until a candidate has been identified and recruited, this remains a weak area and as such will be a dated covenant until addressed and recruitment process is finalized."""
1bdb7d70-1769-4338-aa90-d25a90fe8a6d,geological engineer,"Geological engineers apply geological knowledge for the assessment of sites, soils, slope stability, sediments and other observable characteristics in the Earth. They integrate this information in the planning and development of projects in those places. They assess and answer questions concerning the geological characteristics of soils by performing research and experiments on the sites aimed to be intervened.",429,42.9 Construction of other civil engineering projects,42,42 Civil engineering,F,F CONSTRUCTION,"""geotechnical engineer""","""Assess geological risk and provide geotechnical input for civil works and tunneling under a remeasurable civil works contract."", ""Conduct an additional geotechnical investigation during tendering for design and prepare geological baseline reports for bidders.""","""subsurface investigation"", ""tunneling risk assessment"", ""slope stability analysis"", ""foundation design"", ""geotechnical site investigation"", ""subsurface testing"", ""geological reporting"", ""tender design inputs""","III. PROJECT DESCRIPTION: ""For these reasons, the project will be implemented  under  a two contract arrangement: (i)  civil works on a remeasurable  basis to  cater for  the geological risk; and (ii) E&M plant including hydromechanical equipment  on  an EPC basis."", VI. APPRAISAL SUMMARY: ""To further enhance the assessments and reduce risks associated with price escalations during construction, an additional geotechnical investigation will take place in tendering for design. Also, geological baseline reports will be prepared and provided to the prospective bidder's contractor."""
1e55f5e3-2f02-434b-997b-9a9f3eb745e8,power lines supervisor,Power lines supervisors monitor the construction and maintenance of power lines and associated equipment. They assign tasks and take quick decisions to resolve problems.,422,42.2 Construction of utility projects,42,42 Civil engineering,F,F CONSTRUCTION,"""transmission line engineer""","""Design, supervise and manage the construction of transmission lines across beneficiary countries."", ""Design and supervise construction of the three transmission lines connecting the Rusumo power station to national grids.""","""overhead line design"", ""structural analysis"", ""site supervision"", ""health and safety compliance"", ""construction project management"", ""transmission design and routing"", ""tower erection supervision"", ""stringing operations"", ""transmission testing""","II. PROJECT DEVELOPMENT OBJECTIVES: ""(c) The construction of transmission lines in the beneficiary countries as follows: 161 km in Burundi, 119 km in Rwanda and 98.20 km in Tanzania."", III. PROJECT DESCRIPTION: ""This component will consist of  construction of three  transmission lines  from Rusumo to:  (i)  Gitega,  Burundi (161 km); (ii)  Kigali, Rwanda (119 km); and  (iii) Nyakanazi, Tanzania (98.2 km)."""
1f2b8092-1787-4ef4-9282-cf81ce4b4d76,mobile crane operator,"Mobile crane operators work with a variety of crane types that can be moved easily around the road, rail and water. Mobile cranes are often mounted on trucks.",439,43.9 Other specialised construction activities,43,43 Specialised construction activities,F,F CONSTRUCTION,"""crane operator""","""Operate a mobile crane to extend outriggers and install or remove stoplogs from the deck during spillway and intake works.""","""mobile crane operation"", ""lifting and rigging safety"", ""load positioning"", ""equipment inspection""","Annex 2: Detailed Project Description: ""A mobile crane will be able to extend its outriggers to install and remove the stoplogs, as required, from the deck."""
1ff61522-8947-4c95-b589-cb0e0539a62b,energy systems engineer,"Energy systems engineers supervise the energy conversion and distribution processes. They analyse the energy supply and consumption efficiency developing new ways to improve the existing processes, taking into account both the technical and the financial aspects. They also study the environmental impact of energy usage and combine the production of renewable energy in the current power systems.",351,"35.1 Electric power generation, transmission and distribution",35,"35 Electricity, gas, steam and air conditioning supply",D,"D ELECTRICITY, GAS, STEAM AND AIR CONDITIONING SUPPLY","""power systems analyst""","""Conduct the analytical work for a transmission interconnection between Tanzania and Zambia to support regional grid integration.""","""power system modeling"", ""transmission planning studies"", ""grid integration analysis"", ""data analysis and interpretation"", ""stakeholder coordination""","Annex 6: Power Supply Options for the Nile Equatorial Lakes Region (NEL): ""NELSAP is conducting the necessary analytical work for a transmission interconnection between Tanzania and Zambia, to connect the Eastern Africa Power Pool to the Southern Africa Power Pool."""
2808c7ec-cdb1-4b48-8429-e160a418ed0c,regional development policy officer,"Regional development policy officers research, analyse and develop regional development policies. They implement policies that aim at reducing regional disparities by fostering economic activities in a region and structural changes such as supporting multi-level governance, rural development and improvement of infrastructure. They work closely with partners, external organisations or other stakeholders and provide them with regular updates.",841,"84.1 Administration of the State and the economic, social and environmental policies of the community",84,84 Public administration and defence; compulsory social security,P,P PUBLIC ADMINISTRATION AND DEFENCE; COMPULSORY SOCIAL SECURITY,"""technical advisor""","""Provide technical advice and support to project decision-making through the Technical Advisory Committee and Secretariat structures of the regional initiative.""","""technical analysis of water and energy"", ""policy advisory"", ""intergovernmental coordination"", ""technical report preparation""","I. STRATEGIC CONTEXT: ""The NBI is led by a Council of Ministers in charge of water affairs from the member states (Nile-COM) with the support of a Technical Advisory Committee (Nile-TAC) and a Secretariat (Nile-SEC)."""
2a914d26-42aa-46b5-acf3-097d51ba4617,construction engineer,Construction engineers interpret building designs and add technical specifications to construction projects. They integrate engineering principles into the designs to ensure that structures are safe and resistant. They work together with architects and engineers to transform design ideas into executable plans.,435,43.5 Specialised construction activities in civil engineering,43,43 Specialised construction activities,F,F CONSTRUCTION,"""owners engineer""","""Provide technical oversight and coordination of procurement, design, construction, interface management and preparation for operation and maintenance, and coordinate ESMP and RAP implementation."", ""Provide overall project management and supervision of procurement, design, construction, interfacing with management and preparation for operation and maintenance; coordinate implementation of the Environmental and Social Management Plan and related livelihood and community development follow-up, including grievance handling."", ""Provide overall project management and supervision of procurement, design, construction, and preparation of operation and maintenance and dam safety plans; coordinate implementation of Environmental and Social Management Plan and Resettlement Action Plan.""","""technical oversight"", ""construction supervision"", ""interface management"", ""compliance coordination"", ""construction supervision"", ""engineering design review"", ""procurement oversight"", ""environmental and social coordination"", ""grievance handling"", ""project supervision"", ""technical design review"", ""procurement oversight"", ""safeguards coordination"", ""dam safety knowledge""","III. PROJECT DESCRIPTION: ""This component will finance an Owner's Engineer to assist the Project entity with: (i) overall project management  and supervision of the procurement,  design, construction, interface management and  preparation for operation and  maintenance of  the power plant complex; and (ii) coordination of  the implementation of  the ESMP RAP."", IV. IMPLEMENTATION: ""The RPIU will be supported by the Owner's Engineer who will be responsible for: (i) overall project management and supervision of the procurement, design, construction, interfacing with management and preparation for the operation and maintenance of the power plant complex; and (ii) coordination of the implementation of the Environmental and Social Management Plan (ESMP) and the follow-up activities related to livelihood restoration, and community development programs under the Resettlement Action Plan (RAP), including handling of grievance mechanisms."", Annex 3: Implementation Arrangements: ""The RPIU will be supported by the Owner's Engineer who will be responsible for: (i) overall project management and supervision of the procurement, design, construction and preparation of operation and maintenance plan of the power plant complex and dam safety plans; and (ii) coordination of the implementation of the Environmental and Social Management Plan (ESMP) and the Resettlement Action Plan (RAP)."""
2c9939ef-ebab-4111-8f27-605ae8782791,contract manager,Contract managers oversee the respect of awarded contracts to ensure that services are delivered as foreseen and that each step of the delivery is properly documented. They act as the main point of contact for suppliers on contractual matters and report back to their leadership. They implement financial and operational controls and ensure compliance with all reporting requirements.,701,70.1 Activities of head offices,70,70 Activities of head offices and management consultancy,N,"N PROFESSIONAL, SCIENTIFIC AND TECHNICAL ACTIVITIES","""contract manager""","""Manage and coordinate contract management for procurement and construction contracts under the project."", ""Monitor procurement and contract implementation indicators during procurement and implementation, including bid evaluation periods, number of responses, contract management and variation orders, bid comparisons, and complaints.""","""contract administration"", ""claims management"", ""contract negotiation"", ""performance monitoring"", ""compliance review"", ""procurement monitoring"", ""contract administration"", ""variation order management"", ""procurement data analysis"", ""grievance tracking""","V. KEY RISKS AND MITIGATION MEASURES: ""The newly established RPCL will not have the experience and capacity in the implementation of large-scale infrastructure projects, especially in the areas of procurement, financial management and contract management. To mitigate these risks, the Rusumo RPIU at NELSAP will manage and coordinate all the activities on behalf of the RPCL."", Annex 4: Operational Risk Assessment Framework (ORAF): ""As part of  the  mitigation measures  against fraud and  corruption and  to  ensure maximum transparency and accountability over  the  use  of  Project's funds; during  the procurement and implementation period the  following will be  monitored: (a)  Bid  evaluation periods; - (b) Number of  responses to  bid  invitations; (c)  Contract management,  including number - of  variation orders; (c)  Comparison of lowest responsive bids against cost estimates; and (d) Nature  and  frequency of  complaints."""
30f3ea93-882a-4525-841c-1d5b4b64076f,financial manager,"Financial managers handle all the matters in reference to the finance and investments of a company. They manage financial operations of companies such as the assets, liabilities, equity and cash flow aiming to maintain the financial health of the company and operative viability. Financial managers evaluate the strategic plans of the company in financial terms, maintain transparent financial operations for taxation and auditing bodies, and create the financial statements of the company at the end of the fiscal year.",701,70.1 Activities of head offices,70,70 Activities of head offices and management consultancy,N,"N PROFESSIONAL, SCIENTIFIC AND TECHNICAL ACTIVITIES","""financial manager""","""Manage the project's financial matters and provide financial oversight for the project owner.""","""financial management"", ""budgeting and accounting"", ""financial reporting"", ""tariff and power purchase agreement understanding"", ""debt management""","Annex 4: Operational Risk Assessment Framework (ORAF): ""The RPCL will own and operate the project itself, and will ultimately be responsible for managing all technical and financial matters relating to the project."""
31854d78-3615-43a4-aa3a-c597ecb20ceb,legal consultant,"Legal consultants advise a varied array of clients ranging from business, individuals, up to legal firms. They provide legal advisory outside courtrooms in relation to legal affairs which depend on the nature of the client. They advise in matters such as merging of multinationals, housing purchase, modification of contracts and its implications. They help clients in general to abide by the regulations and avoid committing illegal acts.",691,69.1 Legal activities,69,69 Legal and accounting activities,N,"N PROFESSIONAL, SCIENTIFIC AND TECHNICAL ACTIVITIES","""legal advisor""","""Provide legal advice and support to the implementation-support team.""","""contract law"", ""project legal advisory"", ""regulatory review"", ""drafting agreements""","Annex 8: Implementation Support Team: ""This team will receive support from an institutional specialist in the electricity sector, an electromechanical engineer, a civil engineer, a resettlement specialist, a hydropower specialist, a legal advisor, a water resources specialist, a communications specialist, and a monitoring and evaluation (M&amp;E) specialist."""
326027fc-5408-47cd-9b32-fbe770dbbe80,construction quality manager,"Construction quality managers make sure the quality of the work meets standards set in the contract, as well as minimum legislative standards. They establish procedures to check quality, perform inspections, and propose solutions to quality shortcomings.",701,70.1 Activities of head offices,70,70 Activities of head offices and management consultancy,N,"N PROFESSIONAL, SCIENTIFIC AND TECHNICAL ACTIVITIES","""construction supervisor""","""Prepare and execute a detailed plan for construction supervision and quality assurance, including instrumentation and monitoring systems during civil works.""","""construction supervision"", ""quality assurance testing"", ""instrumentation monitoring"", ""site safety management""","VI. APPRAISAL SUMMARY: ""There will be a detailed plan for the Construction Supervision and Quality Assurance, in addition to detailed instrumentation and monitoring system."""
3765a20d-5160-4e8f-82f1-ad7872b9db24,information manager,"Information managers are responsible for systems that provide information to people. They assure access to the information in different work environments (public or private) based on theoretical principles and hands-on capabilities in storing, retrieving and communicating information.",639,63.9 Web search portal activities and other information service activities,63,"63 Computing infrastructure, data processing, hosting and other information service activities",K,"K TELECOMMUNICATION, COMPUTER PROGRAMMING, CONSULTING, COMPUTING INFRASTRUCTURE AND OTHER INFORMATION SERVICE ACTIVITIES","""knowledge management specialist""","""Develop and manage a knowledge-management component to document best practices and share them with stakeholders involved in similar ventures.""","""documenting best practices"", ""knowledge sharing"", ""stakeholder capacity building"", ""report writing"", ""information dissemination""","Annex 9: Communication Strategy: ""The strategy will also include a knowledge-management component to document best practices and share them with stakeholders involved in similar ventures."""
39e9fc8f-02bd-4577-b603-2dc96204ce74,community development officer,"Community development officers develop plans to improve quality of life in local communities. They investigate and assess the community's issues and needs, manage resources, and develop implementation strategies. They communicate with the community for investigation purposes, and to inform the community on development plans.",841,"84.1 Administration of the State and the economic, social and environmental policies of the community",84,84 Public administration and defence; compulsory social security,P,P PUBLIC ADMINISTRATION AND DEFENCE; COMPULSORY SOCIAL SECURITY,"""community development officer"", ""community liaison officer""","""Implement the Local Area Development Plan to deliver livelihood and basic service improvements to project-affected people."", ""Conduct communications and consultations with affected communities to enhance public understanding of the project's strategic importance and to manage stakeholder issues."", ""Plan and conduct extensive public consultations as part of the assessment and engagement with affected communities.""","""community engagement"", ""local development planning"", ""livelihood restoration programs"", ""stakeholder consultation"", ""social safeguards implementation"", ""community consultations"", ""stakeholder engagement"", ""grievance handling"", ""social mobilization"", ""local stakeholder mapping"", ""stakeholder engagement"", ""public consultation facilitation"", ""grievance redress management"", ""community outreach and mobilization"", ""reporting and documentation""","Annex 5: Economic and Financial Analysis Implementation Arrangements: ""The Local Area Development Plan (LADP) will help ensure that the projectaffected people will reap tangible benefits from the RRFHP in terms of improved living standards and access to basic services."", Annex 9: Communication Strategy: ""The Project's comprehensive program of communications and consultations will enhance public understanding of the Project's strategic importance to achieving national development objectives in the beneficiary countries of Burundi, Rwanda and Tanzania."", II. PROJECT DEVELOPMENT OBJECTIVES: ""The project includes extensive public consultations as an integral part of the assessment."""
4b214899-ed00-4156-b269-a23df0fb1093,environmental protection manager,"Environmental protection managers provide advice on the development of environmental policies to governmental and official institutions. They analyse possible threats for the well being of the people and the environment in a region and manage campaigns aimed at tackling problems such as waste collection, landfills, and preservation of green areas.",702,70.2 Business and other management consultancy activities,70,70 Activities of head offices and management consultancy,N,"N PROFESSIONAL, SCIENTIFIC AND TECHNICAL ACTIVITIES","""environmental and social safeguards specialist"", ""environmental and social specialist"", ""environmental safeguard specialist"", ""safeguards specialist""","""Provide environmental safeguard expertise as part of the implementation-support team to address critical safeguard issues."", ""Implement the Environmental and Social Management Plan and the Resettlement Action Plan including compensation and livelihood restoration activities."", ""Coordinate and support implementation of the Environmental and Social Management Plan and follow-up livelihood and community development activities under the Resettlement Action Plan, including grievance mechanism handling."", ""Staff the Rusumo Project Implementation Unit safeguards unit and implement safeguards instruments, including cross-boundary modalities."", ""Establish and staff an Environmental and Social Management Unit to implement the environment and social management plan and related safeguards (RAP and Local Area Development Plan)."", ""Support the Rusumo Project Implementation Unit on environmental and social assessment, management and safeguards compliance.""","""environmental impact assessment"", ""mitigation planning"", ""environmental monitoring"", ""regulatory compliance"", ""resettlement planning"", ""livelihood restoration"", ""environmental mitigation design"", ""stakeholder engagement"", ""safeguards implementation"", ""resettlement planning"", ""community engagement"", ""grievance redress"", ""impact monitoring"", ""safeguards implementation"", ""cross-boundary coordination"", ""monitoring and reporting"", ""stakeholder engagement"", ""compliance assessment"", ""environment and social safeguards"", ""implementation monitoring"", ""mitigation planning"", ""community consultation"", ""environmental assessment"", ""resettlement planning"", ""stakeholder engagement"", ""safeguards monitoring""","Annex 8: Implementation Support Team: ""The core implementation-support team will consist of a task team leader (TTL), a power engineer, an environmental safeguard specialist, a social-safeguards specialist, a procurement specialist, and a financial-management specialist."", III. PROJECT DESCRIPTION: ""This component will  finance the  Environmental and Social Management  Plan (ESMP) and the Resettlement Action Plan (RAP)  including cash compensation to approximately Six  Hundred  Sixty Four  (664) project  affected  households and implementation of  the  associated Livelihood Restoration Program and the  Local  Area Development  Plan  (LADP)."", IV. IMPLEMENTATION: ""The RPIU will be supported by the Owner's Engineer who will be responsible for: (i) overall project management and supervision of the procurement, design, construction, interfacing with management and preparation for the operation and maintenance of the power plant complex; and (ii) coordination of the implementation of the Environmental and Social Management Plan (ESMP) and the follow-up activities related to livelihood restoration, and community development programs under the Resettlement Action Plan (RAP), including handling of grievance mechanisms."", V. KEY RISKS AND MITIGATION MEASURES: ""Poor execution of safeguards instruments. Due diligence on environmental and social risks carried out during project preparation has resulted in the development of a set of environment and social safeguard instruments designed to effectively mitigate these risks, as well as enhance stakeholder awareness and stress the need to be proactive in ensuring compliance with these instruments. Nevertheless, the RPIU has a limited track record and capacity to implement safeguards instruments especially the cross boundary implementation modalities. The RPIU will include a safeguards unit, while a safeguards panel has also been instituted."", VI. APPRAISAL SUMMARY: ""The overall responsibility for ESMP implementation will be with the RPIU which will establish an Environmental and Social Management Unit (ESMU) reporting to the RPIU Manager and ensuring ESMP implementation as well as implementation of RAP and LADP."", Annex 3: Implementation Arrangements: ""The Unit's oversight capability will be reinforced with a Project Manager as head of the Unit, senior project engineers (civil, electrical and mechanical), a quantity surveyor, environment and social specialists, a procurement specialist, a financial-management specialist, an accounts-and-logistics assistant, a communications specialist and other technical staff."""
55167849-82cf-484e-b818-fa702a4e69e9,hydrologist,"Hydrologists research and study the quality, current challenges, and distribution of water in the Earth. They study water supply from rivers, streams, and springs to determine their adequate and sustainable use. Together with a cross functional team of professionals, they plan and develop how water can be supplied to cities and urban areas while ensuring efficiency and resource conservation.",360,"36.0 Water collection, treatment and supply",36,"36 Water collection, treatment and supply",E,"E WATER SUPPLY; SEWERAGE, WASTE MANAGEMENT AND REMEDIATION ACTIVITIES","""hydrologist""","""Carry out additional bed load measurements during detailed design to assess sediment particle sizes and potential turbine abrasion risks.""","""sediment measurement techniques"", ""river hydraulics analysis"", ""data collection and sampling"", ""sediment impact assessment""","VI. APPRAISAL SUMMARY: ""Additional bed load measurements are proposed to be conducted during the detailed design to determine the potential presence of larger particles that might damage the turbines by means of abrasion or impact."""
579254cf-6d69-4889-9000-9c79dc568644,mechanical engineer,"Mechanical engineers research, plan and design mechanical products and systems and supervise the fabrication, operation, application, installation and repair of systems and products. They research and analyse data.",332,33.2 Installation of industrial machinery and equipment,33,"33 Repair, maintenance and installation of machinery and equipment",C,C MANUFACTURING,"""mechanical engineer""","""Rehabilitate mechanical works during the planned major rehabilitation of the power plant."", ""Provide senior mechanical engineering oversight for hydromechanical equipment, turbine-generator sets and auxiliaries."", ""Serve as a senior project engineer responsible for mechanical aspects of the power plant within the Rusumo Project Implementation Unit.""","""mechanical systems rehabilitation"", ""plant equipment inspection"", ""maintenance planning"", ""project supervision"", ""contractor coordination"", ""rotating equipment installation"", ""hydromechanical systems"", ""mechanical testing and commissioning"", ""maintenance planning"", ""turbine and equipment oversight"", ""mechanical installation supervision"", ""equipment testing and commissioning"", ""preventive maintenance planning""","Annex 5: Economic and Financial Analysis Implementation Arrangements: ""The financial and economic analyses presented in this report also consider the need for a major rehabilitation of the mechanical and electrical works over 18 months, starting in Year 26 after the commercial operation date (COD) of the power plant."", III. PROJECT DESCRIPTION: ""This component will also finance staff costs to support the set-up operations of the Rusumo Power Company Limited  (RPCL) and NELSAP Rusumo Project Implementation  Unit (RPIU)  including a  project manager, senior  engineers  (civil, electrical and mechanical), a  quantity surveyor, a  safeguards  team, a procurement specialist, a  financial management  specialist, accounts and  logistics assistant, a communications  specialist and other  technical staff."", Annex 3: Implementation Arrangements: ""The Unit's oversight capability will be reinforced with a Project Manager as head of the Unit, senior project engineers (civil, electrical and mechanical), a quantity surveyor, environment and social specialists, a procurement specialist, a financial-management specialist, an accounts-and-logistics assistant, a communications specialist and other technical staff."""
57e87533-e523-4ee5-bf21-94a39fcc279b,health safety and environmental manager,"Health, safety and environmental managers design and execute corporate policies and procedures related to occupational health and safety and environmental protection. They analyse business processes to ensure compliance with government and environment legislation, conduct risk assessment in the domain of occupational health and safety, evaluate the environmental impact of economic activities and design the appropriate measures for the improvement of work environments and cultures. They coordinate the implementation of an integrated health, safety and environmental management system, defining effective indicators, organizing audits and eventually participating in accident investigation and reporting. They promote an integrated approach to sustainability and occupational health within business organisations, liaising with corporate and line managers and training employees. They are responsible for drafting technical documentation related to the compliance with health and safety and environmental legislation.",841,"84.1 Administration of the State and the economic, social and environmental policies of the community",84,84 Public administration and defence; compulsory social security,P,P PUBLIC ADMINISTRATION AND DEFENCE; COMPULSORY SOCIAL SECURITY,"""environmental specialist""","""Coordinate and implement the Environmental and Social Management Plan for the power plant complex and transmission lines.""","""environmental impact mitigation"", ""environmental monitoring"", ""permit compliance"", ""environmental management planning"", ""stakeholder engagement""","V. KEY RISKS AND MITIGATION MEASURES: ""The RPIU will be supported by the Owner's Engineer and will be responsible for: (i) overall project management and supervision of the procurement, design, construction and preparation for operation and maintenance of the power plant complex and transmission lines; and (ii) coordination of the implementation of the Environmental and Social Management Plan (ESMP) and the Resettlement Action Plan (RAP)."""
5e5b1b61-1351-4d3b-a293-deb3661715dd,financial controller,"Financial controllers handle all tasks related to the budgeting and accounting aspects of a company or organisation. They implement and ensure compliance with internal financial and accounting procedures, and prepare documentation for external audits. They collect information related to financial statements such as assets, liabilities, equity, and cash flow in order to assess the company's financial position to prepare annual budgets and forecasts.",692,"69.2 Accounting, bookkeeping and auditing activities; tax consultancy",69,69 Legal and accounting activities,N,"N PROFESSIONAL, SCIENTIFIC AND TECHNICAL ACTIVITIES","""finance and administration manager"", ""financial management specialist""","""Provide financial management support as part of the implementation-support team."", ""Provide financial management oversight including budgeting, financial reporting and coordination of audits during project setup and implementation."", ""Implement disbursement and financial management procedures, prepare unaudited interim financial reports and financial statements, and support financial administration of the project."", ""Provide financial management capacity and oversight to support project implementation and address identified capacity gaps."", ""Provide financial-management oversight and support to ensure proper accounting, reporting and disbursement for the project."", ""Head the accounting unit and oversee the work of project finance officers and overall accounting for the project.""","""project financial reporting"", ""budget monitoring"", ""funds management"", ""financial controls"", ""budget preparation"", ""financial reporting"", ""fund disbursement control"", ""audit coordination"", ""public sector accounting"", ""financial reporting"", ""disbursement processing"", ""audit coordination"", ""financial analysis"", ""budgeting and forecasting"", ""financial reporting"", ""fund disbursement controls"", ""project accounting"", ""audit readiness"", ""project accounting"", ""financial reporting"", ""budgeting and forecasting"", ""funds flow management"", ""financial oversight"", ""accounting policy application"", ""team supervision"", ""financial reporting""","Annex 8: Implementation Support Team: ""The core implementation-support team will consist of a task team leader (TTL), a power engineer, an environmental safeguard specialist, a social-safeguards specialist, a procurement specialist, and a financial-management specialist."", III. PROJECT DESCRIPTION: ""This component will also finance staff costs to support the set-up operations of the Rusumo Power Company Limited  (RPCL) and NELSAP Rusumo Project Implementation  Unit (RPIU)  including a  project manager, senior  engineers  (civil, electrical and mechanical), a  quantity surveyor, a  safeguards  team, a procurement specialist, a  financial management  specialist, accounts and  logistics assistant, a communications  specialist and other  technical staff."", IV. IMPLEMENTATION: ""The Project Implementation Manual shall include the following provisions: (a) capacity building activities for sustained achievement of the Project's objectives; (b) disbursement, financial management and procurement procedures; (c) institutional administration, coordination and day-to-day execution of activities of the Project; (d) monitoring, evaluation, reporting, information, education and communication; (e) Project impact and implementation indicators, including the procedures for monitoring and evaluation of the Project activities; (f) the pertinent environmental and social safeguard documents; (h) the format of the unaudited interim financial reports and the Financial Statements; and (i) any such other administrative, financial, technical and organizational arrangements and procedures as shall be required for the Project."", V. KEY RISKS AND MITIGATION MEASURES: ""The newly established RPCL will not have the experience and capacity in the implementation of large-scale infrastructure projects, especially in the areas of procurement, financial management and contract management. To mitigate these risks, the Rusumo RPIU at NELSAP will manage and coordinate all the activities on behalf of the RPCL."", Annex 3: Implementation Arrangements: ""The Unit's oversight capability will be reinforced with a Project Manager as head of the Unit, senior project engineers (civil, electrical and mechanical), a quantity surveyor, environment and social specialists, a procurement specialist, a financial-management specialist, an accounts-and-logistics assistant, a communications specialist and other technical staff."", Annex 3: Implementation Arrangements: ""NELSAP-CU has an accounting unit that is headed by the Finance and Administration Manager. This manager will be assisted by a Project Finance Officer who will be in charge of the daily maintenance of the project books of accounts and records."""
72381086-cb6e-455e-a40b-ccb26550aab6,power production plant operator,"Power production plant operators maintain and operate the equipment in power stations and other energy production plants. They repair faults, operate machinery directly or from a control room, and handle materials related to electricity production in compliance with safety and environmental procedures. They facilitate interaction between electrical energy facilities, ensuring that distribution occurs safely.",351,"35.1 Electric power generation, transmission and distribution",35,"35 Electricity, gas, steam and air conditioning supply",D,"D ELECTRICITY, GAS, STEAM AND AIR CONDITIONING SUPPLY","""operations and maintenance technician"", ""plant operator""","""Perform operations and maintenance activities covered by the project's tariff across all project phases."", ""Operate and manage plant equipment during long-term plant operations.""","""equipment maintenance"", ""preventive maintenance procedures"", ""operational monitoring"", ""safety compliance"", ""fault diagnosis and troubleshooting"", ""hydroelectric equipment operation"", ""routine maintenance procedures"", ""monitoring and control systems operation"", ""safety and emergency response"", ""operational record keeping""","Annex 5: Economic and Financial Analysis Implementation Arrangements: ""In all project phases, the tariff will cover operations and maintenance (O&M) costs."", II. PROJECT DEVELOPMENT OBJECTIVES: ""The project will directly benefit the population in the project area by providing employment opportunities both during the construction phase and during plant operations over the long term."""
76abbb82-c103-4d7a-a4c0-14dba4d6199a,commissioning engineer,"Commissioning engineers supervise the final stages of a project when systems are installed and tested. They inspect the correct functioning of the equipment, facilities and plants to make sure they meet the requirements and specifications. They perform the necessary verifications and give approval to finalise the project.",749,"74.9 Other professional, scientific and technical activities n.e.c.",74,"74 Other professional, scientific and technical activities",N,"N PROFESSIONAL, SCIENTIFIC AND TECHNICAL ACTIVITIES","""commissioning engineer"", ""supervision engineer""","""Carry out testing and commissioning of hydro-mechanical equipment, turbine-generator sets, substation and control systems for the power complex."", ""Recruit and deploy a supervision engineer with international experience to supervise preparatory and project works according to World Bank standards.""","""testing and commissioning"", ""system integration"", ""performance validation"", ""test procedure development"", ""construction supervision"", ""hydropower engineering"", ""quality assurance"", ""contract oversight"", ""safeguards compliance""","III. PROJECT DESCRIPTION: ""This component  will  include  supply,  installation, testing and commissioning of: (i) hydro-mechanical equipment;  (ii) turbine-generator sets  and auxiliaries; (iii) generation substation; and  (iv) power  complex control and communications  equipment."", Annex 4: Operational Risk Assessment Framework (ORAF): ""The Rusumo  RPIU  is  recruiting  a supervision  engineer  with  international  experience which  helps  in  supervising  preparatory  and  project  works according  to  Bank standards, in  addition  to  having  adequate  staff  at  the  RPIU."""
77abfaec-a250-4765-95fa-6091e8da1bba,electromechanical engineer,"Electromechanical engineers design and develop equipment and machinery that use both electrical and mechanical technology. They make draughts and prepare documents detailing the material requisitions, the assembly process and other technical specifications. Electromechanical engineers also test and evaluate the prototypes. They oversee the manufacturing process.",711,71.1 Architectural and engineering activities and related technical consultancy,71,71 Architectural and engineering activities; technical testing and analysis,N,"N PROFESSIONAL, SCIENTIFIC AND TECHNICAL ACTIVITIES","""electromechanical engineer""","""Provide electromechanical technical support to the implementation-support team.""","""electromechanical systems"", ""equipment commissioning"", ""technical inspection"", ""maintenance planning""","Annex 8: Implementation Support Team: ""This team will receive support from an institutional specialist in the electricity sector, an electromechanical engineer, a civil engineer, a resettlement specialist, a hydropower specialist, a legal advisor, a water resources specialist, a communications specialist, and a monitoring and evaluation (M&amp;E) specialist."""
78db356f-a96a-4456-ab29-2de62e52f830,public finance accountant,"Public finance accountants head the treasury department of a governmental institution. They manage the institution's financial administration, expenditure and income generation, and compliance with taxation and other financial legislation. They perform administrative duties to ensure record keeping, develop plans for budget management and perform financial forecasts.",841,"84.1 Administration of the State and the economic, social and environmental policies of the community",84,84 Public administration and defence; compulsory social security,P,P PUBLIC ADMINISTRATION AND DEFENCE; COMPULSORY SOCIAL SECURITY,"""treasury manager""","""Manage escrow deposits, bank guarantees and related escrow account arrangements required under the power purchase agreements.""","""escrow account management"", ""cash flow forecasting"", ""bank guarantee arrangements"", ""financial reporting"", ""funds reconciliation""","Annex 5: Economic and Financial Analysis Implementation Arrangements: ""The utilities under the Power Purchase Agreement shall each deposit and maintain an amount equal to six months' capacity charges, pursuant to the Power Purchase Agreement in an escrow account with a depository satisfactory to RPCL."""
8213b4bc-60ce-4ffc-9e00-9758fb2003c6,monitoring and evaluation officer,"Monitoring and evaluation officers are responsible for the conceptualisation, design, implementation and follow-up of the monitoring and evaluation activities of projects, programmes, policies, strategies, institutions or processes, along the relevant programming cycle. They develop monitoring, inspection and evaluation methods and instruments needed to collect and analyse data, and report on results by applying structured M&E frameworks, theories, approaches and methodologies. M&E officers inform decision-making through reporting, learning products or activities and knowledge management. They can also engage in capacity development activities by providing training and capacity building support within their organizations or for clients and partners.",702,70.2 Business and other management consultancy activities,70,70 Activities of head offices and management consultancy,N,"N PROFESSIONAL, SCIENTIFIC AND TECHNICAL ACTIVITIES","""monitoring and evaluation specialist""","""Provide monitoring and evaluation support as part of the implementation-support team to review project progress and safeguards implementation."", ""Design and implement continuous feedback capture during project implementation and coordinate harnessing the capacity of civil society in monitoring activities."", ""Design and implement results monitoring and evaluation for project indicators, track construction and commissioning progress, and monitor implementation of the Environmental and Social Management Plan and Resettlement Action Plan."", ""Strengthen the Rusumo Project Implementation Unit's monitoring and evaluation capacity and manage collection and consolidation of monitoring data into periodic reports.""","""monitoring and evaluation"", ""indicator tracking"", ""data analysis"", ""reporting and evaluation"", ""data collection and analysis"", ""feedback mechanism design"", ""community monitoring coordination"", ""evaluation reporting"", ""indicator development"", ""indicator framework design"", ""data analysis"", ""field monitoring"", ""impact evaluation"", ""report writing"", ""indicator design"", ""data collection management"", ""results reporting"", ""database administration""","Annex 8: Implementation Support Team: ""This team will receive support from an institutional specialist in the electricity sector, an electromechanical engineer, a civil engineer, a resettlement specialist, a hydropower specialist, a legal advisor, a water resources specialist, a communications specialist, and a monitoring and evaluation (M&amp;E) specialist."", Annex 9: Communication Strategy: ""Therefore the Project's communications strategy emphasizes the continuous capturing of feedback during project implementation, harnessing the capacity of civil society in monitoring activities."", IV. IMPLEMENTATION: ""The RPIU will be responsible for results monitoring and evaluation. Activities to be monitored include the timely and efficient construction and commissioning of the power plant complex, the transmission lines, and effective implementation of the ESMP and RAP."", Annex 3: Implementation Arrangements: ""The RPIU will be responsible for the overall management and implementation of the project's M&E framework and additional support will be hired to strengthen the Unit's M&E capacity."""
86ca306c-ab99-420a-9e2a-aa73c5c4de22,electrical engineer,"Electrical engineers design and develop electrical systems, electrical equipment, components, motors, and equipment with the feature of energy transmission. They engage in large scale projects such as the design and maintenance of power stations, and the distribution of power to smaller applications such as household appliances.",271,"27.1 Manufacture of electric motors, generators, transformers and electricity distribution and control apparatus",27,27 Manufacture of electrical equipment,C,C MANUFACTURING,"""electrical engineer"", ""transmission line engineer""","""Rehabilitate electrical works during the planned major rehabilitation of the power plant."", ""Design and develop interconnecting high-voltage transmission links required to realize regional power trade."", ""Provide senior electrical engineering expertise for mechanical and electrical works, substations and power complex control systems."", ""Act as a senior project engineer for electrical works within the Rusumo Project Implementation Unit, supporting design and construction oversight of electrical and electro-mechanical components.""","""electrical systems rehabilitation"", ""substation and transmission expertise"", ""protection and control systems"", ""equipment testing and commissioning"", ""maintenance planning"", ""high-voltage transmission design"", ""route survey and siting"", ""electrical power engineering"", ""construction supervision"", ""environmental compliance"", ""power systems design"", ""substation and protection design"", ""control systems integration"", ""commissioning support"", ""electro-mechanical systems design"", ""substation and switchyard oversight"", ""installation supervision"", ""technical interface coordination""","Annex 5: Economic and Financial Analysis Implementation Arrangements: ""The financial and economic analyses presented in this report also consider the need for a major rehabilitation of the mechanical and electrical works over 18 months, starting in Year 26 after the commercial operation date (COD) of the power plant."", Annex 6: Power Supply Options for the Nile Equatorial Lakes Region (NEL): ""The establishment of power development options also included the development of a regional transmission network, since for realization of the trade opportunities, interconnecting transmission links will be required."", III. PROJECT DESCRIPTION: ""This component will also finance staff costs to support the set-up operations of the Rusumo Power Company Limited  (RPCL) and NELSAP Rusumo Project Implementation  Unit (RPIU)  including a  project manager, senior  engineers  (civil, electrical and mechanical), a  quantity surveyor, a  safeguards  team, a procurement specialist, a  financial management  specialist, accounts and  logistics assistant, a communications  specialist and other  technical staff."", Annex 3: Implementation Arrangements: ""The Unit's oversight capability will be reinforced with a Project Manager as head of the Unit, senior project engineers (civil, electrical and mechanical), a quantity surveyor, environment and social specialists, a procurement specialist, a financial-management specialist, an accounts-and-logistics assistant, a communications specialist and other technical staff."""
91f93dc4-1b71-4053-b6fb-c579ec19303a,procurement department manager,Procurement department managers ensure that the organisation's policy goals are transformed into concrete actions and support their teams to achieve the best results for their clients and the public. They oversee the public procurement professionals in the organisation to deliver on their objectives.,841,"84.1 Administration of the State and the economic, social and environmental policies of the community",84,84 Public administration and defence; compulsory social security,P,P PUBLIC ADMINISTRATION AND DEFENCE; COMPULSORY SOCIAL SECURITY,"""procurement officer""","""Manage contracting and procurement of short-term emergency thermal power supply for the utility.""","""public procurement procedures"", ""contract negotiation"", ""supplier assessment"", ""contract management"", ""energy procurement planning""","Annex 7: Summary of the Power Sectors in Burundi, Rwanda and Tanzania: ""In addition, beginning  in May  2012, EWSA began contracting for  20 MW of, short-term emergency  thermal power from  Aggreko Company."""
974d4eab-fbee-4c52-b16e-73bdd8c25b53,lawyer,"Lawyers provide legal advice to clients and act on their behalf in legal proceedings and in compliance with the law. They research for, interpret and study cases to represent their clients in a variety of settings such as courts and administrative boards. They create arguments on behalf of their clients for lawsuits in different contexts with the aim of finding a legal remedy.",691,69.1 Legal activities,69,69 Legal and accounting activities,N,"N PROFESSIONAL, SCIENTIFIC AND TECHNICAL ACTIVITIES","""legal advisor""","""Design and draft power purchase agreements to ensure the project company can meet its financial obligations under the tariff structure.""","""PPA drafting"", ""contract negotiation"", ""regulatory compliance"", ""contract law expertise"", ""dispute resolution""","Annex 5: Economic and Financial Analysis Implementation Arrangements: ""The PPA's will be designed to ensure that RPCL will be able to meet the financial obligations reflected in the planned tariff structure."""
9e285322-2cfa-430f-9b66-41be57d698e2,public affairs consultant,"Public affairs consultants function as representatives for a client's goal. They attempt to persuade legislative bodies and policy makers to implement laws or regulation in accordance with the client's wishes, and negotiate with parties with potentially conflicting interests. They perform analytical and research duties in order to ensure that the client's cause is being addressed in an appropriate way to the appropriate parties. They also consult their clients on their causes and policies.",733,73.3 Public relations and communication activities,73,"73 Activities of advertising, market research and public relations",N,"N PROFESSIONAL, SCIENTIFIC AND TECHNICAL ACTIVITIES","""communications specialist"", ""stakeholder engagement specialist""","""Support communications and stakeholder consultation activities as part of the implementation-support team."", ""Implement the communications and consultation program to facilitate dialogue among stakeholders and ensure information is accessible; prepare and implement a Public Consultation Disclosure Plan during implementation.""","""stakeholder communication"", ""public consultation"", ""media engagement"", ""information dissemination"", ""stakeholder consultation"", ""communication strategy development"", ""public disclosure planning"", ""community outreach""","Annex 8: Implementation Support Team: ""This team will receive support from an institutional specialist in the electricity sector, an electromechanical engineer, a civil engineer, a resettlement specialist, a hydropower specialist, a legal advisor, a water resources specialist, a communications specialist, and a monitoring and evaluation (M&amp;E) specialist."", VI. APPRAISAL SUMMARY: ""The communications and consultation program will facilitate an informed dialogue to share different viewpoints among stakeholders, including national and regional CSOs and advocacy groups."""
a005f8a2-2d8a-433e-8d89-13575f822fd4,energy manager,"Energy managers coordinate the energy use in an organisation, and aim to implement policies for increased sustainability, and minimisation of cost and environmental impact. They monitor the energy demands and use, and develop improvement strategies, as well as researching the most beneficial source of energy for the organisation's needs.",354,35.4 Activities of brokers and agents for electric power and natural gas,35,"35 Electricity, gas, steam and air conditioning supply",D,"D ELECTRICITY, GAS, STEAM AND AIR CONDITIONING SUPPLY","""commissioner for energy"", ""institutional specialist""","""Support the core team with institutional expertise in the electricity sector."", ""Serve on the Project Steering Committee to provide oversight of the Rusumo Project Implementation Unit and ensure timely and quality project implementation.""","""institutional analysis"", ""energy sector knowledge"", ""policy advisory"", ""stakeholder coordination"", ""policy oversight"", ""strategic coordination"", ""inter-agency communication"", ""project governance"", ""performance oversight""","Annex 8: Implementation Support Team: ""This team will receive support from an institutional specialist in the electricity sector, an electromechanical engineer, a civil engineer, a resettlement specialist, a hydropower specialist, a legal advisor, a water resources specialist, a communications specialist, and a monitoring and evaluation (M&amp;E) specialist."", IV. IMPLEMENTATION: ""The PSC will provide an oversight function and shall be comprised of an official from the Ministry of Energy (at the level of Commissioner for energy) and the utility (at least at the level of head of the generation department) from each of the respective beneficiary countries."""
a092cb70-f3e3-4224-98a3-b97c0114de77,environmental health inspector,"Environmental health inspectors carry out investigations to ensure that areas, organisations and companies comply with environmental and public health legislation. They evaluate environmental complaints, provide reports on their findings and work to prevent future hazards or noncompliance with current policies. Environmental health inspectors perform consultations to promote public health and safety.",841,"84.1 Administration of the State and the economic, social and environmental policies of the community",84,84 Public administration and defence; compulsory social security,P,P PUBLIC ADMINISTRATION AND DEFENCE; COMPULSORY SOCIAL SECURITY,"""environmental compliance auditor""","""Carry out periodic technical and compliance audits of environmental and social risk mitigation measures and report audit findings.""","""environmental auditing"", ""compliance assessment"", ""report preparation"", ""mitigation monitoring"", ""field inspection""","IV. IMPLEMENTATION: ""This will include quarterly implementation progress and financial reports by the project RPIU with support from the Owner's Engineer, as well as periodic technical and compliance audits of the environment and social risk mitigation measures."""
a1cf1406-3632-494c-bff3-0bd5d5327d8f,survey enumerator,"Survey enumerators perform interviews and fill in forms in order to collect the data provided by interviewees. They can collect information by phone, mail, personal visits or on the street. They conduct and help the interviewees administer the information that the interviewer is interested in having, usually related to demographic information for governmental statistical purposes.",732,73.2 Market research and public opinion polling,73,"73 Activities of advertising, market research and public relations",N,"N PROFESSIONAL, SCIENTIFIC AND TECHNICAL ACTIVITIES","""field data collector""","""Collect project monitoring data including construction progress, environmental and social impact information, and resettlement monitoring data for the Rusumo project.""","""household survey implementation"", ""field interviewing"", ""data entry and quality control"", ""GPS and mapping"", ""sample collection""","IV. IMPLEMENTATION: ""Data collection will also be the responsibility of the RPIU."""
a377fafb-7e6e-4925-bc64-8099b58aafb8,drainage engineer,"Drainage engineers design and construct drainage systems for sewers and storm water systems. They evaluate the options to design drainage systems that meet the requirements while ensuring compliance with legislation and environmental standards and policies. Drainage engineers choose the most optimal drainage system to prevent floods, control irrigation and direct sewage away from water sources.",422,42.2 Construction of utility projects,42,42 Civil engineering,F,F CONSTRUCTION,"""construction contractor""","""Finalize the design of diversion works for temporary river diversion during construction.""","""diversion channel design"", ""cofferdam design"", ""civil engineering detailing"", ""construction planning"", ""site coordination""","Annex 2: Detailed Project Description: ""The contractor will finalize the design of diversion works."""
a74f6c51-37e5-423e-aa5b-044e98663027,web content manager,"Web content managers curate or create content for a web platform according to the long-term strategic goals, policies and procedures for an organisation's online content or their customers. They control and monitor compliance with standards, legal and privacy regulations and ensure web optimisation. They are also responsible for integrating the work of writers and designers to produce a final layout which is compatible with corporate standards.",621,62.1 Computer programming activities,62,"62 Computer programming, consultancy and related activities",K,"K TELECOMMUNICATION, COMPUTER PROGRAMMING, CONSULTING, COMPUTING INFRASTRUCTURE AND OTHER INFORMATION SERVICE ACTIVITIES","""web content manager""","""Post all public project documents online on a dedicated project website and create hyperlinks to donor partner websites.""","""website content management"", ""online document publishing"", ""hyperlink management"", ""web accessibility"", ""content localization""","Annex 9: Communication Strategy: ""The RRFHP will adhere to the Bank's Access to Information Policy, and all public documents involving the project, including environmental and social impact reports, will be posted online on a dedicated website -www.worldbank.org/Rusomo. Hyperlinks to websites of all donor partners supporting RRFHP will be created."""
ac37627c-a999-4779-997e-9795cc4f9a3d,power distribution engineer,"Power distribution engineers design and operate facilities which distribute power from the distribution facility to the consumers. They research methods for the optimisation of power distribution, and ensure the consumers' needs are met. They also ensure compliance to safety regulations by monitoring the automated processes in plants and directing workflow.",351,"35.1 Electric power generation, transmission and distribution",35,"35 Electricity, gas, steam and air conditioning supply",D,"D ELECTRICITY, GAS, STEAM AND AIR CONDITIONING SUPPLY","""power engineer"", ""power systems engineer""","""Analyze and assess generation, transmission and distribution systems to identify technical and nontechnical losses and propose mitigation measures and loss-reduction targets."", ""Serve as a member of the field-based implementation-support team providing technical support for the project's power aspects.""","""power system analysis"", ""transmission and distribution engineering"", ""loss diagnostics"", ""data modeling and interpretation"", ""technical reporting and recommendations"", ""power systems analysis"", ""electrical grid integration"", ""technical oversight"", ""field supervision""","Annex 7: Summary of the Power Sectors in Burundi, Rwanda and Tanzania: ""EWSA has recently engaged Manitoba Hydro of Canada to (a)  analyse  and assess the  power generation, transmission and distribution systems (110kV down  to  0.4kV) all over  the country  in  view to  reduce  power losses of  the  grid, (b) identify both  technical and nontechnical losses with  a focus  on identifying the  source  of  the losses, and (c) propose immediate and long term measures for  mitigating losses and realistic loss  reduction targets over  the  period from  2012 -2017, including associated costs."", Annex 8: Implementation Support Team: ""The core implementation-support team will consist of a task team leader (TTL), a power engineer, an environmental safeguard specialist, a social-safeguards specialist, a procurement specialist, and a financial-management specialist."""
b89ba3a8-f03a-46b8-ac54-c87d7204aad0,spokesperson,Spokespeople speak on behalf of companies or organisations. They use communication strategies to represent clients through public announcements and conferences. They promote their clients in a positive light and work to increase an understanding of their activities and interests.,733,73.3 Public relations and communication activities,73,"73 Activities of advertising, market research and public relations",N,"N PROFESSIONAL, SCIENTIFIC AND TECHNICAL ACTIVITIES","""communications specialist""","""Provide communications support, stakeholder engagement and disclosure activities during project preparation and implementation.""","""stakeholder communications"", ""public consultation"", ""media relations"", ""information disclosure""","III. PROJECT DESCRIPTION: ""This component will also finance staff costs to support the set-up operations of the Rusumo Power Company Limited  (RPCL) and NELSAP Rusumo Project Implementation  Unit (RPIU)  including a  project manager, senior  engineers  (civil, electrical and mechanical), a  quantity surveyor, a  safeguards  team, a procurement specialist, a  financial management  specialist, accounts and  logistics assistant, a communications  specialist and other  technical staff."""
b915ab4a-f7b1-44bc-a5a4-585e91d31dfd,property acquisitions manager,Property acquisitions managers ensure land or property acquisitions transactions. They liaise with relevant stakeholders concerning financial aspects and risks arising from the acquisition of property. Property acquisitions managers ensure compliance with legal requirements for purchasing property and take care of all documentation and closure techniques needed.,683,68.3 Real estate activities on a fee or contract basis,68,68 Real estate activities,M,M REAL ESTATE ACTIVITIES,"""resettlement specialist""","""Implement the Resettlement Action Plan including compensation at replacement value and livelihood restoration measures for affected households.""","""involuntary resettlement policy"", ""compensation valuation"", ""livelihood restoration"", ""stakeholder consultation""","VI. APPRAISAL SUMMARY: ""A Resettlement Action Plan (RAP), consistent with the Bank's policy on Involuntary Resettlement, OP 4.12, has been prepared for the dam and power plant component to ensure that all affected people will be compensated for their losses and provided with rehabilitation measures to assist them to improve or at least maintain their pre-project standard of living. Compensation for lost land, houses and other assets will be at replacement value and include provision for land of equivalent productive value and a house, or cash compensation."""
ba3bacd4-73e9-4861-a9c0-f89f1f28055a,construction general contractor,Construction general contractors take on the responsibility to deliver a construction project. They participate on bid processes for construction projects and hire subcontractors to deliver the different stages of the construction process from beginning to completion. They make sure subcontractors hold up their part of the agreement and work in the construction site to make sure the project is delivered in time and according to agreed standards.,433,43.3 Building completion and finishing,43,43 Specialised construction activities,F,F CONSTRUCTION,"""contractor""","""Prepare and implement a detailed environmental and social management plan as part of construction obligations.""","""environmental management plan implementation"", ""construction site mitigation"", ""waste and pollution control"", ""contract compliance""","VI. APPRAISAL SUMMARY: ""In addition, the contractor will be required to prepare and implement a detailed environmental and social management plan (ESMP)."""
bea99fea-0383-4c63-b944-70d4799de2c5,project manager,"Project managers oversee the project on a daily basis and are responsible for delivering high-quality results within the identified objectives and constraints, ensuring the effective use of the allocated resources. They are responsible for risk and issue management, project communication and stakeholder management. Project managers perform the activities of planning, organising, securing, monitoring and managing the resources and work necessary to deliver specific project goals and objectives in an effective and efficient way.",701,70.1 Activities of head offices,70,70 Activities of head offices and management consultancy,N,"N PROFESSIONAL, SCIENTIFIC AND TECHNICAL ACTIVITIES","""project coordinator"", ""project manager"", ""project planner""","""Plan and implement infrastructure projects and coordinate assessment of direct benefits and externalities across beneficiary countries under the subsidiary action programs."", ""Support set-up operations of the Rusumo Power Company Limited and the Rusumo Project Implementation Unit by providing project management staff."", ""Serve as head of the Rusumo Project Implementation Unit and lead project implementation at the unit level."", ""Manage and supervise procurement, design, construction and preparation for operation and maintenance of the power plant complex and transmission lines on behalf of the Rusumo Project Implementation Unit."", ""Lead and coordinate detailed assessments and design modifications with governments and development partners to ensure smooth implementation of the hydropower project."", ""Head the Rusumo Project Implementation Unit and reinforce the Unit's oversight capability for project implementation."", ""Prepare and closely monitor the master project implementation schedule covering the power plant and transmission lines during project implementation."", ""Lead coordination mechanisms and develop the results framework to facilitate timely monitoring of project activities.""","""infrastructure project planning"", ""stakeholder coordination"", ""monitoring and evaluation"", ""procurement oversight"", ""financial management"", ""project planning and scheduling"", ""contract supervision"", ""stakeholder coordination"", ""reporting and monitoring"", ""project management"", ""stakeholder coordination"", ""program monitoring"", ""contract oversight"", ""reporting and communication"", ""infrastructure project management"", ""stakeholder coordination"", ""schedule management"", ""risk management"", ""contract oversight"", ""project coordination"", ""stakeholder engagement"", ""construction scheduling"", ""contract management"", ""design oversight"", ""project leadership"", ""construction program oversight"", ""stakeholder coordination"", ""reporting and monitoring"", ""project scheduling"", ""construction sequencing"", ""critical path analysis"", ""monitoring and reporting"", ""stakeholder coordination"", ""stakeholder coordination"", ""results framework development"", ""monitoring and evaluation"", ""intergovernmental liaison"", ""reporting""","I. STRATEGIC CONTEXT: ""The second consists of sub-basin action programs (Subsidiary Action Programs) for collaborative physical investments in the Nile Equatorial Lakes and the Eastern Nile regions: the Nile Equatorial Lakes Subsidiary Action Program (NELSAP) and the Eastern Nile Subsidiary Action Program (ENSAP). The objective of these programs is to plan and implement infrastructure projects as well as assess the direct benefits and externalities, taking into account the interests of all beneficiary countries."", III. PROJECT DESCRIPTION: ""This component will also finance staff costs to support the set-up operations of the Rusumo Power Company Limited  (RPCL) and NELSAP Rusumo Project Implementation  Unit (RPIU)  including a  project manager, senior  engineers  (civil, electrical and mechanical), a  quantity surveyor, a  safeguards  team, a procurement specialist, a  financial management  specialist, accounts and  logistics assistant, a communications  specialist and other  technical staff."", IV. IMPLEMENTATION: ""The RPIU will be staffed with a project manager as head of the Unit."", V. KEY RISKS AND MITIGATION MEASURES: ""The RPIU will be supported by the Owner's Engineer and will be responsible for: (i) overall project management and supervision of the procurement, design, construction and preparation for operation and maintenance of the power plant complex and transmission lines; and (ii) coordination of the implementation of the Environmental and Social Management Plan (ESMP) and the Resettlement Action Plan (RAP)."", Annex 2: Detailed Project Description: ""The Rusumo PIU and Owner's Engineer will conduct a detailed assessment and design modifications, such as river diversion arrangements, as required, in close coordination with GoT, GoR and JICA to ensure smooth implementation of the Rusumo Falls hydropower project."", Annex 3: Implementation Arrangements: ""The Unit's oversight capability will be reinforced with a Project Manager as head of the Unit, senior project engineers (civil, electrical and mechanical), a quantity surveyor, environment and social specialists, a procurement specialist, a financial-management specialist, an accounts-and-logistics assistant, a communications specialist and other technical staff."", Annex 4: Operational Risk Assessment Framework (ORAF): ""A master project implementation schedule (covering the  power plant and  transmission lines) will be  prepared and  closely monitored during project implementation."", Annex 4: Operational Risk Assessment Framework (ORAF): ""Strong  coordination mechanisms,  led  by  the  Rusumo  RPIU  will  be put  in  place  and  the results  framework  is  developed  to  facilitate  timely  monitoring."""
bfe142b9-a049-4d41-89c4-fd2f34ac56b6,accounting assistant,"Accounting assistants record and report ticketing accounting situations to the accountant they work with, verify deposits and prepare daily reports and income. They arrange authorised refund vouchers, maintain the returned check accounts and communicate with ticketing managers concerning about any issues with ticketing systems.",692,"69.2 Accounting, bookkeeping and auditing activities; tax consultancy",69,69 Legal and accounting activities,N,"N PROFESSIONAL, SCIENTIFIC AND TECHNICAL ACTIVITIES","""accounts assistant""","""Handle accounts tasks to support project financial transactions and bookkeeping for the project implementation unit.""","""bookkeeping and ledgers"", ""payment processing"", ""invoice reconciliation"", ""basic financial reporting""","III. PROJECT DESCRIPTION: ""This component will also finance staff costs to support the set-up operations of the Rusumo Power Company Limited  (RPCL) and NELSAP Rusumo Project Implementation  Unit (RPIU)  including a  project manager, senior  engineers  (civil, electrical and mechanical), a  quantity surveyor, a  safeguards  team, a procurement specialist, a  financial management  specialist, accounts and  logistics assistant, a communications  specialist and other  technical staff."""
c0489e22-6a1b-4e52-974a-eb71bbb42134,public relations officer,Public relations officers represent a company or organisation to stakeholders and the public. They use communications strategies to promote an understanding of the activities and image of their clients in a favourable way.,733,73.3 Public relations and communication activities,73,"73 Activities of advertising, market research and public relations",N,"N PROFESSIONAL, SCIENTIFIC AND TECHNICAL ACTIVITIES","""communications officer""","""Provide information to the public in accessible formats and maintain dialogue with stakeholders as part of the project's stakeholder dialogue and communications strategy.""","""public messaging"", ""stakeholder engagement"", ""media relations"", ""information materials production"", ""local language communication""","Annex 9: Communication Strategy: ""The stakeholder dialogue will focus on the role of the RRFHP in the promotion of the Africa Region's abundant, clean energy in support of economic development and poverty reduction. The strategy will provide information to the public in a format and language that can easily be understood and maintain a dialogue with stakeholders."""
c3aae59e-1441-4b3e-bdd1-6da50dc7cf42,bookkeeper,"Bookkeepers record and assemble the day-to-day financial transactions of an organisation or company, consisting usually of sales, purchases, payments and receipts. They ensure all financial transactions are documented in the appropriate (day) book and general ledger, and that they are balanced out. Bookkeepers prepare the recorded books and ledgers with financial transactions for an accountant to then analyse balance sheets and income statements.",692,"69.2 Accounting, bookkeeping and auditing activities; tax consultancy",69,69 Legal and accounting activities,N,"N PROFESSIONAL, SCIENTIFIC AND TECHNICAL ACTIVITIES","""project finance officer""","""Maintain daily project books of accounts and records and support the Finance and Administration Manager in financial transactions and reporting.""","""bookkeeping"", ""cash management"", ""IFRS familiarity"", ""financial record maintenance""","Annex 3: Implementation Arrangements: ""NELSAP-CU has an accounting unit that is headed by the Finance and Administration Manager. This manager will be assisted by a Project Finance Officer who will be in charge of the daily maintenance of the project books of accounts and records."""
c89afd9a-7dad-4bae-9315-5fcadd9ad8b6,electricity distribution technician,"Electricity distribution technicians construct and maintain electric power transmission and distribution systems. They maintain and repair powerlines, compliant with safety regulations.",351,"35.1 Electric power generation, transmission and distribution",35,"35 Electricity, gas, steam and air conditioning supply",D,"D ELECTRICITY, GAS, STEAM AND AIR CONDITIONING SUPPLY","""electrical lineworker""","""Carry out new household electricity service connections under the Electricity Access Roll-out Program.""","""low-voltage network installation"", ""service connection wiring"", ""pole and line work"", ""site safety and fall protection"", ""customer site commissioning""","Annex 7: Summary of the Power Sectors in Burundi, Rwanda and Tanzania: ""The numbers of new customer connections are  estimated at  around 80,000 per annum  as per the on-going Electricity Roll-out  Program (EARP)  funded by  IDA, BADEA/Saudi  Fund,  OFID, AFD and GoR."""
c8b296be-54ae-48cf-be21-031fa8457937,supply chain assistant,"Supply chain assistants work closely together with managers in the operations processes, namely purchasing, manufacturing, and distribution processes. They help with administrative and pragmatic follow up of actions such as invoicing, drafting and preparation of contracts and purchasing orders, reconciliation of inventory against documents, and communication with distribution channels.",702,70.2 Business and other management consultancy activities,70,70 Activities of head offices and management consultancy,N,"N PROFESSIONAL, SCIENTIFIC AND TECHNICAL ACTIVITIES","""accounts and logistics assistant"", ""logistics assistant""","""Support logistics functions including procurement logistics, transport coordination and site supplies for project implementation."", ""Support day-to-day accounts maintenance and logistics functions for the Rusumo Project Implementation Unit.""","""inventory management"", ""transport coordination"", ""supply chain planning"", ""site logistics coordination"", ""bookkeeping"", ""logistics coordination"", ""document filing"", ""payment processing""","III. PROJECT DESCRIPTION: ""This component will also finance staff costs to support the set-up operations of the Rusumo Power Company Limited  (RPCL) and NELSAP Rusumo Project Implementation  Unit (RPIU)  including a  project manager, senior  engineers  (civil, electrical and mechanical), a  quantity surveyor, a  safeguards  team, a procurement specialist, a  financial management  specialist, accounts and  logistics assistant, a communications  specialist and other  technical staff."", Annex 3: Implementation Arrangements: ""The Unit's oversight capability will be reinforced with a Project Manager as head of the Unit, senior project engineers (civil, electrical and mechanical), a quantity surveyor, environment and social specialists, a procurement specialist, a financial-management specialist, an accounts-and-logistics assistant, a communications specialist and other technical staff."""
c9b2b0a7-0adc-4ca7-bf7c-dc95e18aeac7,procurement support officer,"Procurement support officers assist the staff of the procurement team throughout the procurement processes, making sure all procurement documents are compliant with procedural, technical and legal requirements, and that meetings and other contacts are well organised.",821,82.1 Office administrative and support activities,82,"82 Office administrative, office support and other business support activities",O,O ADMINISTRATIVE AND SUPPORT SERVICE ACTIVITIES,"""procurement officer""","""Assist the Procurement Specialist and NELSAP Coordination Unit in executing procurement actions, record-keeping and procurement oversight for the project.""","""procurement administration"", ""bid documentation"", ""record keeping"", ""compliance monitoring""","Annex 3: Implementation Arrangements: ""These services will include: the Owner's Engineer, a consultant to conduct an exit survey of Project Affected Persons (PAPs), an nongovernmental organization (NGO) to the compensation process for the PAPs, the Project Manager, the Lead Environmental and Social Specialist, two social development and resettlement officer, the Environmental Management Officer, the Communication Officer, the Finance Officer, the Procurement Specialist, the Procurement Officer, the Civil Engineer, the Electrical Engineer, the Mechanical Engineer and the Accountant."""
cb446db8-e8b3-418c-a21c-2d10faea42a5,power plant manager,"Power plant managers supervise operations in power plants which produce and transport energy. They coordinate the production of energy in the plant, and supervise the construction, operation and maintenance of energy transmission and distribution networks and systems.",351,"35.1 Electric power generation, transmission and distribution",35,"35 Electricity, gas, steam and air conditioning supply",D,"D ELECTRICITY, GAS, STEAM AND AIR CONDITIONING SUPPLY","""head of generation department"", ""operations and maintenance contractor"", ""operations manager""","""Participate on the Project Steering Committee to oversee RPIU functions, provide technical oversight and cross-coordination support for project implementation."", ""Be competitively procured to operate and maintain the power plant and receive delegated authority to enforce Power Purchase Agreement obligations."", ""Manage operation of the project and be responsible for technical matters relating to the power plant.""","""power generation expertise"", ""technical oversight"", ""operational coordination"", ""stakeholder engagement"", ""reporting oversight"", ""power plant operations"", ""maintenance management"", ""safety compliance"", ""PPA enforcement"", ""power plant operations"", ""operations planning"", ""maintenance management"", ""technical oversight"", ""safety compliance""","IV. IMPLEMENTATION: ""The PSC will provide an oversight function and shall be comprised of an official from the Ministry of Energy (at the level of Commissioner for energy) and the utility (at least at the level of head of the generation department) from each of the respective beneficiary countries."", Annex 3: Implementation Arrangements: ""The Rusumo Power Company shall, not later than six months prior to the commissioning of the Power Plant, procure through an International Competitive Bidding process the services of an operations and maintenance contractor."", Annex 4: Operational Risk Assessment Framework (ORAF): ""The RPCL will own and operate the project itself, and will ultimately be responsible for managing all technical and financial matters relating to the project."""
cb4f98c8-6b8d-41d8-87eb-a2a2033a3a25,public procurement specialist,Public procurement specialists are full-time public procurement practitioners working as part of a procurement team in a large organisation or central purchasing body in all phases of the procurement cycle. They translate needs into contracts and deliver value for money for the organisation and the public.,702,70.2 Business and other management consultancy activities,70,70 Activities of head offices and management consultancy,N,"N PROFESSIONAL, SCIENTIFIC AND TECHNICAL ACTIVITIES","""procurement specialist""","""Manage and coordinate procurement activities for the project to mitigate limited implementation capacity."", ""Support and manage procurement functions for the Rusumo Project, including selection of consultants and processing procurement under Bank guidelines."", ""Manage procurement processes and advise on contract procurement for goods, works and consulting services under the project."", ""Recruit a Procurement Specialist proficient in International Development Association project financing and procurement of works to support the project.""","""public procurement procedures"", ""bid evaluation"", ""contract packaging"", ""procurement planning"", ""supplier management"", ""World Bank procurement rules"", ""procurement planning"", ""consultant selection procedures"", ""contract management"", ""public procurement procedures"", ""bid evaluation"", ""contract management"", ""procurement planning"", ""International Development Association procurement rules"", ""procurement of works"", ""bid evaluation"", ""contract management"", ""procurement documentation""","V. KEY RISKS AND MITIGATION MEASURES: ""The newly established RPCL will not have the experience and capacity in the implementation of large-scale infrastructure projects, especially in the areas of procurement, financial management and contract management. To mitigate these risks, the Rusumo RPIU at NELSAP will manage and coordinate all the activities on behalf of the RPCL."", VI. APPRAISAL SUMMARY: ""The risk for procurement is rated High in view of the volume and complexity of procurement contracts to be implemented under the project. New staff will be hired for the Rusumo Project to support procurement functions."", Annex 3: Implementation Arrangements: ""The Unit's oversight capability will be reinforced with a Project Manager as head of the Unit, senior project engineers (civil, electrical and mechanical), a quantity surveyor, environment and social specialists, a procurement specialist, a financial-management specialist, an accounts-and-logistics assistant, a communications specialist and other technical staff."", Annex 4: Operational Risk Assessment Framework (ORAF): ""NELSAP CU will recruit a  Procurement  Specialist proficient in IDA project financing and  experience in  procurement of  works  to  support the project; Additional technical staff will be recruited to  support procurement  processing as  well  as  to  supervise the  Contractors and Consultants."""
cbde1a3a-406d-4d17-b30b-03981925035d,energy analyst,"Energy analysts evaluate the consumption of energy in buidings owned by consumers and businesses. By analysing existing energy systems, they recommend cost-effective alternatives. Energy analysts suggest efficiency improvements, make business analyses and participate in the development of policies concerning the use of traditional fuels, transportation, and other factors relating to energy consumption.",841,"84.1 Administration of the State and the economic, social and environmental policies of the community",84,84 Public administration and defence; compulsory social security,P,P PUBLIC ADMINISTRATION AND DEFENCE; COMPULSORY SOCIAL SECURITY,"""carbon market specialist""","""Conduct studies required to access future carbon markets and to quantify emission reductions for potential carbon credits.""","""carbon accounting methodologies"", ""emissions baseline studies"", ""carbon credit project development"", ""carbon market regulation knowledge"", ""project economic appraisal""","Annex 5: Economic and Financial Analysis Implementation Arrangements: ""Nevertheless, in order to benefit from a future carbon market, the project developers will conduct the required studies to enhance the Project's financial outlook."""
cd4f41a5-87a6-4b3c-8ee3-14e6f457c365,audit supervisor,"Audit supervisors oversee audit staff, planning and reporting, and review the audit staff's automated audit work papers to ensure compliance with the company's methodology. They prepare reports, evaluate general auditing and operating practices, and communicate findings to the superior management.",692,"69.2 Accounting, bookkeeping and auditing activities; tax consultancy",69,69 Legal and accounting activities,N,"N PROFESSIONAL, SCIENTIFIC AND TECHNICAL ACTIVITIES","""technical auditor""","""Conduct regular third party technical audits of safeguards measures to ensure compliance with safeguard policies."", ""Carry out annual technical audits to review compliance with the Environmental and Social Management Plan and the Rusumo Water Resources Management Plan.""","""technical audit methods"", ""safeguards compliance auditing"", ""report writing"", ""field inspections"", ""risk assessment"", ""technical audit methodology"", ""safeguards compliance review"", ""data analysis"", ""audit reporting""","V. KEY RISKS AND MITIGATION MEASURES: ""The RPIU will include a safeguards unit, while a safeguards panel has also been instituted. A regular third party technical audit of safeguards measures will also ensure compliance with safeguard policies."", Annex 3: Implementation Arrangements: ""Annual technical audits will be conducted by an independent, technical auditor, who will review compliance with the ESMP and RWMP."""
cd7b838c-51f6-41ec-9067-bb974c0f991b,communication manager,"Communication managers are responsible for developing communication strategies in order to promote the organization's mission, services or product. They coordinate communication projects and manage the communications issued by the company for both the internal and the external clients. They supervise internal communications, ensuring that communications reach each one of the employees and further questions can be answered. For external communications, they coordinate coherence among the messages transmitted in mails, printed materials, press articles, and corporate promotional materials. They strive to maintain truthful communications.",733,73.3 Public relations and communication activities,73,"73 Activities of advertising, market research and public relations",N,"N PROFESSIONAL, SCIENTIFIC AND TECHNICAL ACTIVITIES","""communications specialist""","""Provide communication support to the Rusumo Project Implementation Unit to increase implementation capacity and improve coordination."", ""Handle communications, information, education and stakeholder engagement activities for the project.""","""stakeholder communications"", ""public consultation"", ""information dissemination"", ""media relations"", ""community outreach"", ""stakeholder communications"", ""public consultations"", ""information materials development"", ""grievance handling support""","V. KEY RISKS AND MITIGATION MEASURES: ""Planned additional capacity support to the RPIU on technical, environmental, social and communication aspects will also help to increase capacity to implement the project and improve coordination."", Annex 3: Implementation Arrangements: ""The Unit's oversight capability will be reinforced with a Project Manager as head of the Unit, senior project engineers (civil, electrical and mechanical), a quantity surveyor, environment and social specialists, a procurement specialist, a financial-management specialist, an accounts-and-logistics assistant, a communications specialist and other technical staff."""
d7d986e1-7333-431b-9719-0c5c6939e360,civil engineer,"Civil engineers design, plan, and develop technical and engineering specifications for infrastructure and construction projects. They apply engineering knowledge in a vast array of projects, from the construction of infrastructure for transportation, housing projects, and luxury buildings, to the construction of natural sites. They design plans that seek to optimise materials and integrate specifications and resource allocation within the time constraints.",422,42.2 Construction of utility projects,42,42 Civil engineering,F,F CONSTRUCTION,"""civil engineer"", ""owners engineer""","""Rehabilitate existing power plants, construct new power plants, and support rural electrification program activities described by the Government of Burundi."", ""Provide civil engineering support to the implementation-support team for project construction and related works."", ""Provide senior civil engineering expertise for design, construction and supervision of the power plant complex and associated civil works."", ""Conduct a detailed assessment and design modifications, such as river diversion arrangements, in close coordination with stakeholders to ensure smooth project implementation."", ""Design and oversee construction of the run-of-river hydropower facility components and associated transmission facilities connecting the plant to national grids."", ""Serve as a senior project engineer within the Rusumo Project Implementation Unit supporting construction and technical oversight.""","""hydropower civil works"", ""site supervision"", ""contract administration"", ""quality assurance"", ""health and safety management"", ""civil engineering design"", ""site supervision"", ""construction oversight"", ""geotechnical assessment"", ""structural design and analysis"", ""site supervision"", ""earthworks and concrete technology"", ""construction quality control"", ""hydraulic modelling"", ""design review and modification"", ""dam safety assessment"", ""geotechnical interpretation"", ""stakeholder coordination"", ""hydropower civil design"", ""tunnel and dam engineering"", ""earthworks and excavation management"", ""geotechnical assessment"", ""construction supervision"", ""civil works design review"", ""construction supervision"", ""contractor interface management"", ""site quality assurance""","I. STRATEGIC CONTEXT: ""Toward this objective, the CAS calls for the rehabilitation f existing power plants, the construction of new plants, the development of a rural electrification program to address the country's severe energy shortfall, and Burundi's participation i the EAPP."", Annex 8: Implementation Support Team: ""This team will receive support from an institutional specialist in the electricity sector, an electromechanical engineer, a civil engineer, a resettlement specialist, a hydropower specialist, a legal advisor, a water resources specialist, a communications specialist, and a monitoring and evaluation (M&amp;E) specialist."", III. PROJECT DESCRIPTION: ""This component will also finance staff costs to support the set-up operations of the Rusumo Power Company Limited  (RPCL) and NELSAP Rusumo Project Implementation  Unit (RPIU)  including a  project manager, senior  engineers  (civil, electrical and mechanical), a  quantity surveyor, a  safeguards  team, a procurement specialist, a  financial management  specialist, accounts and  logistics assistant, a communications  specialist and other  technical staff."", Annex 2: Detailed Project Description: ""The Rusumo PIU and Owner's Engineer will conduct a detailed assessment and design modifications, such as river diversion arrangements, as required, in close coordination with GoT, GoR and JICA to ensure smooth implementation of the Rusumo Falls hydropower project."", Annex 2: Detailed Project Description: ""The project will construct : (i) a run-of-river hydropower facility with envisaged installed capacity of 80 MW consisting of the power station and hydraulic infrastructure (power generation facilities, intake, headrace tunnel, surge shaft/chamber, powerhouse and tailrace channel) and (ii) transmission facilities connecting the hydroelectric power plant of Rusumo Falls to the national grids of Rwanda and Burundi, and supply electricity to the western provinces of Tanzania, which are currently not connected to the country's national grid."", Annex 3: Implementation Arrangements: ""The Unit's oversight capability will be reinforced with a Project Manager as head of the Unit, senior project engineers (civil, electrical and mechanical), a quantity surveyor, environment and social specialists, a procurement specialist, a financial-management specialist, an accounts-and-logistics assistant, a communications specialist and other technical staff."""
e12f08fb-4748-4388-9489-b647df60332a,hydropower engineer,"Hydropower engineers research, design and plan the building of facilities that generate electricity from the movement of water. They search optimal locations, conduct trials and try different materials to achieve the best result. Hydropower engineers develop strategies for more efficient energy production and analyse environmental consequences.",422,42.2 Construction of utility projects,42,42 Civil engineering,F,F CONSTRUCTION,"""hydropower engineer"", ""hydropower project developer"", ""hydropower specialist"", ""owners engineer""","""Support design, construction and commissioning of regional hydropower generation facilities to increase reliability and lower electricity cost."", ""Develop hydropower resource potential in the Nile Equatorial Lakes region, including project identification and development activities."", ""Provide technical design and development support for the Rusumo Falls hydropower dam as a jointly developed regional investment."", ""Provide hydropower technical support to the implementation-support team."", ""Provide technical support and oversight to the Rusumo Project Implementation Unit during project implementation.""","""hydraulic and turbine design"", ""power plant commissioning"", ""civil-hydraulic analysis"", ""mechanical systems integration"", ""operations troubleshooting"", ""feasibility assessment"", ""resource and hydrology assessment"", ""project financing structuring"", ""environmental and social appraisal"", ""stakeholder engagement"", ""dam design"", ""hydraulic engineering"", ""structural analysis"", ""construction oversight"", ""environmental mitigation design"", ""hydropower engineering"", ""hydrological analysis"", ""plant design review"", ""operation planning"", ""hydropower engineering"", ""technical oversight"", ""design review"", ""construction supervision"", ""commissioning planning""","I. STRATEGIC CONTEXT: ""Investments in power generation facilities using regional hydropower resources will increase the reliability and lower the cost of electricity."", Annex 6: Power Supply Options for the Nile Equatorial Lakes Region (NEL): ""The countries in the NEL Region also will need to develop hydropower resource potential."", Annex 6: Power Supply Options for the Nile Equatorial Lakes Region (NEL): ""The development of the Rusumo Falls hydropower dam has been of great interest to the NBI countries because it is a flagship regional investment -the first o be jointly developed by the direct beneficiary countries but with the support of the other riparian countries in the Nile Basin."", Annex 8: Implementation Support Team: ""This team will receive support from an institutional specialist in the electricity sector, an electromechanical engineer, a civil engineer, a resettlement specialist, a hydropower specialist, a legal advisor, a water resources specialist, a communications specialist, and a monitoring and evaluation (M&amp;E) specialist."", V. KEY RISKS AND MITIGATION MEASURES: ""The RPIU will be supported by the Owner's Engineer and will be responsible for: (i) overall project management and supervision of the procurement, design, construction and preparation for operation and maintenance of the power plant complex and transmission lines; and (ii) coordination of the implementation of the Environmental and Social Management Plan (ESMP) and the Resettlement Action Plan (RAP)."""
eda0d957-3c3c-4139-b89a-a18bc9e18897,accountant,"Accountants review and analyse financial statements, budgets, financial reports, and business plans in order to check for irregularities resulting from error or fraud, and provide their clients with financial advice in matters such as financial forecasting and risk analysis. They may audit financial data, resolve insolvency cases, prepare tax returns and provide other tax-related advice in reference to current legislation.",692,"69.2 Accounting, bookkeeping and auditing activities; tax consultancy",69,69 Legal and accounting activities,N,"N PROFESSIONAL, SCIENTIFIC AND TECHNICAL ACTIVITIES","""accountant""","""Prepare and maintain project financial records and assist in producing interim and annual financial statements in accordance with applicable standards.""","""financial statement preparation"", ""ledger reconciliation"", ""IFRS application"", ""supporting documentation management""","Annex 3: Implementation Arrangements: ""These services will include: the Owner's Engineer, a consultant to conduct an exit survey of Project Affected Persons (PAPs), an nongovernmental organization (NGO) to the compensation process for the PAPs, the Project Manager, the Lead Environmental and Social Specialist, two social development and resettlement officer, the Environmental Management Officer, the Communication Officer, the Finance Officer, the Procurement Specialist, the Procurement Officer, the Civil Engineer, the Electrical Engineer, the Mechanical Engineer and the Accountant."""
f1b89616-5dfe-40d4-8b02-58a6982b1a01,substation engineer,"Substation engineers design medium and high voltage substations used for the transmission, distribution, and generation of electrical energy. They develop methods for the efficient operation of the energy process, and ensure compliance to safety and environmental standards.",422,42.2 Construction of utility projects,42,42 Civil engineering,F,F CONSTRUCTION,"""electrical engineer"", ""transmission engineer""","""Design, construct and oversee power system interconnections and the transmission backbone linking beneficiary countries."", ""Implement transmission line and substation works linking the power station to the Rusumo Falls substation."", ""Design and commission the outdoor substation and associated high-voltage connections to relay power from the power station to the national grids.""","""high-voltage transmission design"", ""line routing and surveying"", ""construction supervision"", ""grid connection testing"", ""right-of-way management"", ""transmission line design"", ""tower erection supervision"", ""grid interconnection studies"", ""right-of-way coordination"", ""safety compliance"", ""substation design"", ""power system protection"", ""high-voltage transmission design"", ""commissioning and testing"", ""electrical safety""","I. STRATEGIC CONTEXT: ""The Project will also build important power system interconnections, which will help form the transmission backbone linking Burundi, Rwanda, and Tanzania."", Annex 5: Economic and Financial Analysis Implementation Arrangements: ""The substation costs are embedded within the costs of the mechanical and electrical works for the power plant, which also include the transmission line leading from the power station to the Rusumo Falls substation."", Annex 2: Detailed Project Description: ""A 220-KV outdoor substation will provide the means by which the power station will relay its power to the national grids of the beneficiary countries."""
f33a70bd-c5b6-495d-8e0c-5e2c6e56d93e,power plant control room operator,"Power plant control room operators are responsible for the safe and proper operation of power plants, switchyards and associated control structures. They repair and maintain the involved machinery and equipment to ensure the plant's efficient operation and to tackle emergency situations such as blackouts.",351,"35.1 Electric power generation, transmission and distribution",35,"35 Electricity, gas, steam and air conditioning supply",D,"D ELECTRICITY, GAS, STEAM AND AIR CONDITIONING SUPPLY","""power plant operator""","""Operate and maintain the power plant complex after construction, either directly by the owner or delegated to a competent private entity.""","""power plant operation"", ""equipment maintenance"", ""safety and compliance"", ""troubleshooting"", ""preventive maintenance""","IV. IMPLEMENTATION: ""Following the power plant construction period, the RPCL will be responsible for the operations and maintenance of the power plant complex (delegating to a competent private entity)."""
fb7e2f4f-1545-42f1-972e-94082e49c6dc,building construction worker,Building construction workers prepare and maintain building construction activities on construction sites. They perform preparation and clean-up work in order to assist specialised construction workers.,410,41.0 Construction of residential and non-residential buildings,41,41 Construction of residential and non-residential buildings,F,F CONSTRUCTION,"""construction worker""","""Carry out on-site construction activities during the project's construction phase."", ""Provide labor and execute works during the construction phase of the project.""","""civil construction work"", ""site safety practices"", ""concrete formwork and finishing"", ""earthworks and excavation"", ""construction site safety"", ""heavy equipment operation"", ""earthworks and concrete works"", ""reading engineering drawings"", ""work at heights safety""","Annex 5: Economic and Financial Analysis Implementation Arrangements: ""The Project will directly benefit the population in the project area by providing employment opportunities, both during the construction phase and during long-term plant operations."", II. PROJECT DEVELOPMENT OBJECTIVES: ""The project will directly benefit the population in the project area by providing employment opportunities both during the construction phase and during plant operations over the long term."""
fcf9024e-277c-43c7-8ec8-8903e5c9c576,water engineer,"Water engineers research and develop methods for the provision of clean water, water treatment and flood damage prevention and reaction. They research water needs in a location and develop methods for meeting those needs, such as designing and developing projects for managing water resources such as treatment plants, pipelines, pump systems, irrigation or draining systems and other water supply systems. Water engineers also ensure proper installation of these systems on construction sites. Water engineers also maintain, repair and build structures that control water resources, such as bridges, canals and dams.",422,42.2 Construction of utility projects,42,42 Civil engineering,F,F CONSTRUCTION,"""dam safety engineer"", ""water resources engineer"", ""water resources manager"", ""water resources specialist""","""Provide water resources expertise to the support team for project water management issues."", ""Ensure coordinated post-construction water resources management for the Kagera River Basin, including compliance with water use rights, maintaining water levels and quality, and periodic reporting on water use."", ""Perform dam-safety inspection, monitoring and technical analyses to ensure effective management of the water resources and structural safety during operations."", ""Serve on the water resources technical committee to ensure compliance with agreed operating regimes for the river and hydropower operations.""","""hydrology analysis"", ""water resource management"", ""flow modeling"", ""environmental water assessment"", ""hydrological analysis"", ""water use rights compliance"", ""water quality monitoring"", ""intergovernmental coordination"", ""technical reporting"", ""dam safety analysis"", ""instrumentation monitoring"", ""structural inspection"", ""emergency preparedness planning"", ""water resources management"", ""hydrology analysis"", ""operating regime compliance"", ""intergovernmental coordination"", ""water permit compliance""","Annex 8: Implementation Support Team: ""This team will receive support from an institutional specialist in the electricity sector, an electromechanical engineer, a civil engineer, a resettlement specialist, a hydropower specialist, a legal advisor, a water resources specialist, a communications specialist, and a monitoring and evaluation (M&amp;E) specialist."", IV. IMPLEMENTATION: ""To ensure coordinated management of the water use during the post-construction a d operation of the Power Plant Complex, a Water Resources Technical Sub-committee will be established to ensure adequate water resources management of the Kagera River Basin. The Water Resources Technical Sub-committee shall be responsible for: (i) ensuring compliance with the water use rights and related aspects; (ii) providing oversight in maintaining water levels to ensure that the natural life, water quality and quantity and the Kagera River Basin-wide surroundings, are not adversely affected by the Project; and (iii) facilitating governmental and inter-governmental actions that may be required, including consistent periodic and accurate reporting to the Kagera River Basin Management Team of the water use, including the water quality and quantity."", Annex 3: Implementation Arrangements: ""During operations, a competent private entity, which RPCL will select through a competitive and transparent procedure, will be responsible for proper operation and maintenance works, including regular dam-safety inspection and monitoring, and any relevant technical analyses to ensure effective management of the water resources used by the Project, in the context of the RWRMP."", Annex 4: Operational Risk Assessment Framework (ORAF): ""A water resources technical committee will  be established  by  three  countries  to  ensure compliance with agreed operating  regimes."""
fddb7bd8-f176-4dc8-9d12-32b6072452c9,electric meter technician,Electric meter technicians install and maintain electric meter systems in facilities or buildings. They install the equipment in accordance with regulations and repair faults and other problems. They test the equipment and advise on the use and care.,432,"43.2 Electrical, plumbing and other construction installation activities",43,43 Specialised construction activities,F,F CONSTRUCTION,"""metering technician""","""Install and replace prepayment electricity meters financed under the World Bank projects.""","""meter installation"", ""electrical safety practices"", ""meter testing and commissioning"", ""customer metering configuration"", ""site troubleshooting""","Annex 7: Summary of the Power Sectors in Burundi, Rwanda and Tanzania: ""The World Bank is  financing the  acquisition and installation of 15,000 prepayment  meters  under  the  on-going Projet Multisectoriel Eau et Electricit6 Project  (PMIEE)  and another 15,000 prepayment meters  under the  Projet d'Urgence  pour  l'Assistance au  Secteur Energ6tique (PURSE) Project. All new household connections have  prepayment  meters. The credit meters  at  existing household  and  public institution are gradually being  replaced  with prepayment meters."""
